label,radius_m,realizaciones,alcanzaron,mean_t90_seconds,std_t90_seconds,sem_t90_seconds
vacia,0.0,20,20,22.915270355,2.3816337219188664,0.5325494899716415
disco_r05,0.05,20,20,21.231179485000002,2.2295469601527094,0.4985418561929473
disco_r08,0.08,20,20,21.034399845,2.60096384243148,0.581593195869584
disco_r11,0.11,20,20,21.15167313,1.812008310182154,0.40517737573618207
disco_r14,0.14,20,20,20.418050685,2.730572463763152,0.6105745646463488
disco_r17,0.17,20,20,19.078583079999998,2.519955503868501,0.5634791806924703
disco_r20,0.2,20,20,19.77567544,2.0875213231622807,0.46678395830711655
disco_r23,0.23,20,20,18.70668831,2.0750487410675915,0.4639950041652494
disco_r26,0.26,20,20,17.95269461,2.122023751634349,0.4744989358523535
disco_r29,0.29,20,20,17.304468585000002,1.968312734135727,0.4401281074505956
disco_r32,0.32,20,20,15.7156621,1.7764007234844026,0.3972152772990931
disco_r34,0.34,20,20,15.325918920000001,2.1118206619172852,0.4722174556335651
