label,cuello,profundidad_m,semiancho_m,exponente,retroceso_m,rho_m,obstaculos,rellenos,area_centros_m2,fraccion_atrapada,realizaciones,alcanzaron,mean_t90_seconds,std_t90_seconds,sem_t90_seconds,mean_goals_at_end,errores
super_P170_B268_p472_s113_rho175,superelipse,0.17,0.268,4.72,0.113,0.0175,79,29,0.167709,0.0,24,24,16.4803981125,2.089664772470405,0.42655103550180007,100.0,0
super_P200_B268_p472_s113_rho175,superelipse,0.2,0.268,4.72,0.113,0.0175,78,26,0.198399,0.0,24,24,14.236249875,1.4636924309502064,0.2987749663501588,100.0,0
super_P230_B268_p472_s113_rho175,superelipse,0.23,0.268,4.72,0.113,0.0175,80,25,0.229012,0.0,24,24,13.851458883333335,1.7685651205400479,0.3610068435172452,100.0,0
super_P250_B268_p472_s113_rho175,superelipse,0.25,0.268,4.72,0.113,0.0175,82,25,0.24937299999999998,0.0,24,24,13.898289304166667,1.7731913225687155,0.36195116305201724,100.0,0
super_P277_B268_p472_s113_rho175,superelipse,0.277,0.268,4.72,0.113,0.0175,87,27,0.276819,0.0,24,24,13.741647683333333,1.7757400896128417,0.3624714279462948,100.0,0
super_P300_B268_p472_s113_rho175,superelipse,0.3,0.268,4.72,0.113,0.0175,88,27,0.300581,0.0,24,24,13.818797137499999,1.2644068703758964,0.2580959716408615,100.0,0
super_P330_B268_p472_s113_rho175,superelipse,0.33,0.268,4.72,0.113,0.0175,92,25,0.330579,0.0,24,24,14.157582249999999,1.657005354368532,0.33823480160521036,100.0,0
super_P360_B268_p472_s113_rho175,superelipse,0.36,0.268,4.72,0.113,0.0175,95,25,0.36112099999999997,0.0,24,24,14.5170187375,1.5480402278370775,0.31599238829188797,100.0,0
super_P400_B268_p472_s113_rho175,superelipse,0.4,0.268,4.72,0.113,0.0175,99,26,0.402097,0.0,24,24,14.865581954166666,1.6561146772600475,0.3380529929017633,100.0,0
