label,radius_m,seed,reached,t90_seconds,goals_at_end
vacia,0.0,12000,1,23.597051,99
vacia,0.0,12001,1,20.8976109,100
vacia,0.0,12002,1,21.1972076,100
vacia,0.0,12003,1,25.8416527,100
vacia,0.0,12004,1,24.4602013,100
vacia,0.0,12005,1,20.2826095,100
vacia,0.0,12006,1,21.270775,100
vacia,0.0,12007,1,19.3741156,100
vacia,0.0,12008,1,24.4724641,100
vacia,0.0,12009,1,21.7269692,100
vacia,0.0,12010,1,22.4550699,100
vacia,0.0,12011,1,20.6219271,100
vacia,0.0,12012,1,21.4525234,100
vacia,0.0,12013,1,24.0785741,100
vacia,0.0,12014,1,27.7891998,100
vacia,0.0,12015,1,27.2853628,100
vacia,0.0,12016,1,20.9440724,100
vacia,0.0,12017,1,22.3058545,100
vacia,0.0,12018,1,22.6571965,100
vacia,0.0,12019,1,25.5949697,100
disco_r05,0.05,12000,1,23.0563097,99
disco_r05,0.05,12001,1,20.417701,98
disco_r05,0.05,12002,1,20.8472213,100
disco_r05,0.05,12003,1,21.103474,100
disco_r05,0.05,12004,1,21.6556761,99
disco_r05,0.05,12005,1,21.8027406,100
disco_r05,0.05,12006,1,18.4492696,100
disco_r05,0.05,12007,1,20.4010689,100
disco_r05,0.05,12008,1,23.0749752,100
disco_r05,0.05,12009,1,21.2948199,100
disco_r05,0.05,12010,1,20.1693482,100
disco_r05,0.05,12011,1,23.4213248,100
disco_r05,0.05,12012,1,22.659637,99
disco_r05,0.05,12013,1,21.5811596,100
disco_r05,0.05,12014,1,21.1731548,100
disco_r05,0.05,12015,1,18.1833738,100
disco_r05,0.05,12016,1,19.5097141,100
disco_r05,0.05,12017,1,21.1878777,100
disco_r05,0.05,12018,1,17.0615709,99
disco_r05,0.05,12019,1,27.5731725,100
disco_r08,0.08,12000,1,21.9069452,100
disco_r08,0.08,12001,1,17.9733999,99
disco_r08,0.08,12002,1,18.6019746,100
disco_r08,0.08,12003,1,21.0084757,100
disco_r08,0.08,12004,1,23.3833471,100
disco_r08,0.08,12005,1,23.8808042,99
disco_r08,0.08,12006,1,20.6780586,100
disco_r08,0.08,12007,1,20.9091395,100
disco_r08,0.08,12008,1,20.0312456,100
disco_r08,0.08,12009,1,16.4290247,99
disco_r08,0.08,12010,1,21.3254731,100
disco_r08,0.08,12011,1,21.8174967,100
disco_r08,0.08,12012,1,24.0682256,99
disco_r08,0.08,12013,1,26.8494781,98
disco_r08,0.08,12014,1,16.6486671,100
disco_r08,0.08,12015,1,20.3596174,100
disco_r08,0.08,12016,1,21.2925154,99
disco_r08,0.08,12017,1,23.5822374,99
disco_r08,0.08,12018,1,18.5077896,100
disco_r08,0.08,12019,1,21.4340814,100
disco_r11,0.11,12000,1,21.5013214,100
disco_r11,0.11,12001,1,20.1242208,100
disco_r11,0.11,12002,1,19.9771053,100
disco_r11,0.11,12003,1,20.0924563,100
disco_r11,0.11,12004,1,19.5836367,100
disco_r11,0.11,12005,1,24.2669949,100
disco_r11,0.11,12006,1,22.0139119,99
disco_r11,0.11,12007,1,22.08781,100
disco_r11,0.11,12008,1,21.1890812,100
disco_r11,0.11,12009,1,24.6737825,100
disco_r11,0.11,12010,1,21.2907203,98
disco_r11,0.11,12011,1,20.0431177,99
disco_r11,0.11,12012,1,19.7604048,100
disco_r11,0.11,12013,1,19.9668941,100
disco_r11,0.11,12014,1,17.5723969,99
disco_r11,0.11,12015,1,23.8875715,99
disco_r11,0.11,12016,1,22.2687623,100
disco_r11,0.11,12017,1,19.0636795,100
disco_r11,0.11,12018,1,21.096767,100
disco_r11,0.11,12019,1,22.5728275,99
disco_r14,0.14,12000,1,25.5244801,100
disco_r14,0.14,12001,1,20.6371549,100
disco_r14,0.14,12002,1,23.3493286,100
disco_r14,0.14,12003,1,16.7484096,100
disco_r14,0.14,12004,1,18.2776991,100
disco_r14,0.14,12005,1,18.2595362,100
disco_r14,0.14,12006,1,17.8792564,100
disco_r14,0.14,12007,1,18.7176792,100
disco_r14,0.14,12008,1,21.773824,100
disco_r14,0.14,12009,1,20.4419481,99
disco_r14,0.14,12010,1,19.9061265,100
disco_r14,0.14,12011,1,15.4039811,100
disco_r14,0.14,12012,1,22.5995742,100
disco_r14,0.14,12013,1,21.2229344,100
disco_r14,0.14,12014,1,21.5412728,100
disco_r14,0.14,12015,1,24.688825,100
disco_r14,0.14,12016,1,21.7310397,99
disco_r14,0.14,12017,1,18.8859433,100
disco_r14,0.14,12018,1,17.3296825,100
disco_r14,0.14,12019,1,23.442318,100
disco_r17,0.17,12000,1,21.9990345,100
disco_r17,0.17,12001,1,18.0271156,100
disco_r17,0.17,12002,1,17.5761131,100
disco_r17,0.17,12003,1,17.6140095,100
disco_r17,0.17,12004,1,18.1607262,100
disco_r17,0.17,12005,1,14.8510117,100
disco_r17,0.17,12006,1,22.8202499,100
disco_r17,0.17,12007,1,14.9002393,99
disco_r17,0.17,12008,1,17.2512992,100
disco_r17,0.17,12009,1,21.3553242,100
disco_r17,0.17,12010,1,20.7575422,99
disco_r17,0.17,12011,1,18.6749773,100
disco_r17,0.17,12012,1,21.1599581,100
disco_r17,0.17,12013,1,24.4759737,100
disco_r17,0.17,12014,1,18.3377067,100
disco_r17,0.17,12015,1,16.2384911,100
disco_r17,0.17,12016,1,19.6020359,100
disco_r17,0.17,12017,1,20.3055954,100
disco_r17,0.17,12018,1,18.0840665,100
disco_r17,0.17,12019,1,19.3801915,100
disco_r20,0.2,12000,1,21.9823793,100
disco_r20,0.2,12001,1,20.6119281,100
disco_r20,0.2,12002,1,18.997461,100
disco_r20,0.2,12003,1,20.0717866,100
disco_r20,0.2,12004,1,23.0499781,100
disco_r20,0.2,12005,1,20.4875555,100
disco_r20,0.2,12006,1,19.3643338,100
disco_r20,0.2,12007,1,18.8151799,100
disco_r20,0.2,12008,1,21.877168,100
disco_r20,0.2,12009,1,21.4850854,100
disco_r20,0.2,12010,1,15.5565738,100
disco_r20,0.2,12011,1,20.4556273,100
disco_r20,0.2,12012,1,14.3875531,100
disco_r20,0.2,12013,1,19.8816661,100
disco_r20,0.2,12014,1,20.6720072,100
disco_r20,0.2,12015,1,21.059387,100
disco_r20,0.2,12016,1,20.4261787,100
disco_r20,0.2,12017,1,18.3323496,100
disco_r20,0.2,12018,1,17.6941423,100
disco_r20,0.2,12019,1,20.305168,100
disco_r23,0.23,12000,1,19.6803541,100
disco_r23,0.23,12001,1,18.9538254,100
disco_r23,0.23,12002,1,22.6381282,100
disco_r23,0.23,12003,1,16.5884531,100
disco_r23,0.23,12004,1,17.2698318,100
disco_r23,0.23,12005,1,21.1066448,100
disco_r23,0.23,12006,1,17.6575805,100
disco_r23,0.23,12007,1,19.4222368,100
disco_r23,0.23,12008,1,18.7903575,100
disco_r23,0.23,12009,1,17.4703494,100
disco_r23,0.23,12010,1,17.6979923,100
disco_r23,0.23,12011,1,17.1509698,100
disco_r23,0.23,12012,1,18.5264771,100
disco_r23,0.23,12013,1,21.5255507,100
disco_r23,0.23,12014,1,22.30544,100
disco_r23,0.23,12015,1,16.2702118,100
disco_r23,0.23,12016,1,20.8329005,99
disco_r23,0.23,12017,1,16.0943696,100
disco_r23,0.23,12018,1,15.8678735,100
disco_r23,0.23,12019,1,18.2842193,100
disco_r26,0.26,12000,1,17.2357284,100
disco_r26,0.26,12001,1,15.2538352,99
disco_r26,0.26,12002,1,18.9529132,100
disco_r26,0.26,12003,1,15.5286682,100
disco_r26,0.26,12004,1,18.8513827,100
disco_r26,0.26,12005,1,23.4702838,100
disco_r26,0.26,12006,1,18.4125145,99
disco_r26,0.26,12007,1,16.7775836,100
disco_r26,0.26,12008,1,16.1279046,100
disco_r26,0.26,12009,1,16.6783818,100
disco_r26,0.26,12010,1,18.017367,100
disco_r26,0.26,12011,1,19.5323234,100
disco_r26,0.26,12012,1,20.6697958,100
disco_r26,0.26,12013,1,20.5785827,100
disco_r26,0.26,12014,1,16.8892535,100
disco_r26,0.26,12015,1,15.4074863,100
disco_r26,0.26,12016,1,19.2297083,100
disco_r26,0.26,12017,1,16.1631903,100
disco_r26,0.26,12018,1,16.2842156,100
disco_r26,0.26,12019,1,18.9927733,100
disco_r29,0.29,12000,1,17.5782156,100
disco_r29,0.29,12001,1,17.8040392,100
disco_r29,0.29,12002,1,19.4178183,100
disco_r29,0.29,12003,1,16.9176326,100
disco_r29,0.29,12004,1,13.9675927,99
disco_r29,0.29,12005,1,14.7496518,100
disco_r29,0.29,12006,1,16.1884991,100
disco_r29,0.29,12007,1,18.0883941,100
disco_r29,0.29,12008,1,19.465336,100
disco_r29,0.29,12009,1,16.2633401,100
disco_r29,0.29,12010,1,19.400551,100
disco_r29,0.29,12011,1,14.1553397,100
disco_r29,0.29,12012,1,15.3502496,100
disco_r29,0.29,12013,1,19.6922401,100
disco_r29,0.29,12014,1,19.3703787,100
disco_r29,0.29,12015,1,15.3784074,100
disco_r29,0.29,12016,1,17.7725978,100
disco_r29,0.29,12017,1,15.8733926,100
disco_r29,0.29,12018,1,18.5757005,100
disco_r29,0.29,12019,1,20.0799948,100
disco_r32,0.32,12000,1,14.6654407,100
disco_r32,0.32,12001,1,12.7142171,100
disco_r32,0.32,12002,1,14.0915015,100
disco_r32,0.32,12003,1,18.7849276,100
disco_r32,0.32,12004,1,17.4558753,100
disco_r32,0.32,12005,1,14.5165258,100
disco_r32,0.32,12006,1,15.2966024,100
disco_r32,0.32,12007,1,16.2235933,100
disco_r32,0.32,12008,1,16.9225013,100
disco_r32,0.32,12009,1,14.9923623,100
disco_r32,0.32,12010,1,17.1255988,100
disco_r32,0.32,12011,1,15.8848532,100
disco_r32,0.32,12012,1,15.8756376,100
disco_r32,0.32,12013,1,15.5541629,100
disco_r32,0.32,12014,1,16.6425331,100
disco_r32,0.32,12015,1,18.2170571,100
disco_r32,0.32,12016,1,14.0253596,100
disco_r32,0.32,12017,1,11.9895984,100
disco_r32,0.32,12018,1,15.4084361,99
disco_r32,0.32,12019,1,17.9264579,99
disco_r34,0.34,12000,1,14.0857891,100
disco_r34,0.34,12001,1,15.1871627,100
disco_r34,0.34,12002,1,14.9386601,100
disco_r34,0.34,12003,1,12.4480625,100
disco_r34,0.34,12004,1,14.463872,100
disco_r34,0.34,12005,1,14.2136181,100
disco_r34,0.34,12006,1,19.4229484,100
disco_r34,0.34,12007,1,15.9851055,100
disco_r34,0.34,12008,1,13.1741413,100
disco_r34,0.34,12009,1,15.4030228,100
disco_r34,0.34,12010,1,18.7735662,100
disco_r34,0.34,12011,1,15.7744438,100
disco_r34,0.34,12012,1,12.727907,100
disco_r34,0.34,12013,1,15.9631999,100
disco_r34,0.34,12014,1,16.7337108,100
disco_r34,0.34,12015,1,11.1959782,100
disco_r34,0.34,12016,1,18.0456489,100
disco_r34,0.34,12017,1,14.8566335,100
disco_r34,0.34,12018,1,15.5741701,100
disco_r34,0.34,12019,1,17.5507375,100
