label,mean_D_m2_s,std_D_m2_s,sem_D_m2_s,pooled_D_m2_s,pooled_fit_error_m2_s,familia,mean_t90_seconds,sem_t90_seconds,realizaciones_t90,fuente_t90
abierto_b125_rho175,0.004654816171417928,0.0005993777904344364,0.00018953989966919026,0.00465464303309239,7.356202567573824e-05,elipse_focos_fijos,44.0539407125,1.2314971945316961,16,barrido
abierto_b150_rho175,0.0066837022373309575,0.0007964534217098259,0.00025186068628376475,0.0066836763375031985,8.40720988023817e-05,elipse_focos_fijos,31.87201931875,0.9438821542746356,16,separacion_barrido
abierto_b175_rho175,0.008721893141121182,0.0006336249675590533,0.00020036980798369082,0.008722019294462159,0.00015396280965358577,elipse_focos_fijos,24.9594987,0.7381364250854471,16,barrido
abierto_b200_rho175,0.010685831513014105,0.0009097210663916413,0.0002876790605234842,0.01068570667941194,0.00016608971363333555,elipse_focos_fijos,22.540158325,0.673345864314691,16,separacion_barrido
abierto_b225_rho175,0.012042790510543909,0.001051920897879584,0.0003326465955628872,0.012042945467717722,0.0001751906801242327,elipse_focos_fijos,22.10670205,0.7333021682754594,16,barrido
abierto_b250_rho175,0.013533069893471075,0.001248917241380534,0.0003949423091816782,0.013532898210929888,0.00023266422471363474,elipse_focos_fijos,21.9954305875,0.4708374994982852,24,refinamiento
abierto_b275_rho175,0.01620706310400723,0.0022141095696260153,0.0007001629229193372,0.016208019340287767,0.0002792722359477811,elipse_focos_fijos,20.307675470833335,0.3682417734665791,24,refinamiento
abierto_b300_rho175,0.018238181198795438,0.0009450535027446346,0.0002988521579393234,0.018238630155349305,0.0002753957993620159,elipse_focos_fijos,20.6392804625,0.32020456306625206,24,refinamiento
abierto_b325_rho175,0.01996578299036267,0.0017237691639861385,0.0005451036718560489,0.019964392440817,0.00023817226413053543,elipse_focos_fijos,21.45038516875,0.5359695329661038,16,barrido
abierto_b350_rho175,0.020724044922643042,0.001500288677316143,0.00047443293680804054,0.020723922134865375,0.00025077692406531556,elipse_focos_fijos,21.70232143125,0.5945334799248814,16,separacion_barrido
cerrado_b125_rho175,0.004330157127408887,0.0005100627092174231,0.00016129599106432172,0.004330094473101638,9.103380928979563e-05,elipse_focos_fijos,44.8030933125,1.2555343381471802,16,barrido
cerrado_b150_rho175,0.005758872539118888,0.0005516648250281275,0.00017445173520871455,0.005758888770903782,9.9430418262635e-05,elipse_focos_fijos,30.1078665,1.0324049847151509,16,separacion_barrido
cerrado_b175_rho175,0.0071143225588495675,0.0010298460528160253,0.0003256659166232701,0.007113991418978495,0.00013873991363362427,elipse_focos_fijos,26.02591475625,0.7061351038708868,16,barrido
cerrado_b200_rho175,0.008803475764311628,0.0009852875322173742,0.00031157527519734345,0.008803700847158218,0.0001856927818453515,elipse_focos_fijos,21.939624575,0.6499221923940717,16,separacion_barrido
cerrado_b225_rho175,0.009703175163090813,0.0007090578639030776,0.00022422378427874133,0.009703536343367156,0.00027102443797736827,elipse_focos_fijos,21.467419141666667,0.5371687109455587,24,refinamiento
cerrado_b250_rho175,0.011264244954041634,0.0010632139623055505,0.00033621777609779474,0.011263941368301396,0.00025391709877258586,elipse_focos_fijos,20.000587229166666,0.44270398828731244,24,refinamiento
cerrado_b275_rho175,0.012885621742710112,0.0010167364854774348,0.00032152030743034035,0.012884975327612801,0.00029911449947155907,elipse_focos_fijos,19.522804687500003,0.36841668478898093,24,refinamiento
cerrado_b300_rho175,0.014629008874592078,0.001167471124528181,0.00036918678559871225,0.01462905278160942,0.00029978450738599616,elipse_focos_fijos,21.193731225,0.5611516649686868,16,separacion_barrido
cerrado_b325_rho175,0.015705605300347994,0.0016267542077511303,0.000514424848975631,0.01570528737349842,0.0003401994361252641,elipse_focos_fijos,21.14100939375,0.35644452780725183,16,barrido
cerrado_b350_rho175,0.0166963710997216,0.000802598061958403,0.00025380379214254945,0.016696069636930603,0.0004290087885105872,elipse_focos_fijos,20.87458283125,0.771805023030789,16,separacion_barrido
cerrado_b375_rho175,0.016953886831500627,0.0015636748334909368,0.00049447739937159,0.016952691867356085,0.00033449643650473437,elipse_focos_fijos,21.4008815625,0.6350221156877005,16,barrido
cerrado_b400_rho175,0.016953886831500627,0.0015636748334909368,0.00049447739937159,0.016952691867356085,0.00033449643650473437,elipse_focos_fijos,21.4008815625,0.6350221156877005,16,separacion_barrido
cerrado_b425_rho175,0.016953886831500627,0.0015636748334909368,0.00049447739937159,0.016952691867356085,0.00033449643650473437,elipse_focos_fijos,21.4008815625,0.6350221156877005,16,barrido
cerrado_b450_rho175,0.016953886831500627,0.0015636748334909368,0.00049447739937159,0.016952691867356085,0.00033449643650473437,elipse_focos_fijos,21.4008815625,0.6350221156877005,16,separacion_barrido
cerrado_b475_rho175,0.016953886831500627,0.0015636748334909368,0.00049447739937159,0.016952691867356085,0.00033449643650473437,elipse_focos_fijos,21.4008815625,0.6350221156877005,16,barrido
cerrado_b500_rho175,0.016953886831500627,0.0015636748334909368,0.00049447739937159,0.016952691867356085,0.00033449643650473437,elipse_focos_fijos,21.4008815625,0.6350221156877005,16,barrido
abierto_b150_rho175_d050,0.005991692567761258,0.0004810477193124608,0.00015212064562567437,0.0059917454945756544,0.00011419533041032173,elipse_separada,25.1273476375,0.7899552198707643,16,separacion_barrido
abierto_b200_rho175_d050,0.009289107736005702,0.000758903395671048,0.00023998632543564794,0.009288978372163576,0.00015680164690779294,elipse_separada,20.07871140625,0.4670937385960217,16,separacion_barrido
cerrado_b200_rho175_d050,0.008588800012627554,0.0007669469968393708,0.0002425299354638371,0.008588772257193216,0.0001498782308236785,elipse_separada,20.0351296125,0.8192477887533902,16,separacion_barrido
abierto_b250_rho175_d050,0.013291593183817004,0.0010017524394657917,0.000316781936034185,0.01329231740434226,0.00019433703504497391,elipse_separada,19.02245615,0.5421114630516283,16,separacion_barrido
cerrado_b250_rho175_d050,0.01069806541479929,0.00092294540384881,0.00029186096321461746,0.010697804494019402,0.00024767443309370963,elipse_separada,18.6083434,0.5249202633314777,16,separacion_barrido
abierto_b300_rho175_d050,0.01844866234905073,0.0016112336539876788,0.0005095168189316704,0.01844887482436602,0.00018411402346774476,elipse_separada,20.7159700625,0.5066923152486731,16,separacion_barrido
cerrado_b300_rho175_d050,0.014175443461168313,0.0015951982461136676,0.0005044459777225031,0.014176361793231373,0.00031158840423943697,elipse_separada,19.5823412,0.5345932169314813,16,separacion_barrido
abierto_b350_rho175_d050,0.02009837602383331,0.0009186865045759447,0.00029051418101186854,0.02009832946630683,0.0002883444640540919,elipse_separada,22.214082618750002,0.6842178613376672,16,separacion_barrido
cerrado_b350_rho175_d050,0.016190341247902452,0.0012267900958368003,0.00038794509137805383,0.016190556855111764,0.0003664860876045086,elipse_separada,20.6017507125,0.7196317240659516,16,separacion_barrido
cerrado_b400_rho175_d050,0.016953886831500627,0.0015636748334909368,0.00049447739937159,0.016952691867356085,0.00033449643650473437,elipse_separada,21.4008815625,0.6350221156877005,16,separacion_barrido
cerrado_b450_rho175_d050,0.016953886831500627,0.0015636748334909368,0.00049447739937159,0.016952691867356085,0.00033449643650473437,elipse_separada,21.4008815625,0.6350221156877005,16,separacion_barrido
abierto_b150_rho175_d100,0.005317977783536295,0.0007023276810819106,0.00022209551360031878,0.005318016872114757,7.953951019641688e-05,elipse_separada,22.50947109375,0.7358818178824916,16,separacion_barrido
abierto_b200_rho175_d100,0.008000265208298721,0.000728162550672349,0.00023026521669623944,0.008000015693593179,0.00011524362072980758,elipse_separada,17.81681364375,0.5335682743179647,16,separacion_barrido
abierto_b250_rho175_d100,0.013026610970230659,0.0014312614050256368,0.00045260459669737777,0.013026721535633294,0.0002512284908708428,elipse_separada,18.74392333125,0.3757690773599853,16,separacion_barrido
abierto_b300_rho175_d100,0.01800271740639201,0.0019351392147214722,0.0006119447508029491,0.018003137822887594,0.0002561958002677566,elipse_separada,19.6700144375,0.5976542436070865,16,separacion_barrido
cerrado_b300_rho175_d100,0.013343147069927975,0.0012759679401795913,0.00040349649123209844,0.013342246065740837,0.00028052221011498,elipse_separada,19.380495687499998,0.43269489661977956,16,separacion_barrido
abierto_b350_rho175_d100,0.020464165912515063,0.0015854787165882412,0.0005013723926139428,0.020463966061194053,0.0002540955739518455,elipse_separada,20.23816214375,0.5150630631818521,16,separacion_barrido
cerrado_b350_rho175_d100,0.015837928588660392,0.0011799245837284312,0.00037312491518078924,0.015838377614931176,0.0002951286458575632,elipse_separada,21.5435731375,0.8191292969615229,16,separacion_barrido
abierto_b400_rho175_d100,0.020813247562332136,0.0018311719634492478,0.0005790674191942224,0.020814064782116865,0.00025032320464772275,elipse_separada,21.07790294375,0.5187811899122218,16,separacion_barrido
cerrado_b400_rho175_d100,0.016751827978857974,0.0017863221746106,0.0005648846706634499,0.016753119873538693,0.0003293154069367916,elipse_separada,21.5575496,0.9072779278165533,16,separacion_barrido
cerrado_b450_rho175_d100,0.016953886831500627,0.0015636748334909368,0.00049447739937159,0.016952691867356085,0.00033449643650473437,elipse_separada,21.4008815625,0.6350221156877005,16,separacion_barrido
abierto_b150_rho175_d150,0.004795439399534891,0.00045208979829084323,0.00014296334695251622,0.004795479408763152,9.568430727446838e-05,elipse_separada,20.66847376875,0.7682918485217934,16,separacion_barrido
abierto_b200_rho175_d150,0.007440025688126123,0.0007333448884566005,0.00023190401579649796,0.00743988047927635,0.0001639054589144563,elipse_separada,17.68161175625,0.32549600961189085,16,separacion_barrido
abierto_b250_rho175_d150,0.0096854957259307,0.0010281257417360497,0.00032512190649359546,0.009685338796560208,0.0002167524732934971,elipse_separada,17.15089013125,0.42997724664067877,16,separacion_barrido
abierto_b300_rho175_d150,0.01524485813050067,0.0012036590458061934,0.0003806304111012513,0.015244976288326936,0.00021664486223555853,elipse_separada,19.9840643375,0.5851210577102309,16,separacion_barrido
abierto_b350_rho175_d150,0.017724808310831695,0.0018892678755118536,0.0005974389596804909,0.01772444423683513,0.00028542557388846465,elipse_separada,21.01583064375,0.69464122646302,16,separacion_barrido
cerrado_b350_rho175_d150,0.014311449895580761,0.0011402385921430833,0.0003605751027195916,0.014311800076999,0.0003385299251251635,elipse_separada,20.12515285,0.6868580095150602,16,separacion_barrido
abierto_b400_rho175_d150,0.019906455734790048,0.002303869541310118,0.0007285475182427357,0.019905364725602663,0.0002713392400217133,elipse_separada,21.34963500625,0.7399141147563636,16,separacion_barrido
cerrado_b400_rho175_d150,0.01664545688697383,0.0012723046738746333,0.0004023380647121568,0.016645112970321573,0.00033207898628295345,elipse_separada,20.8478120875,0.6243171529017703,16,separacion_barrido
abierto_b450_rho175_d150,0.02121967448096399,0.0032067253501188954,0.0010140555936976607,0.021221376021895434,0.00019152099332212674,elipse_separada,21.546026325,0.613268438392437,16,separacion_barrido
cerrado_b450_rho175_d150,0.016953886831500627,0.0015636748334909368,0.00049447739937159,0.016952691867356085,0.00033449643650473437,elipse_separada,21.4008815625,0.6350221156877005,16,separacion_barrido
abierto_b150_rho175_d200,0.0036848971338848784,0.0004491481969354385,0.00014203313092738448,0.003684863616566977,3.711389583325656e-05,elipse_separada,21.4459939125,0.9184851636936655,16,separacion_barrido
abierto_b200_rho175_d200,0.00615779056792047,0.0004572751948544702,0.00014460311332374339,0.006157822849981375,0.00011526366898633449,elipse_separada,15.26292734375,0.5708513563304662,16,separacion_barrido
abierto_b250_rho175_d200,0.00864241704870811,0.000750939218309575,0.00023746783142046746,0.008642595211844484,0.0001515666619104253,elipse_separada,15.30415755625,0.52651473313086,16,separacion_barrido
abierto_b300_rho175_d200,0.01202127453247956,0.0009338384629324449,0.0002953056509537247,0.012020961268675379,0.0002548068736600372,elipse_separada,17.72486726875,0.4893667381007606,16,separacion_barrido
abierto_b350_rho175_d200,0.014383646344569675,0.0008642069028936079,0.00027328621827837603,0.014383367960791385,0.0003311610762473419,elipse_separada,20.3508424375,0.7566842398605772,16,separacion_barrido
abierto_b400_rho175_d200,0.01859339813275034,0.0014275835202413433,0.0004514415474083733,0.01859328919527557,0.00037260994298729934,elipse_separada,19.995697,0.612621446985679,16,separacion_barrido
cerrado_b400_rho175_d200,0.015229145222199808,0.0011709073961991042,0.00037027343011263524,0.015229353151835549,0.0003866254356437021,elipse_separada,20.6527725125,0.8110587760503352,16,separacion_barrido
abierto_b450_rho175_d200,0.02010396833537515,0.001316493985801444,0.00041631195210459335,0.0201043157006124,0.00017249552237423512,elipse_separada,21.2491371375,0.5127311880957751,16,separacion_barrido
cerrado_b450_rho175_d200,0.01636263194829248,0.0009658149554943036,0.00030541750576161536,0.01636234147747671,0.00032525539996038565,elipse_separada,21.89766868125,0.4886857483541956,16,separacion_barrido
abierto_b150_rho175_d250,0.0028894089843147165,0.0004428186888952959,0.00014003156473986456,0.0028894618797793573,4.375821561524978e-05,elipse_separada,22.37533755,0.7087597202908092,16,separacion_barrido
abierto_b200_rho175_d250,0.005522772185382008,0.0005951124118696228,0.00018819106853442316,0.005522639311285518,8.189656018908059e-05,elipse_separada,16.04475498125,0.4779507365948509,16,separacion_barrido
abierto_b250_rho175_d250,0.00725477068042443,0.0005304581881263753,0.0001677456077965432,0.007254784882634932,0.0001472672418094916,elipse_separada,14.67219794375,0.5567907818279564,16,separacion_barrido
abierto_b300_rho175_d250,0.010089072402796665,0.0008185997025247409,0.0002588639551914469,0.010089157454492043,0.0002353966236983231,elipse_separada,15.9418262375,0.46200933340807404,16,separacion_barrido
abierto_b350_rho175_d250,0.012333953548573147,0.001513388596599515,0.00047857549501802214,0.012334435555243602,0.00020695313787552752,elipse_separada,16.678409093750002,0.39925604922413926,16,separacion_barrido
abierto_b400_rho175_d250,0.014269249800699468,0.0014318986499278633,0.00045280611122921447,0.014269472795054272,0.0003470433124853047,elipse_separada,19.469928175,0.6252390180981997,16,separacion_barrido
abierto_b450_rho175_d250,0.018174232456534302,0.002070406248251305,0.0006547199426318129,0.018174009350642947,0.00025545802090642293,elipse_separada,21.09596765625,0.6880930472141348,16,separacion_barrido
abierto_b200_rho175_d300,0.004267042575495743,0.0006101836970114619,0.0001929570273658297,0.0042670036888475755,6.324186998784575e-05,elipse_separada,15.8279579,0.4654968508204368,16,separacion_barrido
abierto_b250_rho175_d300,0.0061165113622129895,0.0006897743245061423,0.0002181257936943508,0.006116353495749769,0.00010865095591045752,elipse_separada,14.635719445833333,0.406092238446095,24,separacion_refinamiento
abierto_b300_rho175_d300,0.008167888734219211,0.0010000159885491205,0.00031623282204000817,0.008167806544844461,0.00013620849510983084,elipse_separada,15.99715035625,0.42688640307149894,16,separacion_barrido
abierto_b350_rho175_d300,0.010431548830455127,0.0012106653878077615,0.00038284601098035714,0.010431896263028782,0.00019839629435196833,elipse_separada,16.32348830625,0.31377689659269403,16,separacion_barrido
abierto_b400_rho175_d300,0.012335454688150707,0.0007868989960155986,0.0002488393115909054,0.012335729702937292,0.0002410020494528791,elipse_separada,18.5910493875,0.6854471667024403,16,separacion_barrido
abierto_b450_rho175_d300,0.014539615713946828,0.00135727863731533,0.00042920919134060477,0.014539591501472708,0.00022003856899907503,elipse_separada,18.651785525,0.6472283409234169,16,separacion_barrido
super_P375_B244_p155_s199_rho175,0.0037870671426561637,0.0004151984918613984,0.00013129729153489028,0.003787080807759179,7.18474042853916e-05,superelipse,15.8000275625,0.5422356218395685,16,super_barrido
super_P301_B314_p405_s078_rho175,0.007867856676616554,0.0005822866130705581,0.00018413519483281347,0.00786804612872603,0.00013576836193655186,superelipse,14.87255304375,0.43980811168531075,16,super_barrido
super_P255_B251_p276_s119_rho175,0.003805284868082489,0.00036606736356784605,0.00011576066459273356,0.003805268151404744,4.2279359461654323e-05,superelipse,14.369237375,0.31405082055745653,16,super_barrido
super_P430_B285_p322_s084_rho175,0.009535781203324836,0.0010702932396710115,0.00033845644016408807,0.009535716153147881,0.00015833593950517603,superelipse,15.8013386375,0.5675746020515016,16,super_barrido
super_P281_B390_p495_s151_rho175,0.00767282299159653,0.0006921558622606569,0.00021887890205814572,0.0076727457525339075,0.00012890158895584655,superelipse,14.941603575,0.5345023485435358,16,super_barrido
super_P389_B345_p352_s077_rho175,0.00998221105304333,0.001178191534628793,0.0003725768769356131,0.00998222390028749,0.00023503759169324082,superelipse,15.62730621875,0.517904420451884,16,super_barrido
super_P410_B334_p263_s104_rho175,0.010256554809403776,0.0007321305790366048,0.0002315200174413595,0.010256426114139657,0.0002035519415510102,superelipse,14.7417032125,0.3813446214619719,16,super_barrido
super_P356_B368_p461_s173_rho175,0.009691680328156352,0.0007528709611284349,0.00023807870213659457,0.009691602559123547,0.00023588441850860313,superelipse,15.38821581875,0.5077769939390577,16,super_barrido
super_P353_B222_p142_s140_rho175,0.0024651285531865253,0.0002700232122935912,8.538883719629272e-05,0.0024651441505198247,3.826305906190519e-05,superelipse,20.85040149375,0.7799349655196063,16,super_barrido
super_P277_B268_p472_s113_rho175,0.005279007264284475,0.0005857081476868998,0.0001852171790808885,0.005279044073034632,8.095093385881154e-05,superelipse,13.612337182700001,0.1651919477126238,100,desempate
super_P384_B365_p206_s195_rho175,0.008561675434765123,0.0008405866924012478,0.0002658168518815295,0.00856141980191,0.00017355716480375627,superelipse,14.9382863125,0.43620424323703233,16,super_barrido
super_P289_B202_p214_s025_rho175,0.0030212580045080725,0.0002879496288905944,9.105766786945019e-05,0.003021275934177509,4.361240809486242e-05,superelipse,16.769450643749998,0.6737397887610244,16,super_barrido
super_P223_B351_p374_s116_rho175,0.005101790263660326,0.00044393028198421364,0.0001403830813390928,0.005101799254618724,9.019752374808566e-05,superelipse,13.66241041875,0.4637269357124546,16,super_barrido
super_P348_B377_p267_s042_rho175,0.008793978406056004,0.0011251445302228656,0.00035580194123844134,0.008793993875535904,0.00016792835241337926,superelipse,16.155970625,0.38844879724621506,16,super_barrido
super_P382_B372_p188_s066_rho175,0.009040410702407495,0.000856654660188912,0.00027089798943945304,0.009040322707397871,0.00022030949323841002,superelipse,15.50900496875,0.569749542762054,16,super_barrido
super_P370_B216_p290_s032_rho175,0.0057445801864800545,0.0007280369881256237,0.00023022551033259313,0.00574452475541327,9.063942750581113e-05,superelipse,15.15609288125,0.5339476485777146,16,super_barrido
super_P363_B240_p253_s012_rho175,0.006467708843231007,0.0006362783127546081,0.00020120886940735264,0.006467651114622879,9.293312038244183e-05,superelipse,14.69802748125,0.47159812460939804,16,super_barrido
super_P421_B238_p479_s181_rho175,0.007911089899374142,0.000639482904043841,0.00020222225015174378,0.00791093482632297,0.00014483226483432825,superelipse,16.5930888875,0.36368607595258406,16,super_barrido
super_P284_B354_p472_s099_rho175,0.007655380972155243,0.0007841218641773917,0.00024796110539377497,0.007655283372166364,0.00014982584396032916,superelipse,14.0030551625,0.5369639681086108,16,super_barrido
super_P436_B327_p146_s072_rho175,0.007372907652052302,0.0006370916435358024,0.00020146606718332243,0.007373052751428195,0.00011314536102056509,superelipse,15.37137993125,0.29818069019380133,16,super_barrido
super_P413_B362_p300_s070_rho175,0.010498190930236495,0.0010143946834069398,0.0003207797645931341,0.010498118833107814,0.0002471064844648539,superelipse,15.9245727125,0.46692268274111187,16,super_barrido
super_P274_B396_p173_s017_rho175,0.006032961921014412,0.00043264141595182755,0.00013681322845280797,0.006032994269321722,9.404774618195695e-05,superelipse,14.1026714625,0.3472999251810074,16,super_barrido
super_P313_B296_p420_s025_rho175,0.007489678245099908,0.000835165494410585,0.00026410251855180723,0.007489929456901168,0.00014276963801917363,superelipse,14.8027062625,0.4255765450020862,16,super_barrido
super_P351_B230_p314_s188_rho175,0.005481656303486515,0.0004763929329344751,0.00015064867292807833,0.0054816963529428974,9.582842586565283e-05,superelipse,14.81947736875,0.4563840802164775,16,super_barrido
super_P427_B384_p232_s138_rho175,0.011270821374612511,0.0010014023134026695,0.00031667121645141954,0.011270347325404205,0.00019478116402236157,superelipse,16.7098230375,0.4709948161804577,16,super_barrido
super_P366_B237_p448_s127_rho175,0.006420139309324062,0.0003252248811306936,0.00010284513761305091,0.006420156122682743,0.00014796218422012257,superelipse,14.367722475,0.2736236666992361,16,super_barrido
super_P333_B298_p131_s156_rho175,0.003043243740722564,0.00039806655937406,0.00012587969879686796,0.0030432480421468977,2.7365410659068508e-05,superelipse,16.44411859375,0.4847436525592133,16,super_barrido
super_P322_B305_p180_s111_rho175,0.005276137399421605,0.0002904791814429029,9.18575826220889e-05,0.005276146526947901,9.13239775709684e-05,superelipse,14.458085412500001,0.49429197756193366,16,super_barrido
super_P324_B233_p237_s038_rho175,0.004832924331937451,0.0005084159674696309,0.0001607752456002107,0.004832725042011839,7.60174934498352e-05,superelipse,14.050937379166667,0.34837782157324426,24,super_refinamiento
super_P380_B341_p161_s080_rho175,0.0072549671307228555,0.0007976411907432054,0.0002522362918317343,0.007254789912297255,0.00015657560230705682,superelipse,14.84360371875,0.5074330405804607,16,super_barrido
super_P418_B359_p437_s186_rho175,0.012421672441567128,0.000923005177626047,0.0002918798653426595,0.012422017601070343,0.00024689240096439663,superelipse,16.63578925,0.5488512431016139,16,super_barrido
super_P297_B322_p325_s062_rho175,0.0072582345440178695,0.0004292000055621383,0.0001357249589333294,0.007258262140691767,0.00012823446567405844,superelipse,14.25341213125,0.3713553749904728,16,super_barrido
super_P239_B306_p256_s045_rho175,0.004477665512355427,0.000578168153412383,0.00018283282353567828,0.004477614292087506,8.838583757092076e-05,superelipse,14.2566314375,0.37175895183115965,16,super_barrido
super_P447_B290_p484_s091_rho175,0.011453177826099848,0.0010117090467066903,0.0003199304916990814,0.01145282935725751,0.00022806610171947637,superelipse,16.0374276375,0.39800461995470543,16,super_barrido
super_P270_B289_p310_s002_rho175,0.005758914768015504,0.0006122946655724199,0.00019362457423799322,0.005758784570403173,9.776844103727863e-05,superelipse,13.315754879166667,0.27216467256520543,24,super_refinamiento
super_P262_B302_p279_s108_rho175,0.004784374123193465,0.0008354968551166673,0.0002642073040076374,0.004784442949808118,9.456133503864294e-05,superelipse,13.553118237500001,0.2206494766953298,40,super_final
super_P401_B381_p382_s163_rho175,0.01142632373493862,0.0006545848693914689,0.00020699791091608784,0.011426287844621137,0.0002645025151991082,superelipse,16.3605222125,0.47548057239841685,16,super_barrido
super_P430_B208_p388_s101_rho175,0.006956763801035451,0.0007310428918155893,0.0002311760605413327,0.0069569842224935455,0.00011619285215300418,superelipse,16.94418438125,0.35172162623082537,16,super_barrido
super_P260_B226_p392_s005_rho175,0.004528974559308436,0.0007517774758206959,0.00023773291172055606,0.00452900410859558,7.476801491629505e-05,superelipse,14.708065233333334,0.37153795474384327,24,super_refinamiento
super_P226_B257_p230_s013_rho175,0.002956839318008274,0.00029455505157279324,9.314648592783888e-05,0.002956797038094319,6.339025568671246e-05,superelipse,14.391983175,0.41733501091951003,16,super_barrido
super_P240_B312_p350_s087_rho175,0.005327109310625905,0.0003424968564224139,0.00010830701577424964,0.005326986872899357,0.00011200356578179415,superelipse,13.5495758375,0.550048764150972,16,super_barrido
super_P311_B331_p410_s153_rho175,0.007693534105351204,0.0009830448631789634,0.00031086608097741165,0.007693753884963761,0.00014286712187522825,superelipse,13.738931175,0.5254169696460963,16,super_barrido
super_P267_B254_p185_s129_rho175,0.0026078845871752776,0.0002816983554913202,8.908084164763723e-05,0.00260786023157676,2.8286403240681e-05,superelipse,16.10347675,0.48516995463734414,16,super_barrido
super_P337_B348_p139_s059_rho175,0.005604224711493673,0.0005330177009764485,0.00016855499682721323,0.005604173840271294,9.173413174846538e-05,superelipse,13.8467317375,0.48280269820653354,16,super_barrido
super_P450_B247_p153_s056_rho175,0.006402800842541356,0.0007751104266882345,0.0002451114386479784,0.0064028973636246975,0.00010798861401729856,superelipse,15.70076685625,0.4380024181867181,16,super_barrido
super_P343_B324_p416_s122_rho175,0.008965974924589943,0.0008920366411122327,0.0002820867542240851,0.008966203676345633,0.00012979925726465874,superelipse,14.67252156875,0.5628072454066799,16,super_barrido
super_P332_B287_p249_s191_rho175,0.006168102320605306,0.0006282090574748564,0.00019865714683681715,0.006168022547366281,0.00010544211806807201,superelipse,13.55329833125,0.2451021687242968,16,super_barrido
super_P318_B225_p466_s149_rho175,0.0051743658415817845,0.0003307756670805667,0.00010460045025361691,0.005174492570028428,9.952400190159954e-05,superelipse,14.5665138375,0.46881667334142446,16,super_barrido
super_P307_B262_p334_s049_rho175,0.005802801429988846,0.00025232339702270295,7.979166415426901e-05,0.005802829120511988,8.828602964877298e-05,superelipse,14.2972412375,0.46607709926666113,16,super_barrido
super_P420_B392_p398_s195_rho175,0.011739416482754237,0.0009693314480222807,0.00030652951833795247,0.011739102579164287,0.0002359565629923007,superelipse,17.12543136875,0.5531324686162387,16,super_barrido
super_P305_B309_p432_s018_rho175,0.007408346776016756,0.0006874681481655185,0.00021739651670211443,0.007408083406424614,0.00015483577744738767,superelipse,13.9438449375,0.3362717589618798,16,super_barrido
super_P441_B373_p286_s162_rho175,0.011890333354830484,0.0006272553071186338,0.00019835554449233113,0.011890141918931412,0.00027461885298465824,superelipse,17.53116956875,0.5400812818650509,16,super_barrido
super_P442_B277_p167_s063_rho175,0.007179293996293132,0.00043581249780759787,0.00013781601258391476,0.007179274286499163,0.00015203512902480087,superelipse,14.4117814,0.4503722773903036,16,super_barrido
super_P254_B248_p370_s169_rho175,0.004252955784444407,0.00047780243812780833,0.00015109439760655524,0.004252961340194497,5.529545773869859e-05,superelipse,14.552549708333332,0.3609713888977858,24,super_refinamiento
super_P397_B366_p273_s134_rho175,0.009850021704968685,0.0014777117992577672,0.00046729350109600575,0.009850444620783291,0.0001946528794441311,superelipse,15.80646039375,0.4768581514170006,16,super_barrido
super_P407_B378_p302_s171_rho175,0.011522398295767742,0.0011199688028771771,0.00035416523254240204,0.011522570489653898,0.0002039260178892029,superelipse,15.9167680375,0.4631729171689208,16,super_barrido
super_P229_B273_p339_s143_rho175,0.00339986089493872,0.00018571479937945008,5.8728176124028736e-05,0.0033998631840788302,6.14721173620352e-05,superelipse,14.2887381,0.5027547581327593,16,super_barrido
super_P299_B279_p223_s090_rho175,0.00503598512860327,0.00040639901060214486,0.0001285146512341695,0.005036048696644623,8.167836062081888e-05,superelipse,13.876669281249999,0.3578132079486408,16,super_barrido
super_P368_B206_p453_s051_rho175,0.006170325620916188,0.000770443715349876,0.00024363569494680387,0.0061701662764253465,0.00010188106202277301,superelipse,15.470649975,0.4612069790845078,16,super_barrido
super_P358_B336_p444_s147_rho175,0.01016207080344032,0.0014176178167412763,0.0004482901152537609,0.010162216633756774,0.00017031680836792338,superelipse,16.18409919375,0.3354878406136231,16,super_barrido
super_P346_B220_p332_s035_rho175,0.005499670280716744,0.0006315714623852248,0.00019972043263006702,0.005499648458013059,8.930422038344001e-05,superelipse,15.3945636625,0.37317020582541616,16,super_barrido
super_P401_B343_p378_s131_rho175,0.011162138666853155,0.0012761943016333444,0.00040356807300893113,0.011162420590220393,0.00027275094814062156,superelipse,16.2141224875,0.5539127592386542,16,super_barrido
super_P249_B319_p222_s028_rho175,0.0050751734649301244,0.000417841978850349,0.0001321332355199007,0.005075243201135875,6.889938521908746e-05,superelipse,13.709187016666666,0.36105297045404494,24,super_refinamiento
super_P280_B258_p316_s178_rho175,0.004648882405918918,0.0008017273119455442,0.00025352843681122395,0.0046489844898215255,7.00836395704264e-05,superelipse,13.6814164125,0.34417226023452063,16,super_barrido
super_P223_B270_p361_s020_rho175,0.0038241391635594523,0.0005536253491363537,0.00017507170736768106,0.0038241844581505383,6.421614904260119e-05,superelipse,14.302363941666668,0.43808590582061185,24,super_refinamiento
super_P433_B316_p171_s037_rho175,0.008796121916511634,0.0007944094158033262,0.00025121431486222715,0.008796209902113931,0.0001669817173201517,superelipse,15.767393075,0.43676434501813166,16,super_barrido
super_P265_B386_p295_s097_rho175,0.006217203383285734,0.0006841501116925631,0.00021634726144070937,0.006217349717418565,9.155908392752791e-05,superelipse,13.51620573125,0.22601952885406457,16,super_barrido
super_P236_B211_p488_s074_rho175,0.002898931233637546,0.00029706195762117235,9.393923922713192e-05,0.002898932044711327,4.2861639614160866e-05,superelipse,15.83004745,0.48865346933306403,16,super_barrido
super_P329_B267_p454_s095_rho175,0.006932758567553089,0.0011041437438752552,0.0003491609094871396,0.00693270924891865,0.00013841151216190359,superelipse,14.03166084375,0.45493834565678676,16,super_barrido
super_P377_B214_p429_s053_rho175,0.006368590338131762,0.0005213765694252327,0.00016487374780286412,0.00636866064464594,9.99981886470529e-05,superelipse,14.86627945625,0.29541764726604336,16,super_barrido
super_P393_B293_p424_s160_rho175,0.009898163743057395,0.0009698131496747048,0.00030668184577538517,0.009897723447098192,0.00018446884083788692,superelipse,15.8042692875,0.5346082906605473,16,super_barrido
super_P295_B281_p243_s008_rho175,0.005510153085185926,0.0004381069392173789,0.00013854157866518633,0.005510140896407067,8.492149677030836e-05,superelipse,13.56957910625,0.37118200279436014,16,super_barrido
super_P406_B329_p344_s165_rho175,0.010029795399939857,0.001219204951755947,0.0003855464582104498,0.01002994023913826,0.0001926377241643174,superelipse,15.29279815,0.6489684022161478,16,super_barrido
super_P392_B228_p364_s177_rho175,0.0069493942992669006,0.0006089004288838674,0.0001925512223526399,0.0069493933924184275,9.089463570591997e-05,superelipse,15.31104745625,0.40401960732371633,16,super_barrido
super_P233_B398_p199_s136_rho175,0.0044786956992135234,0.00038049505162375546,0.0001203231001554416,0.004478637342544791,5.8386009219715574e-05,superelipse,13.603053675,0.33108842105063285,16,super_barrido
super_P340_B339_p209_s007_rho175,0.007779119394554089,0.0012025704934803807,0.00038028618063106715,0.007778940723531655,0.00016820937972274194,superelipse,14.87286675,0.3838184271012124,16,super_barrido
super_P317_B356_p496_s047_rho175,0.008357414798229606,0.0006921147220094483,0.00021886589236841264,0.008357453557455223,0.00014234428476601392,superelipse,14.95869538125,0.369560149630907,16,super_barrido
super_P244_B394_p398_s125_rho175,0.006270173010075082,0.0007161248769259427,0.00022645857001937387,0.00627039460911292,0.00010110576041441057,superelipse,14.15740083125,0.5295962996356518,16,super_barrido
abierto_b300_rho175_d390,0.005667524362200689,0.000552681448289372,0.00017477321971149862,0.005667535869153189,0.00011461786092349897,elipse_separada,13.757193360999999,0.17525876602312274,100,desempate
vacia,0.022318110321005245,0.001883067142391506,0.0005954781156981767,0.022317474218645696,0.0002147316601992372,vacia,21.829914393333336,0.6775557879662765,15,run_experiments
x30_r05,0.02152489065120043,0.0026763618377721467,0.0008463399250114047,0.021525405604523914,0.00014815996222679513,disco_unico,22.976253913333334,0.8010027577201012,15,run_experiments
x30_r10,0.0204372279218385,0.0021654602004898605,0.0006847786415992825,0.02043610367829524,0.0002461978886132979,disco_unico,21.733485846666667,0.41910321079540896,15,run_experiments
x30_r15,0.019449059638037215,0.0014543416108102954,0.00045990319861186925,0.019448009614486523,0.00011754617924354507,disco_unico,23.161228246666667,0.9414982628260143,15,run_experiments
x30_r20,0.017151219310798545,0.0013515875821014916,0.0004274095216640542,0.01715126473437395,0.0001776285933917942,disco_unico,27.60666219333333,0.924157442647576,15,run_experiments
x30_r25,0.014418110948003415,0.0013766829437498109,0.00043534537181548683,0.014418327894182854,0.00020633625023072646,disco_unico,29.78895124,0.7320195118369679,15,run_experiments
x30_r28,0.01322631301844216,0.0012262614035633461,0.0003877779042015091,0.013226736184657018,0.00016590799843235404,disco_unico,37.960089993333334,1.0051966201513052,15,run_experiments
x40_r05,0.020983950700263425,0.001934864127595949,0.0006118577606157849,0.020984269810856306,0.0002445878353660714,disco_unico,23.332243833333333,0.9227195155323943,15,run_experiments
x40_r10,0.018927664124910367,0.0015418405992214362,0.0004875728082458575,0.018927764484751294,0.0001425731722594938,disco_unico,21.993446086666665,0.6304240439592785,15,run_experiments
x40_r15,0.01826987399173022,0.0021853367365936103,0.0006910641542075244,0.018270703892542817,0.00011322045249834407,disco_unico,20.87275706666667,0.6712762545351848,15,run_experiments
x40_r20,0.014509673239518541,0.0012504392258453308,0.0003954236029288932,0.014508928717584165,0.00021510502559279613,disco_unico,21.728653899999998,0.5693274152108008,15,run_experiments
x40_r25,0.01303901602104671,0.0014936102370612682,0.00047232102856576455,0.013039746808452617,0.00015816700879522385,disco_unico,23.046276026666664,0.6275058794973977,15,run_experiments
x40_r28,0.011809811611595037,0.0012817715211668203,0.00040533174468258766,0.011809850261878151,9.607340053871327e-05,disco_unico,24.44290030666667,0.637261910855677,15,run_experiments
x40_r30,0.011249830142346363,0.0011277120233021477,0.0003566138538391664,0.01125008876405288,0.00013410895464516635,disco_unico,25.158984280000002,0.6071463511360555,15,run_experiments
x40_r32,0.009285658157827064,0.0009915516353410068,0.0003135561585342289,0.00928558391648657,0.0001289027180088258,disco_unico,26.914391939999998,0.7780500431178125,15,run_experiments
x40_r33,0.009002515508697063,0.0008247379063321289,0.00026080502566881323,0.00900272097286068,0.00012433666689314843,disco_unico,27.166472266666666,1.4175805627773022,15,run_experiments
x40_r34,0.008350978223383317,0.0009867342612675221,0.0003120327710929034,0.008350937711925487,0.00010298980803635468,disco_unico,26.708671873333333,0.6653258449725407,15,run_experiments
x50_r05,0.021391992613299667,0.001859855296853144,0.0005881378856384526,0.02139189945828008,0.00035586001372425876,disco_unico,22.30634784,0.8697061893069362,15,run_experiments
x50_r10,0.019199048669037204,0.0013982186981707806,0.0004421555753255173,0.019198895810982254,0.00021758046385387842,disco_unico,21.195965853333334,0.47437583860130755,15,run_experiments
x50_r15,0.018489093577748788,0.0013945825314872155,0.00044100571845830864,0.018488487081703673,0.00018533773221591083,disco_unico,21.18701634,0.5073615426709,15,run_experiments
x50_r20,0.016064260749042946,0.0011133680305475413,0.00035207788505461554,0.01606423292484436,0.0001472992229558539,disco_unico,19.385889193333334,0.6730891535238975,15,run_experiments
x50_r25,0.012202102327624543,0.0018065090245797662,0.0005712683131321164,0.012202206939469043,0.00023428725467486257,disco_unico,18.673105626666665,0.6507546834572816,15,run_experiments
x50_r28,0.01169175223644025,0.0011763885970015745,0.00037200673799749013,0.011692002705116897,0.00019484257015257451,disco_unico,18.721193346666666,0.515703640730965,15,run_experiments
x50_r30,0.01004398686478004,0.0011860785771423822,0.00037507097877016526,0.010044229642059288,0.00018323436303977636,disco_unico,18.974143480000002,0.3600540119643888,15,run_experiments
x50_r32,0.008204207115181075,0.0013088324348236094,0.0004138891569546486,0.008204591546080605,0.0001355170432718054,disco_unico,19.07182926,0.6290599590119853,15,run_experiments
x50_r33,0.007828010113176664,0.0008529171953549414,0.0002697160992844401,0.007827902221618359,0.0001618272197950818,disco_unico,18.429689380000003,0.6147954653463211,15,run_experiments
x50_r34,0.007509307143043662,0.0006439113036157337,0.00020362263305539333,0.007509333919371434,0.00011418574328684683,disco_unico,18.920498586666668,0.5687214144484565,15,run_experiments
x60_r05,0.021414564041037996,0.002466417478199424,0.0007799496891958868,0.02141406526308496,0.0002639466635386787,disco_unico,20.99309362,0.7643441422415498,15,run_experiments
x60_r10,0.019712799877793646,0.002824898597432464,0.0008933113726901667,0.019713079753346893,0.0002806471299815943,disco_unico,21.43003712,0.7851013686623344,15,run_experiments
x60_r15,0.017395574735962753,0.001983190031166208,0.0006271397531425532,0.01739549673318856,0.0002026751573133043,disco_unico,20.4984529,0.5422016972808397,15,run_experiments
x60_r20,0.015069947122780947,0.002081043670631583,0.0006580837909473058,0.015069120758430806,0.0001746064077453669,disco_unico,19.18128812666667,0.6219738898072049,15,run_experiments
x60_r25,0.013118127489284587,0.0016994512343009366,0.0005374136672775429,0.013118328240315719,0.00019107255587792347,disco_unico,17.24970343333333,0.41267972203544945,15,run_experiments
x60_r28,0.011611468594159695,0.00113163324337703,0.00035785385250350685,0.011611551322796483,0.00017340548019956236,disco_unico,17.23060962,0.6108910446396244,15,run_experiments
x60_r30,0.009014020256116553,0.0006663112173161436,0.0002107061077238439,0.009014190966091174,0.00015373833982784636,disco_unico,16.574164606666667,0.45339168220761666,15,run_experiments
x60_r32,0.008635400348544986,0.0011170921651099954,0.0003532555598076465,0.008635173009727645,0.00013775511199207125,disco_unico,15.674725693333333,0.5637984811730228,15,run_experiments
x60_r33,0.0076333956138493015,0.0007240888938172197,0.00022897701328942273,0.007633265505802646,0.00010745399601756823,disco_unico,16.293675466666667,0.4551394028418504,15,run_experiments
x60_r34,0.007071159962145202,0.0008087562906420757,0.0002557511950418081,0.007070872215008194,0.00012786647930701305,disco_unico,15.152572393333333,0.44771063565198005,15,run_experiments
