label,cuello,b_m,a_m,rho_m,obstaculos,rellenos,area_centros_m2,fraccion_atrapada,ruta
abierto_b100_rho175,abierto,0.1,0.3079392188403419,0.0175,105,38,0.196135,0.0,experiments/raw/elipses/configs/abierto_b100_rho175.txt
abierto_b125_rho175,abierto,0.125,0.31694094481464524,0.0175,110,42,0.247519,0.0,experiments/raw/elipses/configs/abierto_b125_rho175.txt
abierto_b150_rho175,abierto,0.15,0.3276073297409568,0.0175,111,42,0.300201,0.0,experiments/raw/elipses/configs/abierto_b150_rho175.txt
abierto_b175_rho175,abierto,0.175,0.33978163943921397,0.0175,99,30,0.355268,0.0,experiments/raw/elipses/configs/abierto_b175_rho175.txt
abierto_b200_rho175,abierto,0.2,0.3533080277887838,0.0175,99,30,0.411138,0.0,experiments/raw/elipses/configs/abierto_b200_rho175.txt
abierto_b225_rho175,abierto,0.225,0.3680374471436297,0.0175,96,28,0.468724,0.0,experiments/raw/elipses/configs/abierto_b225_rho175.txt
abierto_b250_rho175,abierto,0.25,0.3838314245863671,0.0175,103,34,0.525768,0.0,experiments/raw/elipses/configs/abierto_b250_rho175.txt
abierto_b275_rho175,abierto,0.275,0.4005640554268443,0.0175,90,21,0.583708,0.0,experiments/raw/elipses/configs/abierto_b275_rho175.txt
abierto_b300_rho175,abierto,0.3,0.4181226644179911,0.0175,50,10,0.664258,0.0,experiments/raw/elipses/configs/abierto_b300_rho175.txt
abierto_b325_rho175,abierto,0.325,0.4364075646686249,0.0175,20,2,0.714193,0.0,experiments/raw/elipses/configs/abierto_b325_rho175.txt
abierto_b350_rho175,abierto,0.35,0.4553312667717867,0.0175,7,0,0.7388049999999999,0.0,experiments/raw/elipses/configs/abierto_b350_rho175.txt
cerrado_b100_rho175,cerrado,0.1,0.3079392188403419,0.0175,107,38,0.189182,0.0,experiments/raw/elipses/configs/cerrado_b100_rho175.txt
cerrado_b125_rho175,cerrado,0.125,0.31694094481464524,0.0175,113,42,0.23868799999999998,4.189569647405819e-06,experiments/raw/elipses/configs/cerrado_b125_rho175.txt
cerrado_b150_rho175,cerrado,0.15,0.3276073297409568,0.0175,115,42,0.28875,0.0,experiments/raw/elipses/configs/cerrado_b150_rho175.txt
cerrado_b175_rho175,cerrado,0.175,0.33978163943921397,0.0175,104,30,0.341082,2.931846300889522e-06,experiments/raw/elipses/configs/cerrado_b175_rho175.txt
cerrado_b200_rho175,cerrado,0.2,0.3533080277887838,0.0175,106,30,0.39326,0.0,experiments/raw/elipses/configs/cerrado_b200_rho175.txt
cerrado_b225_rho175,cerrado,0.225,0.3680374471436297,0.0175,103,28,0.447991,0.0,experiments/raw/elipses/configs/cerrado_b225_rho175.txt
cerrado_b250_rho175,cerrado,0.25,0.3838314245863671,0.0175,111,33,0.501976,0.0,experiments/raw/elipses/configs/cerrado_b250_rho175.txt
cerrado_b275_rho175,cerrado,0.275,0.4005640554268443,0.0175,100,20,0.556906,1.7956351700286942e-06,experiments/raw/elipses/configs/cerrado_b275_rho175.txt
cerrado_b300_rho175,cerrado,0.3,0.4181226644179911,0.0175,63,10,0.633029,0.0,experiments/raw/elipses/configs/cerrado_b300_rho175.txt
cerrado_b325_rho175,cerrado,0.325,0.4364075646686249,0.0175,35,3,0.67974,0.0,experiments/raw/elipses/configs/cerrado_b325_rho175.txt
cerrado_b350_rho175,cerrado,0.35,0.4553312667717867,0.0175,23,0,0.701921,0.0,experiments/raw/elipses/configs/cerrado_b350_rho175.txt
cerrado_b375_rho175,cerrado,0.375,0.47481739911254306,0.0175,19,0,0.708351,0.0,experiments/raw/elipses/configs/cerrado_b375_rho175.txt
cerrado_b400_rho175,cerrado,0.4,0.4947995174815756,0.0175,19,0,0.708351,0.0,experiments/raw/elipses/configs/cerrado_b400_rho175.txt
cerrado_b425_rho175,cerrado,0.425,0.5152199166375462,0.0175,19,0,0.708351,0.0,experiments/raw/elipses/configs/cerrado_b425_rho175.txt
cerrado_b450_rho175,cerrado,0.45,0.5360285090365997,0.0175,19,0,0.708351,0.0,experiments/raw/elipses/configs/cerrado_b450_rho175.txt
cerrado_b475_rho175,cerrado,0.475,0.5571818038127232,0.0175,19,0,0.708351,0.0,experiments/raw/elipses/configs/cerrado_b475_rho175.txt
cerrado_b500_rho175,cerrado,0.5,0.5786419985621507,0.0175,19,0,0.708351,0.0,experiments/raw/elipses/configs/cerrado_b500_rho175.txt
