label,cuello,profundidad_m,semiancho_m,exponente,retroceso_m,rho_m,obstaculos,rellenos,area_centros_m2,fraccion_atrapada,ruta,b_m,a_m
super_P375_B244_p155_s199_rho175,superelipse,0.375,0.244,1.55,0.199,0.0175,91,34,0.20879999999999999,0.0,experiments/raw/elipses/configs/super_P375_B244_p155_s199_rho175.txt,,
super_P301_B314_p405_s078_rho175,superelipse,0.301,0.314,4.05,0.078,0.0175,60,19,0.358026,0.0,experiments/raw/elipses/configs/super_P301_B314_p405_s078_rho175.txt,,
super_P255_B251_p276_s119_rho175,superelipse,0.255,0.251,2.76,0.119,0.0175,86,33,0.209083,0.0,experiments/raw/elipses/configs/super_P255_B251_p276_s119_rho175.txt,,
super_P430_B285_p322_s084_rho175,superelipse,0.43,0.285,3.22,0.084,0.0175,99,24,0.432832,0.0,experiments/raw/elipses/configs/super_P430_B285_p322_s084_rho175.txt,,
super_P281_B390_p495_s151_rho175,superelipse,0.281,0.39,4.95,0.151,0.0175,54,17,0.356996,0.0,experiments/raw/elipses/configs/super_P281_B390_p495_s151_rho175.txt,,
super_P389_B345_p352_s077_rho175,superelipse,0.389,0.345,3.52,0.077,0.0175,59,17,0.469095,0.0,experiments/raw/elipses/configs/super_P389_B345_p352_s077_rho175.txt,,
super_P410_B334_p263_s104_rho175,superelipse,0.41,0.334,2.63,0.104,0.0175,69,22,0.455536,0.0,experiments/raw/elipses/configs/super_P410_B334_p263_s104_rho175.txt,,
super_P356_B368_p461_s173_rho175,superelipse,0.356,0.368,4.61,0.173,0.0175,54,17,0.446747,0.0,experiments/raw/elipses/configs/super_P356_B368_p461_s173_rho175.txt,,
super_P353_B222_p142_s140_rho175,superelipse,0.353,0.222,1.42,0.14,0.0175,90,38,0.174153,0.0,experiments/raw/elipses/configs/super_P353_B222_p142_s140_rho175.txt,,
super_P277_B268_p472_s113_rho175,superelipse,0.277,0.268,4.72,0.113,0.0175,87,27,0.276819,0.0,experiments/raw/elipses/configs/super_P277_B268_p472_s113_rho175.txt,,
super_P384_B365_p206_s195_rho175,superelipse,0.384,0.365,2.06,0.195,0.0175,71,23,0.39407899999999996,0.0,experiments/raw/elipses/configs/super_P384_B365_p206_s195_rho175.txt,,
super_P289_B202_p214_s025_rho175,superelipse,0.289,0.202,2.14,0.025,0.0175,85,35,0.18642399999999998,0.0,experiments/raw/elipses/configs/super_P289_B202_p214_s025_rho175.txt,,
super_P223_B351_p374_s116_rho175,superelipse,0.223,0.351,3.74,0.116,0.0175,61,22,0.269086,0.0,experiments/raw/elipses/configs/super_P223_B351_p374_s116_rho175.txt,,
super_P348_B377_p267_s042_rho175,superelipse,0.348,0.377,2.67,0.042,0.0175,59,20,0.413651,0.0,experiments/raw/elipses/configs/super_P348_B377_p267_s042_rho175.txt,,
super_P382_B372_p188_s066_rho175,superelipse,0.382,0.372,1.88,0.066,0.0175,67,23,0.40381,0.0,experiments/raw/elipses/configs/super_P382_B372_p188_s066_rho175.txt,,
super_P370_B216_p290_s032_rho175,superelipse,0.37,0.216,2.9,0.032,0.0175,95,33,0.27974299999999996,0.0,experiments/raw/elipses/configs/super_P370_B216_p290_s032_rho175.txt,,
super_P363_B240_p253_s012_rho175,superelipse,0.363,0.24,2.53,0.012,0.0175,96,34,0.296693,0.0,experiments/raw/elipses/configs/super_P363_B240_p253_s012_rho175.txt,,
super_P421_B238_p479_s181_rho175,superelipse,0.421,0.238,4.79,0.181,0.0175,109,37,0.37360699999999997,0.0,experiments/raw/elipses/configs/super_P421_B238_p479_s181_rho175.txt,,
super_P284_B354_p472_s099_rho175,superelipse,0.284,0.354,4.72,0.099,0.0175,62,24,0.355533,0.0,experiments/raw/elipses/configs/super_P284_B354_p472_s099_rho175.txt,,
super_P436_B327_p146_s072_rho175,superelipse,0.436,0.327,1.46,0.072,0.0175,83,25,0.36360499999999996,0.0,experiments/raw/elipses/configs/super_P436_B327_p146_s072_rho175.txt,,
super_P288_B203_p193_s105_rho175,superelipse,0.288,0.203,1.93,0.105,0.0175,81,33,0.165244,0.0,experiments/raw/elipses/configs/super_P288_B203_p193_s105_rho175.txt,,
super_P413_B362_p300_s070_rho175,superelipse,0.413,0.362,3.0,0.07,0.0175,55,14,0.49343099999999995,0.0,experiments/raw/elipses/configs/super_P413_B362_p300_s070_rho175.txt,,
super_P274_B396_p173_s017_rho175,superelipse,0.274,0.396,1.73,0.017,0.0175,61,21,0.294267,0.0,experiments/raw/elipses/configs/super_P274_B396_p173_s017_rho175.txt,,
super_P313_B296_p420_s025_rho175,superelipse,0.313,0.296,4.2,0.025,0.0175,67,21,0.364927,0.0,experiments/raw/elipses/configs/super_P313_B296_p420_s025_rho175.txt,,
super_P351_B230_p314_s188_rho175,superelipse,0.351,0.23,3.14,0.188,0.0175,93,32,0.272406,0.0,experiments/raw/elipses/configs/super_P351_B230_p314_s188_rho175.txt,,
super_P427_B384_p232_s138_rho175,superelipse,0.427,0.384,2.32,0.138,0.0175,63,20,0.48363,0.0,experiments/raw/elipses/configs/super_P427_B384_p232_s138_rho175.txt,,
super_P366_B237_p448_s127_rho175,superelipse,0.366,0.237,4.48,0.127,0.0175,102,35,0.321849,0.0,experiments/raw/elipses/configs/super_P366_B237_p448_s127_rho175.txt,,
super_P333_B298_p131_s156_rho175,superelipse,0.333,0.298,1.31,0.156,0.0175,88,35,0.196492,0.0,experiments/raw/elipses/configs/super_P333_B298_p131_s156_rho175.txt,,
super_P322_B305_p180_s111_rho175,superelipse,0.322,0.305,1.8,0.111,0.0175,84,27,0.26692,0.0,experiments/raw/elipses/configs/super_P322_B305_p180_s111_rho175.txt,,
super_P324_B233_p237_s038_rho175,superelipse,0.324,0.233,2.37,0.038,0.0175,88,31,0.248079,0.0,experiments/raw/elipses/configs/super_P324_B233_p237_s038_rho175.txt,,
super_P380_B341_p161_s080_rho175,superelipse,0.38,0.341,1.61,0.08,0.0175,76,25,0.346365,0.0,experiments/raw/elipses/configs/super_P380_B341_p161_s080_rho175.txt,,
super_P418_B359_p437_s186_rho175,superelipse,0.418,0.359,4.37,0.186,0.0175,51,13,0.520129,0.0,experiments/raw/elipses/configs/super_P418_B359_p437_s186_rho175.txt,,
super_P297_B322_p325_s062_rho175,superelipse,0.297,0.322,3.25,0.062,0.0175,62,20,0.34398799999999996,0.0,experiments/raw/elipses/configs/super_P297_B322_p325_s062_rho175.txt,,
super_P239_B306_p256_s045_rho175,superelipse,0.239,0.306,2.56,0.045,0.0175,67,22,0.249855,0.0,experiments/raw/elipses/configs/super_P239_B306_p256_s045_rho175.txt,,
super_P447_B290_p484_s091_rho175,superelipse,0.447,0.29,4.84,0.091,0.0175,74,15,0.5118779999999999,0.0,experiments/raw/elipses/configs/super_P447_B290_p484_s091_rho175.txt,,
super_P270_B289_p310_s002_rho175,superelipse,0.27,0.289,3.1,0.002,0.0175,74,22,0.287231,0.0,experiments/raw/elipses/configs/super_P270_B289_p310_s002_rho175.txt,,
super_P262_B302_p279_s108_rho175,superelipse,0.262,0.302,2.79,0.108,0.0175,72,22,0.26642099999999996,0.0,experiments/raw/elipses/configs/super_P262_B302_p279_s108_rho175.txt,,
super_P401_B381_p382_s163_rho175,superelipse,0.401,0.381,3.82,0.163,0.0175,52,13,0.49685399999999996,0.0,experiments/raw/elipses/configs/super_P401_B381_p382_s163_rho175.txt,,
super_P430_B208_p388_s101_rho175,superelipse,0.43,0.208,3.88,0.101,0.0175,103,33,0.327137,0.0,experiments/raw/elipses/configs/super_P430_B208_p388_s101_rho175.txt,,
super_P260_B226_p392_s005_rho175,superelipse,0.26,0.226,3.92,0.005,0.0175,86,31,0.21937299999999998,0.0,experiments/raw/elipses/configs/super_P260_B226_p392_s005_rho175.txt,,
super_P226_B257_p230_s013_rho175,superelipse,0.226,0.257,2.3,0.013,0.0175,83,34,0.191667,0.0,experiments/raw/elipses/configs/super_P226_B257_p230_s013_rho175.txt,,
super_P240_B312_p350_s087_rho175,superelipse,0.24,0.312,3.5,0.087,0.0175,62,19,0.27302699999999996,0.0,experiments/raw/elipses/configs/super_P240_B312_p350_s087_rho175.txt,,
super_P311_B331_p410_s153_rho175,superelipse,0.311,0.331,4.1,0.153,0.0175,62,20,0.372726,0.0,experiments/raw/elipses/configs/super_P311_B331_p410_s153_rho175.txt,,
super_P267_B254_p185_s129_rho175,superelipse,0.267,0.254,1.85,0.129,0.0175,86,36,0.180299,0.0,experiments/raw/elipses/configs/super_P267_B254_p185_s129_rho175.txt,,
super_P337_B348_p139_s059_rho175,superelipse,0.337,0.348,1.39,0.059,0.0175,75,25,0.284581,0.0,experiments/raw/elipses/configs/super_P337_B348_p139_s059_rho175.txt,,
super_P450_B247_p153_s056_rho175,superelipse,0.45,0.247,1.53,0.056,0.0175,99,34,0.294545,0.0,experiments/raw/elipses/configs/super_P450_B247_p153_s056_rho175.txt,,
super_P343_B324_p416_s122_rho175,superelipse,0.343,0.324,4.16,0.122,0.0175,59,18,0.412613,0.0,experiments/raw/elipses/configs/super_P343_B324_p416_s122_rho175.txt,,
super_P332_B287_p249_s191_rho175,superelipse,0.332,0.287,2.49,0.191,0.0175,91,31,0.292658,0.0,experiments/raw/elipses/configs/super_P332_B287_p249_s191_rho175.txt,,
super_P318_B225_p466_s149_rho175,superelipse,0.318,0.225,4.66,0.149,0.0175,95,35,0.265378,0.0,experiments/raw/elipses/configs/super_P318_B225_p466_s149_rho175.txt,,
super_P307_B262_p334_s049_rho175,superelipse,0.307,0.262,3.34,0.049,0.0175,90,30,0.288132,0.0,experiments/raw/elipses/configs/super_P307_B262_p334_s049_rho175.txt,,
super_P420_B392_p398_s195_rho175,superelipse,0.42,0.392,3.98,0.195,0.0175,50,12,0.524785,0.0,experiments/raw/elipses/configs/super_P420_B392_p398_s195_rho175.txt,,
super_P305_B309_p432_s018_rho175,superelipse,0.305,0.309,4.32,0.018,0.0175,62,21,0.36766099999999996,0.0,experiments/raw/elipses/configs/super_P305_B309_p432_s018_rho175.txt,,
super_P441_B373_p286_s162_rho175,superelipse,0.441,0.373,2.86,0.162,0.0175,57,15,0.5198619999999999,0.0,experiments/raw/elipses/configs/super_P441_B373_p286_s162_rho175.txt,,
super_P246_B265_p203_s183_rho175,superelipse,0.246,0.265,2.03,0.183,0.0175,80,32,0.17304699999999998,0.0,experiments/raw/elipses/configs/super_P246_B265_p203_s183_rho175.txt,,
super_P442_B277_p167_s063_rho175,superelipse,0.442,0.277,1.67,0.063,0.0175,97,29,0.339763,0.0,experiments/raw/elipses/configs/super_P442_B277_p167_s063_rho175.txt,,
super_P254_B248_p370_s169_rho175,superelipse,0.254,0.248,3.7,0.169,0.0175,85,31,0.21984499999999998,0.0,experiments/raw/elipses/configs/super_P254_B248_p370_s169_rho175.txt,,
super_P397_B366_p273_s134_rho175,superelipse,0.397,0.366,2.73,0.134,0.0175,63,21,0.46099799999999996,0.0,experiments/raw/elipses/configs/super_P397_B366_p273_s134_rho175.txt,,
super_P407_B378_p302_s171_rho175,superelipse,0.407,0.378,3.02,0.171,0.0175,59,19,0.48597799999999997,0.0,experiments/raw/elipses/configs/super_P407_B378_p302_s171_rho175.txt,,
super_P229_B273_p339_s143_rho175,superelipse,0.229,0.273,3.39,0.143,0.0175,79,26,0.21392,0.0,experiments/raw/elipses/configs/super_P229_B273_p339_s143_rho175.txt,,
super_P299_B279_p223_s090_rho175,superelipse,0.299,0.279,2.23,0.09,0.0175,88,31,0.257194,0.0,experiments/raw/elipses/configs/super_P299_B279_p223_s090_rho175.txt,,
super_P368_B206_p453_s051_rho175,superelipse,0.368,0.206,4.53,0.051,0.0175,94,30,0.285982,0.0,experiments/raw/elipses/configs/super_P368_B206_p453_s051_rho175.txt,,
super_P358_B336_p444_s147_rho175,superelipse,0.358,0.336,4.44,0.147,0.0175,57,17,0.438696,0.0,experiments/raw/elipses/configs/super_P358_B336_p444_s147_rho175.txt,,
super_P346_B220_p332_s035_rho175,superelipse,0.346,0.22,3.32,0.035,0.0175,96,35,0.274158,0.0,experiments/raw/elipses/configs/super_P346_B220_p332_s035_rho175.txt,,
super_P401_B343_p378_s131_rho175,superelipse,0.401,0.343,3.78,0.131,0.0175,55,14,0.48539699999999997,0.0,experiments/raw/elipses/configs/super_P401_B343_p378_s131_rho175.txt,,
super_P249_B319_p222_s028_rho175,superelipse,0.249,0.319,2.22,0.028,0.0175,66,23,0.260085,0.0,experiments/raw/elipses/configs/super_P249_B319_p222_s028_rho175.txt,,
super_P280_B258_p316_s178_rho175,superelipse,0.28,0.258,3.16,0.178,0.0175,93,37,0.241451,0.0,experiments/raw/elipses/configs/super_P280_B258_p316_s178_rho175.txt,,
super_P223_B270_p361_s020_rho175,superelipse,0.223,0.27,3.61,0.02,0.0175,80,26,0.22083999999999998,0.0,experiments/raw/elipses/configs/super_P223_B270_p361_s020_rho175.txt,,
super_P433_B316_p171_s037_rho175,superelipse,0.433,0.316,1.71,0.037,0.0175,81,25,0.400389,0.0,experiments/raw/elipses/configs/super_P433_B316_p171_s037_rho175.txt,,
super_P265_B386_p295_s097_rho175,superelipse,0.265,0.386,2.95,0.097,0.0175,61,24,0.31870299999999996,0.0,experiments/raw/elipses/configs/super_P265_B386_p295_s097_rho175.txt,,
super_P236_B211_p488_s074_rho175,superelipse,0.236,0.211,4.88,0.074,0.0175,80,30,0.188136,0.0,experiments/raw/elipses/configs/super_P236_B211_p488_s074_rho175.txt,,
super_P329_B267_p454_s095_rho175,superelipse,0.329,0.267,4.54,0.095,0.0175,90,25,0.327955,0.0,experiments/raw/elipses/configs/super_P329_B267_p454_s095_rho175.txt,,
super_P377_B214_p429_s053_rho175,superelipse,0.377,0.214,4.29,0.053,0.0175,99,34,0.302069,0.0,experiments/raw/elipses/configs/super_P377_B214_p429_s053_rho175.txt,,
super_P393_B293_p424_s160_rho175,superelipse,0.393,0.293,4.24,0.16,0.0175,79,21,0.43618399999999996,0.0,experiments/raw/elipses/configs/super_P393_B293_p424_s160_rho175.txt,,
super_P295_B281_p243_s008_rho175,superelipse,0.295,0.281,2.43,0.008,0.0175,82,23,0.279367,0.0,experiments/raw/elipses/configs/super_P295_B281_p243_s008_rho175.txt,,
super_P406_B329_p344_s165_rho175,superelipse,0.406,0.329,3.44,0.165,0.0175,65,20,0.47281999999999996,0.0,experiments/raw/elipses/configs/super_P406_B329_p344_s165_rho175.txt,,
super_P392_B228_p364_s177_rho175,superelipse,0.392,0.228,3.64,0.177,0.0175,101,35,0.31666,0.0,experiments/raw/elipses/configs/super_P392_B228_p364_s177_rho175.txt,,
super_P233_B398_p199_s136_rho175,superelipse,0.233,0.398,1.99,0.136,0.0175,61,21,0.24484099999999998,0.0,experiments/raw/elipses/configs/super_P233_B398_p199_s136_rho175.txt,,
super_P340_B339_p209_s007_rho175,superelipse,0.34,0.339,2.09,0.007,0.0175,66,22,0.367313,0.0,experiments/raw/elipses/configs/super_P340_B339_p209_s007_rho175.txt,,
super_P317_B356_p496_s047_rho175,superelipse,0.317,0.356,4.96,0.047,0.0175,56,19,0.400678,0.0,experiments/raw/elipses/configs/super_P317_B356_p496_s047_rho175.txt,,
super_P244_B394_p398_s125_rho175,superelipse,0.244,0.394,3.98,0.125,0.0175,60,23,0.305492,0.0,experiments/raw/elipses/configs/super_P244_B394_p398_s125_rho175.txt,,
abierto_b300_rho175_d390,abierto,,,,,0.0175,81,25,0.280788,0.0,experiments/raw/elipses/configs/abierto_b300_rho175_d390.txt,0.3,0.4181226644179911
