label,seed,tmax_s,reached,t90_seconds,goals_at_end,error,etapa
super_P375_B244_p155_s199_rho175,5000,60.0,1,14.6167058,100,,super_barrido
super_P375_B244_p155_s199_rho175,5001,60.0,1,18.1261006,100,,super_barrido
super_P375_B244_p155_s199_rho175,5002,60.0,1,15.6134291,100,,super_barrido
super_P375_B244_p155_s199_rho175,5003,60.0,1,16.081585,100,,super_barrido
super_P375_B244_p155_s199_rho175,5004,60.0,1,16.5267912,100,,super_barrido
super_P375_B244_p155_s199_rho175,5005,60.0,1,19.8612719,100,,super_barrido
super_P375_B244_p155_s199_rho175,5006,60.0,1,13.9211934,100,,super_barrido
super_P375_B244_p155_s199_rho175,5007,60.0,1,15.5246532,99,,super_barrido
super_P375_B244_p155_s199_rho175,5008,60.0,1,16.3396482,100,,super_barrido
super_P375_B244_p155_s199_rho175,5009,60.0,1,19.6177431,100,,super_barrido
super_P375_B244_p155_s199_rho175,5010,60.0,1,10.839053,100,,super_barrido
super_P375_B244_p155_s199_rho175,5011,60.0,1,15.0207453,100,,super_barrido
super_P375_B244_p155_s199_rho175,5012,60.0,1,14.2190065,100,,super_barrido
super_P375_B244_p155_s199_rho175,5013,60.0,1,15.3601268,100,,super_barrido
super_P375_B244_p155_s199_rho175,5014,60.0,1,15.3164093,100,,super_barrido
super_P375_B244_p155_s199_rho175,5015,60.0,1,15.8159786,100,,super_barrido
super_P301_B314_p405_s078_rho175,5000,60.0,1,16.8345847,100,,super_barrido
super_P301_B314_p405_s078_rho175,5001,60.0,1,13.5338558,100,,super_barrido
super_P301_B314_p405_s078_rho175,5002,60.0,1,13.299083,100,,super_barrido
super_P301_B314_p405_s078_rho175,5003,60.0,1,16.0885923,100,,super_barrido
super_P301_B314_p405_s078_rho175,5004,60.0,1,16.3640185,100,,super_barrido
super_P301_B314_p405_s078_rho175,5005,60.0,1,13.3860769,100,,super_barrido
super_P301_B314_p405_s078_rho175,5006,60.0,1,13.1376689,100,,super_barrido
super_P301_B314_p405_s078_rho175,5007,60.0,1,14.6825978,100,,super_barrido
super_P301_B314_p405_s078_rho175,5008,60.0,1,12.3905946,100,,super_barrido
super_P301_B314_p405_s078_rho175,5009,60.0,1,14.7805204,100,,super_barrido
super_P301_B314_p405_s078_rho175,5010,60.0,1,17.7615796,100,,super_barrido
super_P301_B314_p405_s078_rho175,5011,60.0,1,14.0026959,100,,super_barrido
super_P301_B314_p405_s078_rho175,5012,60.0,1,14.9265123,100,,super_barrido
super_P301_B314_p405_s078_rho175,5013,60.0,1,17.3871355,100,,super_barrido
super_P301_B314_p405_s078_rho175,5014,60.0,1,12.7324636,100,,super_barrido
super_P301_B314_p405_s078_rho175,5015,60.0,1,16.6528689,100,,super_barrido
super_P255_B251_p276_s119_rho175,5000,60.0,1,16.9255699,100,,super_barrido
super_P255_B251_p276_s119_rho175,5001,60.0,1,12.8650389,100,,super_barrido
super_P255_B251_p276_s119_rho175,5002,60.0,1,15.3891651,100,,super_barrido
super_P255_B251_p276_s119_rho175,5003,60.0,1,14.9178829,100,,super_barrido
super_P255_B251_p276_s119_rho175,5004,60.0,1,15.0795022,100,,super_barrido
super_P255_B251_p276_s119_rho175,5005,60.0,1,13.7696613,100,,super_barrido
super_P255_B251_p276_s119_rho175,5006,60.0,1,14.3793403,100,,super_barrido
super_P255_B251_p276_s119_rho175,5007,60.0,1,15.3400726,100,,super_barrido
super_P255_B251_p276_s119_rho175,5008,60.0,1,12.7074678,100,,super_barrido
super_P255_B251_p276_s119_rho175,5009,60.0,1,14.9698242,100,,super_barrido
super_P255_B251_p276_s119_rho175,5010,60.0,1,13.9611129,100,,super_barrido
super_P255_B251_p276_s119_rho175,5011,60.0,1,13.1755431,100,,super_barrido
super_P255_B251_p276_s119_rho175,5012,60.0,1,14.6686133,100,,super_barrido
super_P255_B251_p276_s119_rho175,5013,60.0,1,12.9202655,100,,super_barrido
super_P255_B251_p276_s119_rho175,5014,60.0,1,15.9713951,100,,super_barrido
super_P255_B251_p276_s119_rho175,5015,60.0,1,12.8673429,100,,super_barrido
super_P430_B285_p322_s084_rho175,5000,60.0,1,17.1132323,100,,super_barrido
super_P430_B285_p322_s084_rho175,5001,60.0,1,14.4851932,100,,super_barrido
super_P430_B285_p322_s084_rho175,5002,60.0,1,16.8385252,100,,super_barrido
super_P430_B285_p322_s084_rho175,5003,60.0,1,19.5889129,100,,super_barrido
super_P430_B285_p322_s084_rho175,5004,60.0,1,16.4558657,100,,super_barrido
super_P430_B285_p322_s084_rho175,5005,60.0,1,21.0523196,100,,super_barrido
super_P430_B285_p322_s084_rho175,5006,60.0,1,13.5911081,100,,super_barrido
super_P430_B285_p322_s084_rho175,5007,60.0,1,14.8364636,100,,super_barrido
super_P430_B285_p322_s084_rho175,5008,60.0,1,14.3415334,100,,super_barrido
super_P430_B285_p322_s084_rho175,5009,60.0,1,14.9373254,100,,super_barrido
super_P430_B285_p322_s084_rho175,5010,60.0,1,12.2121177,100,,super_barrido
super_P430_B285_p322_s084_rho175,5011,60.0,1,14.1785587,100,,super_barrido
super_P430_B285_p322_s084_rho175,5012,60.0,1,15.1106127,100,,super_barrido
super_P430_B285_p322_s084_rho175,5013,60.0,1,15.9813687,100,,super_barrido
super_P430_B285_p322_s084_rho175,5014,60.0,1,14.3764274,100,,super_barrido
super_P430_B285_p322_s084_rho175,5015,60.0,1,17.7218536,100,,super_barrido
super_P281_B390_p495_s151_rho175,5000,60.0,1,17.1846318,100,,super_barrido
super_P281_B390_p495_s151_rho175,5001,60.0,1,14.5123658,100,,super_barrido
super_P281_B390_p495_s151_rho175,5002,60.0,1,15.3918821,100,,super_barrido
super_P281_B390_p495_s151_rho175,5003,60.0,1,13.4021645,100,,super_barrido
super_P281_B390_p495_s151_rho175,5004,60.0,1,17.3155722,100,,super_barrido
super_P281_B390_p495_s151_rho175,5005,60.0,1,12.3121933,100,,super_barrido
super_P281_B390_p495_s151_rho175,5006,60.0,1,17.2129659,100,,super_barrido
super_P281_B390_p495_s151_rho175,5007,60.0,1,14.4084209,100,,super_barrido
super_P281_B390_p495_s151_rho175,5008,60.0,1,12.041998,100,,super_barrido
super_P281_B390_p495_s151_rho175,5009,60.0,1,19.4739851,100,,super_barrido
super_P281_B390_p495_s151_rho175,5010,60.0,1,15.3978551,100,,super_barrido
super_P281_B390_p495_s151_rho175,5011,60.0,1,12.8106613,100,,super_barrido
super_P281_B390_p495_s151_rho175,5012,60.0,1,13.0746808,100,,super_barrido
super_P281_B390_p495_s151_rho175,5013,60.0,1,16.7629452,100,,super_barrido
super_P281_B390_p495_s151_rho175,5014,60.0,1,13.7466996,100,,super_barrido
super_P281_B390_p495_s151_rho175,5015,60.0,1,14.0166356,100,,super_barrido
super_P389_B345_p352_s077_rho175,5000,60.0,1,15.8196047,100,,super_barrido
super_P389_B345_p352_s077_rho175,5001,60.0,1,18.2877652,100,,super_barrido
super_P389_B345_p352_s077_rho175,5002,60.0,1,15.0691082,100,,super_barrido
super_P389_B345_p352_s077_rho175,5003,60.0,1,12.2738572,100,,super_barrido
super_P389_B345_p352_s077_rho175,5004,60.0,1,15.1843182,100,,super_barrido
super_P389_B345_p352_s077_rho175,5005,60.0,1,12.7208935,100,,super_barrido
super_P389_B345_p352_s077_rho175,5006,60.0,1,15.0038736,100,,super_barrido
super_P389_B345_p352_s077_rho175,5007,60.0,1,13.3619495,100,,super_barrido
super_P389_B345_p352_s077_rho175,5008,60.0,1,18.9229434,100,,super_barrido
super_P389_B345_p352_s077_rho175,5009,60.0,1,17.4402787,100,,super_barrido
super_P389_B345_p352_s077_rho175,5010,60.0,1,15.7470064,100,,super_barrido
super_P389_B345_p352_s077_rho175,5011,60.0,1,17.3393192,100,,super_barrido
super_P389_B345_p352_s077_rho175,5012,60.0,1,16.5635561,100,,super_barrido
super_P389_B345_p352_s077_rho175,5013,60.0,1,18.0598419,100,,super_barrido
super_P389_B345_p352_s077_rho175,5014,60.0,1,12.8734084,100,,super_barrido
super_P389_B345_p352_s077_rho175,5015,60.0,1,15.3691753,100,,super_barrido
super_P410_B334_p263_s104_rho175,5000,60.0,1,18.4961047,100,,super_barrido
super_P410_B334_p263_s104_rho175,5001,60.0,1,15.99253,100,,super_barrido
super_P410_B334_p263_s104_rho175,5002,60.0,1,15.099281,100,,super_barrido
super_P410_B334_p263_s104_rho175,5003,60.0,1,13.4531237,100,,super_barrido
super_P410_B334_p263_s104_rho175,5004,60.0,1,14.53065,100,,super_barrido
super_P410_B334_p263_s104_rho175,5005,60.0,1,16.4082682,100,,super_barrido
super_P410_B334_p263_s104_rho175,5006,60.0,1,12.8420621,100,,super_barrido
super_P410_B334_p263_s104_rho175,5007,60.0,1,13.0471505,100,,super_barrido
super_P410_B334_p263_s104_rho175,5008,60.0,1,13.1280871,100,,super_barrido
super_P410_B334_p263_s104_rho175,5009,60.0,1,15.6063025,100,,super_barrido
super_P410_B334_p263_s104_rho175,5010,60.0,1,12.9546675,100,,super_barrido
super_P410_B334_p263_s104_rho175,5011,60.0,1,15.886304,100,,super_barrido
super_P410_B334_p263_s104_rho175,5012,60.0,1,14.6033358,100,,super_barrido
super_P410_B334_p263_s104_rho175,5013,60.0,1,14.2567264,100,,super_barrido
super_P410_B334_p263_s104_rho175,5014,60.0,1,14.9205826,100,,super_barrido
super_P410_B334_p263_s104_rho175,5015,60.0,1,14.6420753,100,,super_barrido
super_P356_B368_p461_s173_rho175,5000,60.0,1,16.9312949,100,,super_barrido
super_P356_B368_p461_s173_rho175,5001,60.0,1,19.7154217,100,,super_barrido
super_P356_B368_p461_s173_rho175,5002,60.0,1,14.7343835,100,,super_barrido
super_P356_B368_p461_s173_rho175,5003,60.0,1,16.97521,100,,super_barrido
super_P356_B368_p461_s173_rho175,5004,60.0,1,16.1493813,100,,super_barrido
super_P356_B368_p461_s173_rho175,5005,60.0,1,13.1924421,100,,super_barrido
super_P356_B368_p461_s173_rho175,5006,60.0,1,14.9213212,100,,super_barrido
super_P356_B368_p461_s173_rho175,5007,60.0,1,16.4089387,100,,super_barrido
super_P356_B368_p461_s173_rho175,5008,60.0,1,14.9517141,100,,super_barrido
super_P356_B368_p461_s173_rho175,5009,60.0,1,13.5012788,100,,super_barrido
super_P356_B368_p461_s173_rho175,5010,60.0,1,11.4537003,100,,super_barrido
super_P356_B368_p461_s173_rho175,5011,60.0,1,13.7953051,100,,super_barrido
super_P356_B368_p461_s173_rho175,5012,60.0,1,15.4729986,100,,super_barrido
super_P356_B368_p461_s173_rho175,5013,60.0,1,18.3362108,99,,super_barrido
super_P356_B368_p461_s173_rho175,5014,60.0,1,14.6217653,100,,super_barrido
super_P356_B368_p461_s173_rho175,5015,60.0,1,15.0500867,100,,super_barrido
super_P353_B222_p142_s140_rho175,5000,60.0,1,22.0848744,100,,super_barrido
super_P353_B222_p142_s140_rho175,5001,60.0,1,21.7033617,100,,super_barrido
super_P353_B222_p142_s140_rho175,5002,60.0,1,24.3882729,100,,super_barrido
super_P353_B222_p142_s140_rho175,5003,60.0,1,17.6308326,99,,super_barrido
super_P353_B222_p142_s140_rho175,5004,60.0,1,23.5906156,100,,super_barrido
super_P353_B222_p142_s140_rho175,5005,60.0,1,18.8832279,100,,super_barrido
super_P353_B222_p142_s140_rho175,5006,60.0,1,19.8726236,100,,super_barrido
super_P353_B222_p142_s140_rho175,5007,60.0,1,24.3369729,100,,super_barrido
super_P353_B222_p142_s140_rho175,5008,60.0,1,26.3415016,100,,super_barrido
super_P353_B222_p142_s140_rho175,5009,60.0,1,15.7948124,100,,super_barrido
super_P353_B222_p142_s140_rho175,5010,60.0,1,18.9651665,100,,super_barrido
super_P353_B222_p142_s140_rho175,5011,60.0,1,21.5164067,100,,super_barrido
super_P353_B222_p142_s140_rho175,5012,60.0,1,17.9279371,100,,super_barrido
super_P353_B222_p142_s140_rho175,5013,60.0,1,15.9951071,100,,super_barrido
super_P353_B222_p142_s140_rho175,5014,60.0,1,22.7423632,99,,super_barrido
super_P353_B222_p142_s140_rho175,5015,60.0,1,21.8323477,100,,super_barrido
super_P277_B268_p472_s113_rho175,5000,60.0,1,12.5081751,100,,super_barrido
super_P277_B268_p472_s113_rho175,5001,60.0,1,12.4160644,100,,super_barrido
super_P277_B268_p472_s113_rho175,5002,60.0,1,13.4483748,100,,super_barrido
super_P277_B268_p472_s113_rho175,5003,60.0,1,11.0782034,100,,super_barrido
super_P277_B268_p472_s113_rho175,5004,60.0,1,12.8192997,100,,super_barrido
super_P277_B268_p472_s113_rho175,5005,60.0,1,16.3527703,100,,super_barrido
super_P277_B268_p472_s113_rho175,5006,60.0,1,14.0606331,100,,super_barrido
super_P277_B268_p472_s113_rho175,5007,60.0,1,12.2247758,100,,super_barrido
super_P277_B268_p472_s113_rho175,5008,60.0,1,14.4231162,100,,super_barrido
super_P277_B268_p472_s113_rho175,5009,60.0,1,11.9716336,100,,super_barrido
super_P277_B268_p472_s113_rho175,5010,60.0,1,15.5888078,100,,super_barrido
super_P277_B268_p472_s113_rho175,5011,60.0,1,12.0927398,100,,super_barrido
super_P277_B268_p472_s113_rho175,5012,60.0,1,10.8733926,100,,super_barrido
super_P277_B268_p472_s113_rho175,5013,60.0,1,13.0179883,100,,super_barrido
super_P277_B268_p472_s113_rho175,5014,60.0,1,15.7780962,100,,super_barrido
super_P277_B268_p472_s113_rho175,5015,60.0,1,12.7475159,100,,super_barrido
super_P384_B365_p206_s195_rho175,5000,60.0,1,15.4627678,100,,super_barrido
super_P384_B365_p206_s195_rho175,5001,60.0,1,13.1391448,100,,super_barrido
super_P384_B365_p206_s195_rho175,5002,60.0,1,17.3534701,100,,super_barrido
super_P384_B365_p206_s195_rho175,5003,60.0,1,13.6891876,100,,super_barrido
super_P384_B365_p206_s195_rho175,5004,60.0,1,15.6819801,100,,super_barrido
super_P384_B365_p206_s195_rho175,5005,60.0,1,14.3441706,100,,super_barrido
super_P384_B365_p206_s195_rho175,5006,60.0,1,14.5293276,100,,super_barrido
super_P384_B365_p206_s195_rho175,5007,60.0,1,14.8508427,100,,super_barrido
super_P384_B365_p206_s195_rho175,5008,60.0,1,13.4069687,100,,super_barrido
super_P384_B365_p206_s195_rho175,5009,60.0,1,13.2490421,100,,super_barrido
super_P384_B365_p206_s195_rho175,5010,60.0,1,13.9987906,100,,super_barrido
super_P384_B365_p206_s195_rho175,5011,60.0,1,15.2217646,100,,super_barrido
super_P384_B365_p206_s195_rho175,5012,60.0,1,12.4437685,100,,super_barrido
super_P384_B365_p206_s195_rho175,5013,60.0,1,19.166239,100,,super_barrido
super_P384_B365_p206_s195_rho175,5014,60.0,1,16.0899336,100,,super_barrido
super_P384_B365_p206_s195_rho175,5015,60.0,1,16.3851826,100,,super_barrido
super_P289_B202_p214_s025_rho175,5000,60.0,1,22.2365734,100,,super_barrido
super_P289_B202_p214_s025_rho175,5001,60.0,1,12.9679274,100,,super_barrido
super_P289_B202_p214_s025_rho175,5002,60.0,1,16.7204549,100,,super_barrido
super_P289_B202_p214_s025_rho175,5003,60.0,1,16.3007518,100,,super_barrido
super_P289_B202_p214_s025_rho175,5004,60.0,1,18.5431492,100,,super_barrido
super_P289_B202_p214_s025_rho175,5005,60.0,1,13.2636136,100,,super_barrido
super_P289_B202_p214_s025_rho175,5006,60.0,1,16.7095776,100,,super_barrido
super_P289_B202_p214_s025_rho175,5007,60.0,1,13.3403831,100,,super_barrido
super_P289_B202_p214_s025_rho175,5008,60.0,1,18.3349916,100,,super_barrido
super_P289_B202_p214_s025_rho175,5009,60.0,1,16.6154134,100,,super_barrido
super_P289_B202_p214_s025_rho175,5010,60.0,1,13.1366763,100,,super_barrido
super_P289_B202_p214_s025_rho175,5011,60.0,1,17.8355335,100,,super_barrido
super_P289_B202_p214_s025_rho175,5012,60.0,1,16.5399142,100,,super_barrido
super_P289_B202_p214_s025_rho175,5013,60.0,1,17.9374145,100,,super_barrido
super_P289_B202_p214_s025_rho175,5014,60.0,1,16.7061187,100,,super_barrido
super_P289_B202_p214_s025_rho175,5015,60.0,1,21.1227171,100,,super_barrido
super_P223_B351_p374_s116_rho175,5000,60.0,1,15.9835618,100,,super_barrido
super_P223_B351_p374_s116_rho175,5001,60.0,1,15.2414872,100,,super_barrido
super_P223_B351_p374_s116_rho175,5002,60.0,1,16.1138641,100,,super_barrido
super_P223_B351_p374_s116_rho175,5003,60.0,1,12.1231143,100,,super_barrido
super_P223_B351_p374_s116_rho175,5004,60.0,1,14.8422501,100,,super_barrido
super_P223_B351_p374_s116_rho175,5005,60.0,1,12.1057428,100,,super_barrido
super_P223_B351_p374_s116_rho175,5006,60.0,1,15.1452829,100,,super_barrido
super_P223_B351_p374_s116_rho175,5007,60.0,1,15.097991,100,,super_barrido
super_P223_B351_p374_s116_rho175,5008,60.0,1,12.7368969,100,,super_barrido
super_P223_B351_p374_s116_rho175,5009,60.0,1,10.1185085,100,,super_barrido
super_P223_B351_p374_s116_rho175,5010,60.0,1,13.1988913,100,,super_barrido
super_P223_B351_p374_s116_rho175,5011,60.0,1,13.1981863,100,,super_barrido
super_P223_B351_p374_s116_rho175,5012,60.0,1,10.1783727,100,,super_barrido
super_P223_B351_p374_s116_rho175,5013,60.0,1,14.7430884,100,,super_barrido
super_P223_B351_p374_s116_rho175,5014,60.0,1,13.9921528,100,,super_barrido
super_P223_B351_p374_s116_rho175,5015,60.0,1,13.7791756,100,,super_barrido
super_P348_B377_p267_s042_rho175,5000,60.0,1,17.7689023,100,,super_barrido
super_P348_B377_p267_s042_rho175,5001,60.0,1,17.7108839,100,,super_barrido
super_P348_B377_p267_s042_rho175,5002,60.0,1,15.1095256,100,,super_barrido
super_P348_B377_p267_s042_rho175,5003,60.0,1,15.2112509,100,,super_barrido
super_P348_B377_p267_s042_rho175,5004,60.0,1,17.1250641,100,,super_barrido
super_P348_B377_p267_s042_rho175,5005,60.0,1,17.413145,100,,super_barrido
super_P348_B377_p267_s042_rho175,5006,60.0,1,17.7185733,100,,super_barrido
super_P348_B377_p267_s042_rho175,5007,60.0,1,17.1357466,100,,super_barrido
super_P348_B377_p267_s042_rho175,5008,60.0,1,14.4453958,100,,super_barrido
super_P348_B377_p267_s042_rho175,5009,60.0,1,17.3873881,100,,super_barrido
super_P348_B377_p267_s042_rho175,5010,60.0,1,15.7504042,100,,super_barrido
super_P348_B377_p267_s042_rho175,5011,60.0,1,17.4597955,100,,super_barrido
super_P348_B377_p267_s042_rho175,5012,60.0,1,14.0871558,100,,super_barrido
super_P348_B377_p267_s042_rho175,5013,60.0,1,12.7571516,100,,super_barrido
super_P348_B377_p267_s042_rho175,5014,60.0,1,15.0972277,100,,super_barrido
super_P348_B377_p267_s042_rho175,5015,60.0,1,16.3179196,100,,super_barrido
super_P382_B372_p188_s066_rho175,5000,60.0,1,13.8794943,100,,super_barrido
super_P382_B372_p188_s066_rho175,5001,60.0,1,12.1381793,100,,super_barrido
super_P382_B372_p188_s066_rho175,5002,60.0,1,14.3313203,100,,super_barrido
super_P382_B372_p188_s066_rho175,5003,60.0,1,18.6240545,100,,super_barrido
super_P382_B372_p188_s066_rho175,5004,60.0,1,16.8385643,100,,super_barrido
super_P382_B372_p188_s066_rho175,5005,60.0,1,12.1993064,100,,super_barrido
super_P382_B372_p188_s066_rho175,5006,60.0,1,14.8433165,100,,super_barrido
super_P382_B372_p188_s066_rho175,5007,60.0,1,15.3648955,100,,super_barrido
super_P382_B372_p188_s066_rho175,5008,60.0,1,18.9199487,100,,super_barrido
super_P382_B372_p188_s066_rho175,5009,60.0,1,17.5859523,100,,super_barrido
super_P382_B372_p188_s066_rho175,5010,60.0,1,15.0533795,100,,super_barrido
super_P382_B372_p188_s066_rho175,5011,60.0,1,13.7092293,100,,super_barrido
super_P382_B372_p188_s066_rho175,5012,60.0,1,14.8466844,100,,super_barrido
super_P382_B372_p188_s066_rho175,5013,60.0,1,19.4099909,100,,super_barrido
super_P382_B372_p188_s066_rho175,5014,60.0,1,16.6782244,100,,super_barrido
super_P382_B372_p188_s066_rho175,5015,60.0,1,13.7215389,100,,super_barrido
super_P370_B216_p290_s032_rho175,5000,60.0,1,12.4087958,100,,super_barrido
super_P370_B216_p290_s032_rho175,5001,60.0,1,13.9966964,100,,super_barrido
super_P370_B216_p290_s032_rho175,5002,60.0,1,13.2533786,100,,super_barrido
super_P370_B216_p290_s032_rho175,5003,60.0,1,12.3034449,100,,super_barrido
super_P370_B216_p290_s032_rho175,5004,60.0,1,15.8363669,100,,super_barrido
super_P370_B216_p290_s032_rho175,5005,60.0,1,19.7903293,100,,super_barrido
super_P370_B216_p290_s032_rho175,5006,60.0,1,17.6844407,100,,super_barrido
super_P370_B216_p290_s032_rho175,5007,60.0,1,15.7985974,100,,super_barrido
super_P370_B216_p290_s032_rho175,5008,60.0,1,17.1633293,100,,super_barrido
super_P370_B216_p290_s032_rho175,5009,60.0,1,14.6597307,100,,super_barrido
super_P370_B216_p290_s032_rho175,5010,60.0,1,13.5998267,100,,super_barrido
super_P370_B216_p290_s032_rho175,5011,60.0,1,16.9775323,100,,super_barrido
super_P370_B216_p290_s032_rho175,5012,60.0,1,13.9953093,100,,super_barrido
super_P370_B216_p290_s032_rho175,5013,60.0,1,15.6160082,100,,super_barrido
super_P370_B216_p290_s032_rho175,5014,60.0,1,12.8290286,100,,super_barrido
super_P370_B216_p290_s032_rho175,5015,60.0,1,16.584671,100,,super_barrido
super_P363_B240_p253_s012_rho175,5000,60.0,1,18.8638986,100,,super_barrido
super_P363_B240_p253_s012_rho175,5001,60.0,1,14.6946616,100,,super_barrido
super_P363_B240_p253_s012_rho175,5002,60.0,1,16.4541005,100,,super_barrido
super_P363_B240_p253_s012_rho175,5003,60.0,1,14.736316,100,,super_barrido
super_P363_B240_p253_s012_rho175,5004,60.0,1,13.084572,100,,super_barrido
super_P363_B240_p253_s012_rho175,5005,60.0,1,12.8216919,100,,super_barrido
super_P363_B240_p253_s012_rho175,5006,60.0,1,17.0391624,100,,super_barrido
super_P363_B240_p253_s012_rho175,5007,60.0,1,15.9232767,100,,super_barrido
super_P363_B240_p253_s012_rho175,5008,60.0,1,15.1852721,100,,super_barrido
super_P363_B240_p253_s012_rho175,5009,60.0,1,14.2080757,100,,super_barrido
super_P363_B240_p253_s012_rho175,5010,60.0,1,12.1854128,100,,super_barrido
super_P363_B240_p253_s012_rho175,5011,60.0,1,15.1707849,100,,super_barrido
super_P363_B240_p253_s012_rho175,5012,60.0,1,14.2503248,100,,super_barrido
super_P363_B240_p253_s012_rho175,5013,60.0,1,11.6955572,100,,super_barrido
super_P363_B240_p253_s012_rho175,5014,60.0,1,15.7421486,100,,super_barrido
super_P363_B240_p253_s012_rho175,5015,60.0,1,13.1131839,99,,super_barrido
super_P421_B238_p479_s181_rho175,5000,60.0,1,14.54375,100,,super_barrido
super_P421_B238_p479_s181_rho175,5001,60.0,1,16.7819096,100,,super_barrido
super_P421_B238_p479_s181_rho175,5002,60.0,1,16.1677724,100,,super_barrido
super_P421_B238_p479_s181_rho175,5003,60.0,1,15.7145427,100,,super_barrido
super_P421_B238_p479_s181_rho175,5004,60.0,1,19.4405462,100,,super_barrido
super_P421_B238_p479_s181_rho175,5005,60.0,1,16.4931774,100,,super_barrido
super_P421_B238_p479_s181_rho175,5006,60.0,1,17.6366267,100,,super_barrido
super_P421_B238_p479_s181_rho175,5007,60.0,1,18.0044704,100,,super_barrido
super_P421_B238_p479_s181_rho175,5008,60.0,1,18.7796791,100,,super_barrido
super_P421_B238_p479_s181_rho175,5009,60.0,1,15.8859925,100,,super_barrido
super_P421_B238_p479_s181_rho175,5010,60.0,1,16.6623341,100,,super_barrido
super_P421_B238_p479_s181_rho175,5011,60.0,1,16.9174018,100,,super_barrido
super_P421_B238_p479_s181_rho175,5012,60.0,1,16.5379646,100,,super_barrido
super_P421_B238_p479_s181_rho175,5013,60.0,1,14.8679922,100,,super_barrido
super_P421_B238_p479_s181_rho175,5014,60.0,1,17.0632967,100,,super_barrido
super_P421_B238_p479_s181_rho175,5015,60.0,1,13.9919658,100,,super_barrido
super_P284_B354_p472_s099_rho175,5000,60.0,1,11.7921691,100,,super_barrido
super_P284_B354_p472_s099_rho175,5001,60.0,1,13.6934836,100,,super_barrido
super_P284_B354_p472_s099_rho175,5002,60.0,1,18.2126138,100,,super_barrido
super_P284_B354_p472_s099_rho175,5003,60.0,1,12.5740083,100,,super_barrido
super_P284_B354_p472_s099_rho175,5004,60.0,1,11.9322629,100,,super_barrido
super_P284_B354_p472_s099_rho175,5005,60.0,1,11.7295398,100,,super_barrido
super_P284_B354_p472_s099_rho175,5006,60.0,1,11.6868531,100,,super_barrido
super_P284_B354_p472_s099_rho175,5007,60.0,1,14.8892887,100,,super_barrido
super_P284_B354_p472_s099_rho175,5008,60.0,1,14.3805768,100,,super_barrido
super_P284_B354_p472_s099_rho175,5009,60.0,1,12.7305087,100,,super_barrido
super_P284_B354_p472_s099_rho175,5010,60.0,1,16.0644643,100,,super_barrido
super_P284_B354_p472_s099_rho175,5011,60.0,1,13.9455127,100,,super_barrido
super_P284_B354_p472_s099_rho175,5012,60.0,1,13.2953524,100,,super_barrido
super_P284_B354_p472_s099_rho175,5013,60.0,1,13.4003714,100,,super_barrido
super_P284_B354_p472_s099_rho175,5014,60.0,1,18.5390217,100,,super_barrido
super_P284_B354_p472_s099_rho175,5015,60.0,1,15.1828553,100,,super_barrido
super_P436_B327_p146_s072_rho175,5000,60.0,1,13.9877421,100,,super_barrido
super_P436_B327_p146_s072_rho175,5001,60.0,1,16.3072732,100,,super_barrido
super_P436_B327_p146_s072_rho175,5002,60.0,1,16.8315681,100,,super_barrido
super_P436_B327_p146_s072_rho175,5003,60.0,1,14.3345631,100,,super_barrido
super_P436_B327_p146_s072_rho175,5004,60.0,1,14.9642776,100,,super_barrido
super_P436_B327_p146_s072_rho175,5005,60.0,1,15.5841107,100,,super_barrido
super_P436_B327_p146_s072_rho175,5006,60.0,1,15.8154788,100,,super_barrido
super_P436_B327_p146_s072_rho175,5007,60.0,1,15.8903063,100,,super_barrido
super_P436_B327_p146_s072_rho175,5008,60.0,1,13.099959,100,,super_barrido
super_P436_B327_p146_s072_rho175,5009,60.0,1,14.0087774,100,,super_barrido
super_P436_B327_p146_s072_rho175,5010,60.0,1,16.9829815,100,,super_barrido
super_P436_B327_p146_s072_rho175,5011,60.0,1,15.9132169,100,,super_barrido
super_P436_B327_p146_s072_rho175,5012,60.0,1,17.21442,100,,super_barrido
super_P436_B327_p146_s072_rho175,5013,60.0,1,15.7488507,100,,super_barrido
super_P436_B327_p146_s072_rho175,5014,60.0,1,14.8703467,100,,super_barrido
super_P436_B327_p146_s072_rho175,5015,60.0,1,14.3882068,100,,super_barrido
super_P288_B203_p193_s105_rho175,5000,60.0,0,,0,error: no se pudo ubicar la particula 94 de 100 tras 10000 intentos: la configuracion no permite generar las N particulas (restriccion ii del punto 1.2),super_barrido
super_P288_B203_p193_s105_rho175,5001,60.0,1,21.3432415,100,,super_barrido
super_P288_B203_p193_s105_rho175,5002,60.0,1,17.1270617,100,,super_barrido
super_P288_B203_p193_s105_rho175,5003,60.0,1,17.8672486,99,,super_barrido
super_P288_B203_p193_s105_rho175,5004,60.0,1,18.2302901,100,,super_barrido
super_P288_B203_p193_s105_rho175,5005,60.0,1,16.8469965,100,,super_barrido
super_P288_B203_p193_s105_rho175,5006,60.0,1,18.3158192,100,,super_barrido
super_P288_B203_p193_s105_rho175,5007,60.0,0,,0,error: no se pudo ubicar la particula 95 de 100 tras 10000 intentos: la configuracion no permite generar las N particulas (restriccion ii del punto 1.2),super_barrido
super_P288_B203_p193_s105_rho175,5008,60.0,0,,0,error: no se pudo ubicar la particula 96 de 100 tras 10000 intentos: la configuracion no permite generar las N particulas (restriccion ii del punto 1.2),super_barrido
super_P288_B203_p193_s105_rho175,5009,60.0,1,21.3360932,100,,super_barrido
super_P288_B203_p193_s105_rho175,5010,60.0,1,24.3661734,100,,super_barrido
super_P288_B203_p193_s105_rho175,5011,60.0,1,20.739276,100,,super_barrido
super_P288_B203_p193_s105_rho175,5012,60.0,0,,0,error: no se pudo ubicar la particula 99 de 100 tras 10000 intentos: la configuracion no permite generar las N particulas (restriccion ii del punto 1.2),super_barrido
super_P288_B203_p193_s105_rho175,5013,60.0,1,16.7116564,100,,super_barrido
super_P288_B203_p193_s105_rho175,5014,60.0,0,,0,error: no se pudo ubicar la particula 96 de 100 tras 10000 intentos: la configuracion no permite generar las N particulas (restriccion ii del punto 1.2),super_barrido
super_P288_B203_p193_s105_rho175,5015,60.0,1,18.0933813,100,,super_barrido
super_P413_B362_p300_s070_rho175,5000,60.0,1,15.2599173,100,,super_barrido
super_P413_B362_p300_s070_rho175,5001,60.0,1,18.9924994,99,,super_barrido
super_P413_B362_p300_s070_rho175,5002,60.0,1,16.6593507,100,,super_barrido
super_P413_B362_p300_s070_rho175,5003,60.0,1,17.3024426,100,,super_barrido
super_P413_B362_p300_s070_rho175,5004,60.0,1,13.360598,100,,super_barrido
super_P413_B362_p300_s070_rho175,5005,60.0,1,13.7233881,100,,super_barrido
super_P413_B362_p300_s070_rho175,5006,60.0,1,17.8839454,100,,super_barrido
super_P413_B362_p300_s070_rho175,5007,60.0,1,19.2109389,100,,super_barrido
super_P413_B362_p300_s070_rho175,5008,60.0,1,16.5768916,100,,super_barrido
super_P413_B362_p300_s070_rho175,5009,60.0,1,17.0507626,100,,super_barrido
super_P413_B362_p300_s070_rho175,5010,60.0,1,13.1568127,100,,super_barrido
super_P413_B362_p300_s070_rho175,5011,60.0,1,14.9909503,100,,super_barrido
super_P413_B362_p300_s070_rho175,5012,60.0,1,14.8178565,100,,super_barrido
super_P413_B362_p300_s070_rho175,5013,60.0,1,15.8937118,100,,super_barrido
super_P413_B362_p300_s070_rho175,5014,60.0,1,14.3876652,100,,super_barrido
super_P413_B362_p300_s070_rho175,5015,60.0,1,15.5254323,100,,super_barrido
super_P274_B396_p173_s017_rho175,5000,60.0,1,12.703387,100,,super_barrido
super_P274_B396_p173_s017_rho175,5001,60.0,1,13.8790339,100,,super_barrido
super_P274_B396_p173_s017_rho175,5002,60.0,1,12.9537005,100,,super_barrido
super_P274_B396_p173_s017_rho175,5003,60.0,1,14.9029002,100,,super_barrido
super_P274_B396_p173_s017_rho175,5004,60.0,1,13.4879514,100,,super_barrido
super_P274_B396_p173_s017_rho175,5005,60.0,1,14.4814489,100,,super_barrido
super_P274_B396_p173_s017_rho175,5006,60.0,1,15.2939474,100,,super_barrido
super_P274_B396_p173_s017_rho175,5007,60.0,1,13.3035494,100,,super_barrido
super_P274_B396_p173_s017_rho175,5008,60.0,1,15.661543,100,,super_barrido
super_P274_B396_p173_s017_rho175,5009,60.0,1,16.3830305,100,,super_barrido
super_P274_B396_p173_s017_rho175,5010,60.0,1,11.6353881,100,,super_barrido
super_P274_B396_p173_s017_rho175,5011,60.0,1,16.3973154,100,,super_barrido
super_P274_B396_p173_s017_rho175,5012,60.0,1,14.620654,100,,super_barrido
super_P274_B396_p173_s017_rho175,5013,60.0,1,12.8743284,100,,super_barrido
super_P274_B396_p173_s017_rho175,5014,60.0,1,12.8288186,100,,super_barrido
super_P274_B396_p173_s017_rho175,5015,60.0,1,14.2357467,100,,super_barrido
super_P313_B296_p420_s025_rho175,5000,60.0,1,13.7084863,100,,super_barrido
super_P313_B296_p420_s025_rho175,5001,60.0,1,13.9134518,100,,super_barrido
super_P313_B296_p420_s025_rho175,5002,60.0,1,15.7757554,100,,super_barrido
super_P313_B296_p420_s025_rho175,5003,60.0,1,14.032092,100,,super_barrido
super_P313_B296_p420_s025_rho175,5004,60.0,1,16.89301,100,,super_barrido
super_P313_B296_p420_s025_rho175,5005,60.0,1,17.9624146,100,,super_barrido
super_P313_B296_p420_s025_rho175,5006,60.0,1,13.7446644,100,,super_barrido
super_P313_B296_p420_s025_rho175,5007,60.0,1,14.0402418,100,,super_barrido
super_P313_B296_p420_s025_rho175,5008,60.0,1,12.1037989,100,,super_barrido
super_P313_B296_p420_s025_rho175,5009,60.0,1,16.0788264,100,,super_barrido
super_P313_B296_p420_s025_rho175,5010,60.0,1,13.6906035,100,,super_barrido
super_P313_B296_p420_s025_rho175,5011,60.0,1,14.8560462,100,,super_barrido
super_P313_B296_p420_s025_rho175,5012,60.0,1,15.0048049,100,,super_barrido
super_P313_B296_p420_s025_rho175,5013,60.0,1,18.0004596,100,,super_barrido
super_P313_B296_p420_s025_rho175,5014,60.0,1,13.2259102,100,,super_barrido
super_P313_B296_p420_s025_rho175,5015,60.0,1,13.8127342,100,,super_barrido
super_P351_B230_p314_s188_rho175,5000,60.0,1,14.6833246,100,,super_barrido
super_P351_B230_p314_s188_rho175,5001,60.0,1,15.738255,100,,super_barrido
super_P351_B230_p314_s188_rho175,5002,60.0,1,16.2132863,100,,super_barrido
super_P351_B230_p314_s188_rho175,5003,60.0,1,16.290836,100,,super_barrido
super_P351_B230_p314_s188_rho175,5004,60.0,1,14.7388111,100,,super_barrido
super_P351_B230_p314_s188_rho175,5005,60.0,1,14.4539754,100,,super_barrido
super_P351_B230_p314_s188_rho175,5006,60.0,1,17.1355127,100,,super_barrido
super_P351_B230_p314_s188_rho175,5007,60.0,1,14.594806,100,,super_barrido
super_P351_B230_p314_s188_rho175,5008,60.0,1,12.6131368,100,,super_barrido
super_P351_B230_p314_s188_rho175,5009,60.0,1,16.9931753,100,,super_barrido
super_P351_B230_p314_s188_rho175,5010,60.0,1,14.4363354,100,,super_barrido
super_P351_B230_p314_s188_rho175,5011,60.0,1,13.2387583,100,,super_barrido
super_P351_B230_p314_s188_rho175,5012,60.0,1,18.139734,100,,super_barrido
super_P351_B230_p314_s188_rho175,5013,60.0,1,11.6717074,100,,super_barrido
super_P351_B230_p314_s188_rho175,5014,60.0,1,12.7134776,100,,super_barrido
super_P351_B230_p314_s188_rho175,5015,60.0,1,13.456506,100,,super_barrido
super_P427_B384_p232_s138_rho175,5000,60.0,1,17.3494084,100,,super_barrido
super_P427_B384_p232_s138_rho175,5001,60.0,1,16.064068,100,,super_barrido
super_P427_B384_p232_s138_rho175,5002,60.0,1,17.1392685,100,,super_barrido
super_P427_B384_p232_s138_rho175,5003,60.0,1,21.0130647,100,,super_barrido
super_P427_B384_p232_s138_rho175,5004,60.0,1,15.0632482,100,,super_barrido
super_P427_B384_p232_s138_rho175,5005,60.0,1,17.6690288,100,,super_barrido
super_P427_B384_p232_s138_rho175,5006,60.0,1,15.8471021,100,,super_barrido
super_P427_B384_p232_s138_rho175,5007,60.0,1,16.8786449,100,,super_barrido
super_P427_B384_p232_s138_rho175,5008,60.0,1,17.9755377,100,,super_barrido
super_P427_B384_p232_s138_rho175,5009,60.0,1,16.0842664,100,,super_barrido
super_P427_B384_p232_s138_rho175,5010,60.0,1,14.1005004,100,,super_barrido
super_P427_B384_p232_s138_rho175,5011,60.0,1,17.6306903,100,,super_barrido
super_P427_B384_p232_s138_rho175,5012,60.0,1,19.5595144,100,,super_barrido
super_P427_B384_p232_s138_rho175,5013,60.0,1,15.7974372,100,,super_barrido
super_P427_B384_p232_s138_rho175,5014,60.0,1,15.5256041,100,,super_barrido
super_P427_B384_p232_s138_rho175,5015,60.0,1,13.6597845,100,,super_barrido
super_P366_B237_p448_s127_rho175,5000,60.0,1,15.7708517,100,,super_barrido
super_P366_B237_p448_s127_rho175,5001,60.0,1,13.9005303,100,,super_barrido
super_P366_B237_p448_s127_rho175,5002,60.0,1,13.6270124,100,,super_barrido
super_P366_B237_p448_s127_rho175,5003,60.0,1,14.5380187,100,,super_barrido
super_P366_B237_p448_s127_rho175,5004,60.0,1,14.7034895,100,,super_barrido
super_P366_B237_p448_s127_rho175,5005,60.0,1,14.793298,100,,super_barrido
super_P366_B237_p448_s127_rho175,5006,60.0,1,13.9636632,100,,super_barrido
super_P366_B237_p448_s127_rho175,5007,60.0,1,13.4985282,100,,super_barrido
super_P366_B237_p448_s127_rho175,5008,60.0,1,12.3237919,100,,super_barrido
super_P366_B237_p448_s127_rho175,5009,60.0,1,13.6860783,100,,super_barrido
super_P366_B237_p448_s127_rho175,5010,60.0,1,13.0186677,100,,super_barrido
super_P366_B237_p448_s127_rho175,5011,60.0,1,14.5830942,100,,super_barrido
super_P366_B237_p448_s127_rho175,5012,60.0,1,14.8841763,100,,super_barrido
super_P366_B237_p448_s127_rho175,5013,60.0,1,14.6571052,100,,super_barrido
super_P366_B237_p448_s127_rho175,5014,60.0,1,16.970869,100,,super_barrido
super_P366_B237_p448_s127_rho175,5015,60.0,1,14.964385,100,,super_barrido
super_P333_B298_p131_s156_rho175,5000,60.0,1,15.3391851,100,,super_barrido
super_P333_B298_p131_s156_rho175,5001,60.0,1,17.1558433,100,,super_barrido
super_P333_B298_p131_s156_rho175,5002,60.0,1,15.7148821,100,,super_barrido
super_P333_B298_p131_s156_rho175,5003,60.0,1,18.7505187,99,,super_barrido
super_P333_B298_p131_s156_rho175,5004,60.0,1,18.0122286,100,,super_barrido
super_P333_B298_p131_s156_rho175,5005,60.0,1,15.467445,100,,super_barrido
super_P333_B298_p131_s156_rho175,5006,60.0,1,17.7320701,100,,super_barrido
super_P333_B298_p131_s156_rho175,5007,60.0,1,19.2158345,100,,super_barrido
super_P333_B298_p131_s156_rho175,5008,60.0,1,16.1556884,100,,super_barrido
super_P333_B298_p131_s156_rho175,5009,60.0,1,12.2904427,100,,super_barrido
super_P333_B298_p131_s156_rho175,5010,60.0,1,12.8325919,100,,super_barrido
super_P333_B298_p131_s156_rho175,5011,60.0,1,16.5226438,100,,super_barrido
super_P333_B298_p131_s156_rho175,5012,60.0,1,17.2755514,100,,super_barrido
super_P333_B298_p131_s156_rho175,5013,60.0,1,18.4404429,100,,super_barrido
super_P333_B298_p131_s156_rho175,5014,60.0,1,15.4826145,100,,super_barrido
super_P333_B298_p131_s156_rho175,5015,60.0,1,16.7179145,100,,super_barrido
super_P322_B305_p180_s111_rho175,5000,60.0,1,15.1125185,100,,super_barrido
super_P322_B305_p180_s111_rho175,5001,60.0,1,15.8516511,100,,super_barrido
super_P322_B305_p180_s111_rho175,5002,60.0,1,15.4069871,100,,super_barrido
super_P322_B305_p180_s111_rho175,5003,60.0,1,13.6287245,100,,super_barrido
super_P322_B305_p180_s111_rho175,5004,60.0,1,16.899188,100,,super_barrido
super_P322_B305_p180_s111_rho175,5005,60.0,1,12.2215056,100,,super_barrido
super_P322_B305_p180_s111_rho175,5006,60.0,1,13.2377554,100,,super_barrido
super_P322_B305_p180_s111_rho175,5007,60.0,1,13.7390955,100,,super_barrido
super_P322_B305_p180_s111_rho175,5008,60.0,1,20.0172607,100,,super_barrido
super_P322_B305_p180_s111_rho175,5009,60.0,1,13.269922,100,,super_barrido
super_P322_B305_p180_s111_rho175,5010,60.0,1,14.8178613,100,,super_barrido
super_P322_B305_p180_s111_rho175,5011,60.0,1,12.4685875,100,,super_barrido
super_P322_B305_p180_s111_rho175,5012,60.0,1,13.9412737,100,,super_barrido
super_P322_B305_p180_s111_rho175,5013,60.0,1,14.7255222,100,,super_barrido
super_P322_B305_p180_s111_rho175,5014,60.0,1,12.4072079,100,,super_barrido
super_P322_B305_p180_s111_rho175,5015,60.0,1,13.5843056,100,,super_barrido
super_P324_B233_p237_s038_rho175,5000,60.0,1,12.6683334,100,,super_barrido
super_P324_B233_p237_s038_rho175,5001,60.0,1,14.4556052,100,,super_barrido
super_P324_B233_p237_s038_rho175,5002,60.0,1,15.3354053,100,,super_barrido
super_P324_B233_p237_s038_rho175,5003,60.0,1,16.9608644,100,,super_barrido
super_P324_B233_p237_s038_rho175,5004,60.0,1,14.1844931,100,,super_barrido
super_P324_B233_p237_s038_rho175,5005,60.0,1,13.0001243,99,,super_barrido
super_P324_B233_p237_s038_rho175,5006,60.0,1,15.3907628,100,,super_barrido
super_P324_B233_p237_s038_rho175,5007,60.0,1,12.347681,100,,super_barrido
super_P324_B233_p237_s038_rho175,5008,60.0,1,11.607671,100,,super_barrido
super_P324_B233_p237_s038_rho175,5009,60.0,1,10.831621,100,,super_barrido
super_P324_B233_p237_s038_rho175,5010,60.0,1,10.8700252,100,,super_barrido
super_P324_B233_p237_s038_rho175,5011,60.0,1,13.0443838,100,,super_barrido
super_P324_B233_p237_s038_rho175,5012,60.0,1,14.8027938,100,,super_barrido
super_P324_B233_p237_s038_rho175,5013,60.0,1,10.6351113,100,,super_barrido
super_P324_B233_p237_s038_rho175,5014,60.0,1,14.5453271,100,,super_barrido
super_P324_B233_p237_s038_rho175,5015,60.0,1,13.3107721,100,,super_barrido
super_P380_B341_p161_s080_rho175,5000,60.0,1,16.0430115,100,,super_barrido
super_P380_B341_p161_s080_rho175,5001,60.0,1,16.699828,100,,super_barrido
super_P380_B341_p161_s080_rho175,5002,60.0,1,19.5497046,100,,super_barrido
super_P380_B341_p161_s080_rho175,5003,60.0,1,15.3541728,100,,super_barrido
super_P380_B341_p161_s080_rho175,5004,60.0,1,13.6721944,100,,super_barrido
super_P380_B341_p161_s080_rho175,5005,60.0,1,15.1312375,100,,super_barrido
super_P380_B341_p161_s080_rho175,5006,60.0,1,13.1011602,100,,super_barrido
super_P380_B341_p161_s080_rho175,5007,60.0,1,13.1925762,100,,super_barrido
super_P380_B341_p161_s080_rho175,5008,60.0,1,14.6821331,100,,super_barrido
super_P380_B341_p161_s080_rho175,5009,60.0,1,11.2850971,100,,super_barrido
super_P380_B341_p161_s080_rho175,5010,60.0,1,14.7065081,100,,super_barrido
super_P380_B341_p161_s080_rho175,5011,60.0,1,17.947138,100,,super_barrido
super_P380_B341_p161_s080_rho175,5012,60.0,1,14.5602563,100,,super_barrido
super_P380_B341_p161_s080_rho175,5013,60.0,1,12.7997763,100,,super_barrido
super_P380_B341_p161_s080_rho175,5014,60.0,1,14.0171413,100,,super_barrido
super_P380_B341_p161_s080_rho175,5015,60.0,1,14.7557241,100,,super_barrido
super_P418_B359_p437_s186_rho175,5000,60.0,1,19.6433895,100,,super_barrido
super_P418_B359_p437_s186_rho175,5001,60.0,1,17.3792427,100,,super_barrido
super_P418_B359_p437_s186_rho175,5002,60.0,1,16.2060354,100,,super_barrido
super_P418_B359_p437_s186_rho175,5003,60.0,1,16.7382811,100,,super_barrido
super_P418_B359_p437_s186_rho175,5004,60.0,1,18.7730256,100,,super_barrido
super_P418_B359_p437_s186_rho175,5005,60.0,1,16.3327859,100,,super_barrido
super_P418_B359_p437_s186_rho175,5006,60.0,1,16.9051346,100,,super_barrido
super_P418_B359_p437_s186_rho175,5007,60.0,1,13.6970698,100,,super_barrido
super_P418_B359_p437_s186_rho175,5008,60.0,1,16.732223,100,,super_barrido
super_P418_B359_p437_s186_rho175,5009,60.0,1,13.6752118,100,,super_barrido
super_P418_B359_p437_s186_rho175,5010,60.0,1,13.9559227,100,,super_barrido
super_P418_B359_p437_s186_rho175,5011,60.0,1,18.4761126,100,,super_barrido
super_P418_B359_p437_s186_rho175,5012,60.0,1,15.4560088,100,,super_barrido
super_P418_B359_p437_s186_rho175,5013,60.0,1,13.1905185,100,,super_barrido
super_P418_B359_p437_s186_rho175,5014,60.0,1,19.3379153,100,,super_barrido
super_P418_B359_p437_s186_rho175,5015,60.0,1,19.6737507,100,,super_barrido
super_P297_B322_p325_s062_rho175,5000,60.0,1,14.8674135,100,,super_barrido
super_P297_B322_p325_s062_rho175,5001,60.0,1,13.1187676,100,,super_barrido
super_P297_B322_p325_s062_rho175,5002,60.0,1,14.8124214,100,,super_barrido
super_P297_B322_p325_s062_rho175,5003,60.0,1,13.4406639,100,,super_barrido
super_P297_B322_p325_s062_rho175,5004,60.0,1,14.7573334,100,,super_barrido
super_P297_B322_p325_s062_rho175,5005,60.0,1,16.7279173,100,,super_barrido
super_P297_B322_p325_s062_rho175,5006,60.0,1,13.1609545,100,,super_barrido
super_P297_B322_p325_s062_rho175,5007,60.0,1,14.6803426,100,,super_barrido
super_P297_B322_p325_s062_rho175,5008,60.0,1,12.3317219,100,,super_barrido
super_P297_B322_p325_s062_rho175,5009,60.0,1,17.1141225,100,,super_barrido
super_P297_B322_p325_s062_rho175,5010,60.0,1,16.0800417,100,,super_barrido
super_P297_B322_p325_s062_rho175,5011,60.0,1,12.1263867,100,,super_barrido
super_P297_B322_p325_s062_rho175,5012,60.0,1,13.8226905,100,,super_barrido
super_P297_B322_p325_s062_rho175,5013,60.0,1,14.5536645,100,,super_barrido
super_P297_B322_p325_s062_rho175,5014,60.0,1,13.7775095,100,,super_barrido
super_P297_B322_p325_s062_rho175,5015,60.0,1,12.6826426,100,,super_barrido
super_P239_B306_p256_s045_rho175,5000,60.0,1,12.5661839,100,,super_barrido
super_P239_B306_p256_s045_rho175,5001,60.0,1,14.3992804,100,,super_barrido
super_P239_B306_p256_s045_rho175,5002,60.0,1,14.9768832,100,,super_barrido
super_P239_B306_p256_s045_rho175,5003,60.0,1,15.0343555,100,,super_barrido
super_P239_B306_p256_s045_rho175,5004,60.0,1,12.7786838,100,,super_barrido
super_P239_B306_p256_s045_rho175,5005,60.0,1,14.2481847,100,,super_barrido
super_P239_B306_p256_s045_rho175,5006,60.0,1,16.4814604,100,,super_barrido
super_P239_B306_p256_s045_rho175,5007,60.0,1,13.9268217,100,,super_barrido
super_P239_B306_p256_s045_rho175,5008,60.0,1,11.6872207,100,,super_barrido
super_P239_B306_p256_s045_rho175,5009,60.0,1,13.272631,100,,super_barrido
super_P239_B306_p256_s045_rho175,5010,60.0,1,16.352358,100,,super_barrido
super_P239_B306_p256_s045_rho175,5011,60.0,1,14.4127062,100,,super_barrido
super_P239_B306_p256_s045_rho175,5012,60.0,1,13.6054558,100,,super_barrido
super_P239_B306_p256_s045_rho175,5013,60.0,1,12.5475793,100,,super_barrido
super_P239_B306_p256_s045_rho175,5014,60.0,1,16.6624854,100,,super_barrido
super_P239_B306_p256_s045_rho175,5015,60.0,1,15.153813,100,,super_barrido
super_P447_B290_p484_s091_rho175,5000,60.0,1,18.1858974,100,,super_barrido
super_P447_B290_p484_s091_rho175,5001,60.0,1,17.2564364,100,,super_barrido
super_P447_B290_p484_s091_rho175,5002,60.0,1,13.8154455,100,,super_barrido
super_P447_B290_p484_s091_rho175,5003,60.0,1,15.8820897,100,,super_barrido
super_P447_B290_p484_s091_rho175,5004,60.0,1,15.9020406,100,,super_barrido
super_P447_B290_p484_s091_rho175,5005,60.0,1,15.3851962,100,,super_barrido
super_P447_B290_p484_s091_rho175,5006,60.0,1,15.6055067,100,,super_barrido
super_P447_B290_p484_s091_rho175,5007,60.0,1,17.0183842,100,,super_barrido
super_P447_B290_p484_s091_rho175,5008,60.0,1,17.0920316,100,,super_barrido
super_P447_B290_p484_s091_rho175,5009,60.0,1,12.8543779,100,,super_barrido
super_P447_B290_p484_s091_rho175,5010,60.0,1,14.4472976,100,,super_barrido
super_P447_B290_p484_s091_rho175,5011,60.0,1,15.5007304,99,,super_barrido
super_P447_B290_p484_s091_rho175,5012,60.0,1,15.535436,100,,super_barrido
super_P447_B290_p484_s091_rho175,5013,60.0,1,19.1426625,100,,super_barrido
super_P447_B290_p484_s091_rho175,5014,60.0,1,17.1953255,100,,super_barrido
super_P447_B290_p484_s091_rho175,5015,60.0,1,15.779984,100,,super_barrido
super_P270_B289_p310_s002_rho175,5000,60.0,1,12.5620352,100,,super_barrido
super_P270_B289_p310_s002_rho175,5001,60.0,1,11.3091705,100,,super_barrido
super_P270_B289_p310_s002_rho175,5002,60.0,1,12.4528164,100,,super_barrido
super_P270_B289_p310_s002_rho175,5003,60.0,1,13.9245916,100,,super_barrido
super_P270_B289_p310_s002_rho175,5004,60.0,1,12.6223218,100,,super_barrido
super_P270_B289_p310_s002_rho175,5005,60.0,1,13.5901871,100,,super_barrido
super_P270_B289_p310_s002_rho175,5006,60.0,1,13.3831699,100,,super_barrido
super_P270_B289_p310_s002_rho175,5007,60.0,1,12.9603084,100,,super_barrido
super_P270_B289_p310_s002_rho175,5008,60.0,1,14.7294175,100,,super_barrido
super_P270_B289_p310_s002_rho175,5009,60.0,1,13.785878,100,,super_barrido
super_P270_B289_p310_s002_rho175,5010,60.0,1,12.4843716,100,,super_barrido
super_P270_B289_p310_s002_rho175,5011,60.0,1,9.90305173,100,,super_barrido
super_P270_B289_p310_s002_rho175,5012,60.0,1,13.7369299,100,,super_barrido
super_P270_B289_p310_s002_rho175,5013,60.0,1,12.8988082,100,,super_barrido
super_P270_B289_p310_s002_rho175,5014,60.0,1,12.241873,100,,super_barrido
super_P270_B289_p310_s002_rho175,5015,60.0,1,14.2322723,100,,super_barrido
super_P262_B302_p279_s108_rho175,5000,60.0,1,13.455127,100,,super_barrido
super_P262_B302_p279_s108_rho175,5001,60.0,1,13.1441059,100,,super_barrido
super_P262_B302_p279_s108_rho175,5002,60.0,1,11.6289132,100,,super_barrido
super_P262_B302_p279_s108_rho175,5003,60.0,1,14.7779124,100,,super_barrido
super_P262_B302_p279_s108_rho175,5004,60.0,1,14.088399,100,,super_barrido
super_P262_B302_p279_s108_rho175,5005,60.0,1,12.7924831,100,,super_barrido
super_P262_B302_p279_s108_rho175,5006,60.0,1,13.8813742,100,,super_barrido
super_P262_B302_p279_s108_rho175,5007,60.0,1,12.3207412,100,,super_barrido
super_P262_B302_p279_s108_rho175,5008,60.0,1,16.3648635,100,,super_barrido
super_P262_B302_p279_s108_rho175,5009,60.0,1,10.9186353,100,,super_barrido
super_P262_B302_p279_s108_rho175,5010,60.0,1,16.4722343,100,,super_barrido
super_P262_B302_p279_s108_rho175,5011,60.0,1,12.7128132,100,,super_barrido
super_P262_B302_p279_s108_rho175,5012,60.0,1,11.8974217,100,,super_barrido
super_P262_B302_p279_s108_rho175,5013,60.0,1,14.6731,100,,super_barrido
super_P262_B302_p279_s108_rho175,5014,60.0,1,13.5449216,100,,super_barrido
super_P262_B302_p279_s108_rho175,5015,60.0,1,12.9385258,100,,super_barrido
super_P401_B381_p382_s163_rho175,5000,60.0,1,18.006069,100,,super_barrido
super_P401_B381_p382_s163_rho175,5001,60.0,1,15.5533832,100,,super_barrido
super_P401_B381_p382_s163_rho175,5002,60.0,1,18.9893825,100,,super_barrido
super_P401_B381_p382_s163_rho175,5003,60.0,1,14.3464089,100,,super_barrido
super_P401_B381_p382_s163_rho175,5004,60.0,1,15.6668534,100,,super_barrido
super_P401_B381_p382_s163_rho175,5005,60.0,1,18.6190219,100,,super_barrido
super_P401_B381_p382_s163_rho175,5006,60.0,1,11.9507908,100,,super_barrido
super_P401_B381_p382_s163_rho175,5007,60.0,1,17.6279922,100,,super_barrido
super_P401_B381_p382_s163_rho175,5008,60.0,1,16.6089634,100,,super_barrido
super_P401_B381_p382_s163_rho175,5009,60.0,1,18.5582834,100,,super_barrido
super_P401_B381_p382_s163_rho175,5010,60.0,1,16.2530698,100,,super_barrido
super_P401_B381_p382_s163_rho175,5011,60.0,1,16.1013053,100,,super_barrido
super_P401_B381_p382_s163_rho175,5012,60.0,1,18.1315014,100,,super_barrido
super_P401_B381_p382_s163_rho175,5013,60.0,1,14.8048527,100,,super_barrido
super_P401_B381_p382_s163_rho175,5014,60.0,1,15.7311932,100,,super_barrido
super_P401_B381_p382_s163_rho175,5015,60.0,1,14.8192843,100,,super_barrido
super_P430_B208_p388_s101_rho175,5000,60.0,1,15.0442307,100,,super_barrido
super_P430_B208_p388_s101_rho175,5001,60.0,1,17.3967331,100,,super_barrido
super_P430_B208_p388_s101_rho175,5002,60.0,1,17.6274737,100,,super_barrido
super_P430_B208_p388_s101_rho175,5003,60.0,1,17.5170448,100,,super_barrido
super_P430_B208_p388_s101_rho175,5004,60.0,1,18.6038738,100,,super_barrido
super_P430_B208_p388_s101_rho175,5005,60.0,1,16.1496142,100,,super_barrido
super_P430_B208_p388_s101_rho175,5006,60.0,1,16.967557,100,,super_barrido
super_P430_B208_p388_s101_rho175,5007,60.0,1,20.5384246,100,,super_barrido
super_P430_B208_p388_s101_rho175,5008,60.0,1,16.0230075,100,,super_barrido
super_P430_B208_p388_s101_rho175,5009,60.0,1,16.990894,100,,super_barrido
super_P430_B208_p388_s101_rho175,5010,60.0,1,15.0505347,100,,super_barrido
super_P430_B208_p388_s101_rho175,5011,60.0,1,18.1554128,100,,super_barrido
super_P430_B208_p388_s101_rho175,5012,60.0,1,16.335745,100,,super_barrido
super_P430_B208_p388_s101_rho175,5013,60.0,1,15.9349445,100,,super_barrido
super_P430_B208_p388_s101_rho175,5014,60.0,1,17.0410956,100,,super_barrido
super_P430_B208_p388_s101_rho175,5015,60.0,1,15.7303641,100,,super_barrido
super_P260_B226_p392_s005_rho175,5000,60.0,1,12.3655743,100,,super_barrido
super_P260_B226_p392_s005_rho175,5001,60.0,1,11.3748157,100,,super_barrido
super_P260_B226_p392_s005_rho175,5002,60.0,1,13.1847081,100,,super_barrido
super_P260_B226_p392_s005_rho175,5003,60.0,1,11.0920025,100,,super_barrido
super_P260_B226_p392_s005_rho175,5004,60.0,1,15.0784947,100,,super_barrido
super_P260_B226_p392_s005_rho175,5005,60.0,1,12.6355974,100,,super_barrido
super_P260_B226_p392_s005_rho175,5006,60.0,1,14.8463651,100,,super_barrido
super_P260_B226_p392_s005_rho175,5007,60.0,1,15.2605325,100,,super_barrido
super_P260_B226_p392_s005_rho175,5008,60.0,1,10.50927,100,,super_barrido
super_P260_B226_p392_s005_rho175,5009,60.0,1,13.0849714,100,,super_barrido
super_P260_B226_p392_s005_rho175,5010,60.0,1,10.3768495,100,,super_barrido
super_P260_B226_p392_s005_rho175,5011,60.0,1,13.5725505,100,,super_barrido
super_P260_B226_p392_s005_rho175,5012,60.0,1,17.5789835,100,,super_barrido
super_P260_B226_p392_s005_rho175,5013,60.0,1,15.773442,100,,super_barrido
super_P260_B226_p392_s005_rho175,5014,60.0,1,13.5290651,100,,super_barrido
super_P260_B226_p392_s005_rho175,5015,60.0,1,12.6631465,100,,super_barrido
super_P226_B257_p230_s013_rho175,5000,60.0,1,15.721738,100,,super_barrido
super_P226_B257_p230_s013_rho175,5001,60.0,1,14.2108483,100,,super_barrido
super_P226_B257_p230_s013_rho175,5002,60.0,1,12.7277444,100,,super_barrido
super_P226_B257_p230_s013_rho175,5003,60.0,1,14.8231085,100,,super_barrido
super_P226_B257_p230_s013_rho175,5004,60.0,1,16.2686204,100,,super_barrido
super_P226_B257_p230_s013_rho175,5005,60.0,1,12.9837244,100,,super_barrido
super_P226_B257_p230_s013_rho175,5006,60.0,1,15.6020497,100,,super_barrido
super_P226_B257_p230_s013_rho175,5007,60.0,1,18.1988403,100,,super_barrido
super_P226_B257_p230_s013_rho175,5008,60.0,1,12.8443163,100,,super_barrido
super_P226_B257_p230_s013_rho175,5009,60.0,1,15.1322173,100,,super_barrido
super_P226_B257_p230_s013_rho175,5010,60.0,1,14.8767858,100,,super_barrido
super_P226_B257_p230_s013_rho175,5011,60.0,1,13.0938188,100,,super_barrido
super_P226_B257_p230_s013_rho175,5012,60.0,1,12.6851895,100,,super_barrido
super_P226_B257_p230_s013_rho175,5013,60.0,1,12.9735561,100,,super_barrido
super_P226_B257_p230_s013_rho175,5014,60.0,1,15.7348413,100,,super_barrido
super_P226_B257_p230_s013_rho175,5015,60.0,1,12.3943317,100,,super_barrido
super_P240_B312_p350_s087_rho175,5000,60.0,1,14.9931189,100,,super_barrido
super_P240_B312_p350_s087_rho175,5001,60.0,1,13.0069002,100,,super_barrido
super_P240_B312_p350_s087_rho175,5002,60.0,1,10.3182429,100,,super_barrido
super_P240_B312_p350_s087_rho175,5003,60.0,1,12.0169407,100,,super_barrido
super_P240_B312_p350_s087_rho175,5004,60.0,1,11.110173,100,,super_barrido
super_P240_B312_p350_s087_rho175,5005,60.0,1,13.1462304,100,,super_barrido
super_P240_B312_p350_s087_rho175,5006,60.0,1,15.6076301,100,,super_barrido
super_P240_B312_p350_s087_rho175,5007,60.0,1,11.9251193,100,,super_barrido
super_P240_B312_p350_s087_rho175,5008,60.0,1,12.2962601,100,,super_barrido
super_P240_B312_p350_s087_rho175,5009,60.0,1,17.3211063,100,,super_barrido
super_P240_B312_p350_s087_rho175,5010,60.0,1,11.5016047,100,,super_barrido
super_P240_B312_p350_s087_rho175,5011,60.0,1,12.6440964,100,,super_barrido
super_P240_B312_p350_s087_rho175,5012,60.0,1,17.2420987,100,,super_barrido
super_P240_B312_p350_s087_rho175,5013,60.0,1,13.1729412,100,,super_barrido
super_P240_B312_p350_s087_rho175,5014,60.0,1,13.8102992,100,,super_barrido
super_P240_B312_p350_s087_rho175,5015,60.0,1,16.6804513,100,,super_barrido
super_P311_B331_p410_s153_rho175,5000,60.0,1,18.3558827,100,,super_barrido
super_P311_B331_p410_s153_rho175,5001,60.0,1,15.2682079,100,,super_barrido
super_P311_B331_p410_s153_rho175,5002,60.0,1,13.8846261,100,,super_barrido
super_P311_B331_p410_s153_rho175,5003,60.0,1,12.5160254,100,,super_barrido
super_P311_B331_p410_s153_rho175,5004,60.0,1,12.3784748,100,,super_barrido
super_P311_B331_p410_s153_rho175,5005,60.0,1,17.3414766,100,,super_barrido
super_P311_B331_p410_s153_rho175,5006,60.0,1,11.6490173,100,,super_barrido
super_P311_B331_p410_s153_rho175,5007,60.0,1,12.1479237,100,,super_barrido
super_P311_B331_p410_s153_rho175,5008,60.0,1,15.8515233,100,,super_barrido
super_P311_B331_p410_s153_rho175,5009,60.0,1,13.2463584,100,,super_barrido
super_P311_B331_p410_s153_rho175,5010,60.0,1,11.0158882,100,,super_barrido
super_P311_B331_p410_s153_rho175,5011,60.0,1,14.7304108,100,,super_barrido
super_P311_B331_p410_s153_rho175,5012,60.0,1,14.0191416,100,,super_barrido
super_P311_B331_p410_s153_rho175,5013,60.0,1,11.6831689,100,,super_barrido
super_P311_B331_p410_s153_rho175,5014,60.0,1,12.404937,100,,super_barrido
super_P311_B331_p410_s153_rho175,5015,60.0,1,13.3298361,100,,super_barrido
super_P267_B254_p185_s129_rho175,5000,60.0,1,15.244758,100,,super_barrido
super_P267_B254_p185_s129_rho175,5001,60.0,1,18.8799961,100,,super_barrido
super_P267_B254_p185_s129_rho175,5002,60.0,1,14.3192973,100,,super_barrido
super_P267_B254_p185_s129_rho175,5003,60.0,1,16.1035168,100,,super_barrido
super_P267_B254_p185_s129_rho175,5004,60.0,1,15.8080925,100,,super_barrido
super_P267_B254_p185_s129_rho175,5005,60.0,1,19.4073461,100,,super_barrido
super_P267_B254_p185_s129_rho175,5006,60.0,1,15.6868195,100,,super_barrido
super_P267_B254_p185_s129_rho175,5007,60.0,1,18.0193699,100,,super_barrido
super_P267_B254_p185_s129_rho175,5008,60.0,1,14.1757377,100,,super_barrido
super_P267_B254_p185_s129_rho175,5009,60.0,1,15.4857455,100,,super_barrido
super_P267_B254_p185_s129_rho175,5010,60.0,1,14.116449,100,,super_barrido
super_P267_B254_p185_s129_rho175,5011,60.0,1,17.2509535,100,,super_barrido
super_P267_B254_p185_s129_rho175,5012,60.0,1,17.5786896,100,,super_barrido
super_P267_B254_p185_s129_rho175,5013,60.0,1,17.7807133,100,,super_barrido
super_P267_B254_p185_s129_rho175,5014,60.0,1,12.1748569,100,,super_barrido
super_P267_B254_p185_s129_rho175,5015,60.0,1,15.6232863,100,,super_barrido
super_P337_B348_p139_s059_rho175,5000,60.0,1,13.0594183,100,,super_barrido
super_P337_B348_p139_s059_rho175,5001,60.0,1,11.2653383,100,,super_barrido
super_P337_B348_p139_s059_rho175,5002,60.0,1,14.8490717,100,,super_barrido
super_P337_B348_p139_s059_rho175,5003,60.0,1,12.4327326,100,,super_barrido
super_P337_B348_p139_s059_rho175,5004,60.0,1,16.1142147,100,,super_barrido
super_P337_B348_p139_s059_rho175,5005,60.0,1,12.891821,100,,super_barrido
super_P337_B348_p139_s059_rho175,5006,60.0,1,16.1648499,100,,super_barrido
super_P337_B348_p139_s059_rho175,5007,60.0,1,14.2916574,100,,super_barrido
super_P337_B348_p139_s059_rho175,5008,60.0,1,15.7511434,100,,super_barrido
super_P337_B348_p139_s059_rho175,5009,60.0,1,15.847491,100,,super_barrido
super_P337_B348_p139_s059_rho175,5010,60.0,1,13.6138876,100,,super_barrido
super_P337_B348_p139_s059_rho175,5011,60.0,1,11.6808475,100,,super_barrido
super_P337_B348_p139_s059_rho175,5012,60.0,1,11.6205716,100,,super_barrido
super_P337_B348_p139_s059_rho175,5013,60.0,1,13.6323793,100,,super_barrido
super_P337_B348_p139_s059_rho175,5014,60.0,1,11.2981934,100,,super_barrido
super_P337_B348_p139_s059_rho175,5015,60.0,1,17.0340901,100,,super_barrido
super_P450_B247_p153_s056_rho175,5000,60.0,1,14.5947566,100,,super_barrido
super_P450_B247_p153_s056_rho175,5001,60.0,1,13.8420505,100,,super_barrido
super_P450_B247_p153_s056_rho175,5002,60.0,1,13.4555996,100,,super_barrido
super_P450_B247_p153_s056_rho175,5003,60.0,1,13.6476784,100,,super_barrido
super_P450_B247_p153_s056_rho175,5004,60.0,1,16.4907702,100,,super_barrido
super_P450_B247_p153_s056_rho175,5005,60.0,1,15.8260676,100,,super_barrido
super_P450_B247_p153_s056_rho175,5006,60.0,1,16.194485,100,,super_barrido
super_P450_B247_p153_s056_rho175,5007,60.0,1,16.119441,100,,super_barrido
super_P450_B247_p153_s056_rho175,5008,60.0,1,15.0382166,100,,super_barrido
super_P450_B247_p153_s056_rho175,5009,60.0,1,16.0912341,100,,super_barrido
super_P450_B247_p153_s056_rho175,5010,60.0,1,15.8263398,100,,super_barrido
super_P450_B247_p153_s056_rho175,5011,60.0,1,17.5025691,100,,super_barrido
super_P450_B247_p153_s056_rho175,5012,60.0,1,18.4497121,100,,super_barrido
super_P450_B247_p153_s056_rho175,5013,60.0,1,12.620244,100,,super_barrido
super_P450_B247_p153_s056_rho175,5014,60.0,1,18.6778711,100,,super_barrido
super_P450_B247_p153_s056_rho175,5015,60.0,1,16.835234,100,,super_barrido
super_P343_B324_p416_s122_rho175,5000,60.0,1,14.4646506,100,,super_barrido
super_P343_B324_p416_s122_rho175,5001,60.0,1,12.9985697,100,,super_barrido
super_P343_B324_p416_s122_rho175,5002,60.0,1,18.2046786,100,,super_barrido
super_P343_B324_p416_s122_rho175,5003,60.0,1,11.8695079,100,,super_barrido
super_P343_B324_p416_s122_rho175,5004,60.0,1,14.8088598,100,,super_barrido
super_P343_B324_p416_s122_rho175,5005,60.0,1,18.8569626,100,,super_barrido
super_P343_B324_p416_s122_rho175,5006,60.0,1,12.4505141,100,,super_barrido
super_P343_B324_p416_s122_rho175,5007,60.0,1,12.7391531,100,,super_barrido
super_P343_B324_p416_s122_rho175,5008,60.0,1,15.7810669,100,,super_barrido
super_P343_B324_p416_s122_rho175,5009,60.0,1,14.2236681,100,,super_barrido
super_P343_B324_p416_s122_rho175,5010,60.0,1,18.0570568,100,,super_barrido
super_P343_B324_p416_s122_rho175,5011,60.0,1,14.0551107,100,,super_barrido
super_P343_B324_p416_s122_rho175,5012,60.0,1,14.6174246,100,,super_barrido
super_P343_B324_p416_s122_rho175,5013,60.0,1,15.5581604,100,,super_barrido
super_P343_B324_p416_s122_rho175,5014,60.0,1,14.9398531,100,,super_barrido
super_P343_B324_p416_s122_rho175,5015,60.0,1,11.1351081,100,,super_barrido
super_P332_B287_p249_s191_rho175,5000,60.0,1,12.3175772,100,,super_barrido
super_P332_B287_p249_s191_rho175,5001,60.0,1,14.9838999,100,,super_barrido
super_P332_B287_p249_s191_rho175,5002,60.0,1,13.92701,100,,super_barrido
super_P332_B287_p249_s191_rho175,5003,60.0,1,12.8811509,100,,super_barrido
super_P332_B287_p249_s191_rho175,5004,60.0,1,14.3615836,100,,super_barrido
super_P332_B287_p249_s191_rho175,5005,60.0,1,12.6732284,100,,super_barrido
super_P332_B287_p249_s191_rho175,5006,60.0,1,12.675365,100,,super_barrido
super_P332_B287_p249_s191_rho175,5007,60.0,1,15.6037497,100,,super_barrido
super_P332_B287_p249_s191_rho175,5008,60.0,1,12.8179229,100,,super_barrido
super_P332_B287_p249_s191_rho175,5009,60.0,1,12.7992627,100,,super_barrido
super_P332_B287_p249_s191_rho175,5010,60.0,1,13.5199129,100,,super_barrido
super_P332_B287_p249_s191_rho175,5011,60.0,1,13.7029075,100,,super_barrido
super_P332_B287_p249_s191_rho175,5012,60.0,1,14.8275316,100,,super_barrido
super_P332_B287_p249_s191_rho175,5013,60.0,1,13.6997142,100,,super_barrido
super_P332_B287_p249_s191_rho175,5014,60.0,1,13.5440052,100,,super_barrido
super_P332_B287_p249_s191_rho175,5015,60.0,1,12.5179516,100,,super_barrido
super_P318_B225_p466_s149_rho175,5000,60.0,1,16.5093882,100,,super_barrido
super_P318_B225_p466_s149_rho175,5001,60.0,1,16.2123614,100,,super_barrido
super_P318_B225_p466_s149_rho175,5002,60.0,1,16.2326406,100,,super_barrido
super_P318_B225_p466_s149_rho175,5003,60.0,1,12.9596557,100,,super_barrido
super_P318_B225_p466_s149_rho175,5004,60.0,1,17.1822858,100,,super_barrido
super_P318_B225_p466_s149_rho175,5005,60.0,1,16.010845,100,,super_barrido
super_P318_B225_p466_s149_rho175,5006,60.0,1,12.0467837,100,,super_barrido
super_P318_B225_p466_s149_rho175,5007,60.0,1,15.5945815,100,,super_barrido
super_P318_B225_p466_s149_rho175,5008,60.0,1,13.2650539,100,,super_barrido
super_P318_B225_p466_s149_rho175,5009,60.0,1,11.7396165,100,,super_barrido
super_P318_B225_p466_s149_rho175,5010,60.0,1,12.6943725,100,,super_barrido
super_P318_B225_p466_s149_rho175,5011,60.0,1,17.3618322,100,,super_barrido
super_P318_B225_p466_s149_rho175,5012,60.0,1,14.6500239,100,,super_barrido
super_P318_B225_p466_s149_rho175,5013,60.0,1,13.5493047,100,,super_barrido
super_P318_B225_p466_s149_rho175,5014,60.0,1,13.9577663,100,,super_barrido
super_P318_B225_p466_s149_rho175,5015,60.0,1,13.0977095,100,,super_barrido
super_P307_B262_p334_s049_rho175,5000,60.0,1,12.784093,100,,super_barrido
super_P307_B262_p334_s049_rho175,5001,60.0,1,12.4924242,100,,super_barrido
super_P307_B262_p334_s049_rho175,5002,60.0,1,14.6764743,100,,super_barrido
super_P307_B262_p334_s049_rho175,5003,60.0,1,14.0361356,100,,super_barrido
super_P307_B262_p334_s049_rho175,5004,60.0,1,14.5617142,100,,super_barrido
super_P307_B262_p334_s049_rho175,5005,60.0,1,12.7145549,100,,super_barrido
super_P307_B262_p334_s049_rho175,5006,60.0,1,13.1983552,100,,super_barrido
super_P307_B262_p334_s049_rho175,5007,60.0,1,15.0925179,100,,super_barrido
super_P307_B262_p334_s049_rho175,5008,60.0,1,15.4787986,100,,super_barrido
super_P307_B262_p334_s049_rho175,5009,60.0,1,17.9269795,100,,super_barrido
super_P307_B262_p334_s049_rho175,5010,60.0,1,18.5542316,100,,super_barrido
super_P307_B262_p334_s049_rho175,5011,60.0,1,15.1941162,100,,super_barrido
super_P307_B262_p334_s049_rho175,5012,60.0,1,13.5797723,100,,super_barrido
super_P307_B262_p334_s049_rho175,5013,60.0,1,12.9998171,100,,super_barrido
super_P307_B262_p334_s049_rho175,5014,60.0,1,13.5609658,100,,super_barrido
super_P307_B262_p334_s049_rho175,5015,60.0,1,11.9049094,100,,super_barrido
super_P420_B392_p398_s195_rho175,5000,60.0,1,17.3166927,99,,super_barrido
super_P420_B392_p398_s195_rho175,5001,60.0,1,17.3705982,100,,super_barrido
super_P420_B392_p398_s195_rho175,5002,60.0,1,18.6444118,100,,super_barrido
super_P420_B392_p398_s195_rho175,5003,60.0,1,16.998546,100,,super_barrido
super_P420_B392_p398_s195_rho175,5004,60.0,1,14.9751318,100,,super_barrido
super_P420_B392_p398_s195_rho175,5005,60.0,1,17.435146,100,,super_barrido
super_P420_B392_p398_s195_rho175,5006,60.0,1,15.2283703,100,,super_barrido
super_P420_B392_p398_s195_rho175,5007,60.0,1,17.6053194,100,,super_barrido
super_P420_B392_p398_s195_rho175,5008,60.0,1,22.1914997,100,,super_barrido
super_P420_B392_p398_s195_rho175,5009,60.0,1,18.1671542,100,,super_barrido
super_P420_B392_p398_s195_rho175,5010,60.0,1,16.9577265,100,,super_barrido
super_P420_B392_p398_s195_rho175,5011,60.0,1,15.0181445,100,,super_barrido
super_P420_B392_p398_s195_rho175,5012,60.0,1,20.7439586,100,,super_barrido
super_P420_B392_p398_s195_rho175,5013,60.0,1,13.760099,100,,super_barrido
super_P420_B392_p398_s195_rho175,5014,60.0,1,14.5138937,100,,super_barrido
super_P420_B392_p398_s195_rho175,5015,60.0,1,17.0802095,100,,super_barrido
super_P305_B309_p432_s018_rho175,5000,60.0,1,15.3360675,100,,super_barrido
super_P305_B309_p432_s018_rho175,5001,60.0,1,13.7456165,100,,super_barrido
super_P305_B309_p432_s018_rho175,5002,60.0,1,12.437959,100,,super_barrido
super_P305_B309_p432_s018_rho175,5003,60.0,1,13.9528908,100,,super_barrido
super_P305_B309_p432_s018_rho175,5004,60.0,1,11.9144933,100,,super_barrido
super_P305_B309_p432_s018_rho175,5005,60.0,1,13.5541152,100,,super_barrido
super_P305_B309_p432_s018_rho175,5006,60.0,1,15.2924379,100,,super_barrido
super_P305_B309_p432_s018_rho175,5007,60.0,1,15.0077469,100,,super_barrido
super_P305_B309_p432_s018_rho175,5008,60.0,1,14.0950362,100,,super_barrido
super_P305_B309_p432_s018_rho175,5009,60.0,1,13.5456792,100,,super_barrido
super_P305_B309_p432_s018_rho175,5010,60.0,1,12.8987526,100,,super_barrido
super_P305_B309_p432_s018_rho175,5011,60.0,1,16.405568,100,,super_barrido
super_P305_B309_p432_s018_rho175,5012,60.0,1,12.2345444,100,,super_barrido
super_P305_B309_p432_s018_rho175,5013,60.0,1,12.3697825,100,,super_barrido
super_P305_B309_p432_s018_rho175,5014,60.0,1,15.1996365,100,,super_barrido
super_P305_B309_p432_s018_rho175,5015,60.0,1,15.1111925,100,,super_barrido
super_P441_B373_p286_s162_rho175,5000,60.0,1,19.4738118,100,,super_barrido
super_P441_B373_p286_s162_rho175,5001,60.0,1,18.1535411,100,,super_barrido
super_P441_B373_p286_s162_rho175,5002,60.0,1,20.517849,100,,super_barrido
super_P441_B373_p286_s162_rho175,5003,60.0,1,18.5059683,100,,super_barrido
super_P441_B373_p286_s162_rho175,5004,60.0,1,14.6912963,100,,super_barrido
super_P441_B373_p286_s162_rho175,5005,60.0,1,19.7725991,99,,super_barrido
super_P441_B373_p286_s162_rho175,5006,60.0,1,19.7877956,100,,super_barrido
super_P441_B373_p286_s162_rho175,5007,60.0,1,17.6999951,100,,super_barrido
super_P441_B373_p286_s162_rho175,5008,60.0,1,15.251009,100,,super_barrido
super_P441_B373_p286_s162_rho175,5009,60.0,1,19.3093761,100,,super_barrido
super_P441_B373_p286_s162_rho175,5010,60.0,1,18.3259194,100,,super_barrido
super_P441_B373_p286_s162_rho175,5011,60.0,1,14.3418131,100,,super_barrido
super_P441_B373_p286_s162_rho175,5012,60.0,1,14.1012788,100,,super_barrido
super_P441_B373_p286_s162_rho175,5013,60.0,1,18.3957978,100,,super_barrido
super_P441_B373_p286_s162_rho175,5014,60.0,1,15.1090561,100,,super_barrido
super_P441_B373_p286_s162_rho175,5015,60.0,1,17.0616065,100,,super_barrido
super_P246_B265_p203_s183_rho175,5000,60.0,1,17.1222675,100,,super_barrido
super_P246_B265_p203_s183_rho175,5001,60.0,1,15.6742504,100,,super_barrido
super_P246_B265_p203_s183_rho175,5002,60.0,1,19.3658393,99,,super_barrido
super_P246_B265_p203_s183_rho175,5003,60.0,1,14.3178591,100,,super_barrido
super_P246_B265_p203_s183_rho175,5004,60.0,1,17.8979231,100,,super_barrido
super_P246_B265_p203_s183_rho175,5005,60.0,1,15.7376067,100,,super_barrido
super_P246_B265_p203_s183_rho175,5006,60.0,1,14.4788411,100,,super_barrido
super_P246_B265_p203_s183_rho175,5007,60.0,1,16.1258314,100,,super_barrido
super_P246_B265_p203_s183_rho175,5008,60.0,1,19.9651728,99,,super_barrido
super_P246_B265_p203_s183_rho175,5009,60.0,1,14.3570566,100,,super_barrido
super_P246_B265_p203_s183_rho175,5010,60.0,1,16.8475225,100,,super_barrido
super_P246_B265_p203_s183_rho175,5011,60.0,1,20.0409325,100,,super_barrido
super_P246_B265_p203_s183_rho175,5012,60.0,0,,0,error: no se pudo ubicar la particula 96 de 100 tras 10000 intentos: la configuracion no permite generar las N particulas (restriccion ii del punto 1.2),super_barrido
super_P246_B265_p203_s183_rho175,5013,60.0,1,16.4212027,100,,super_barrido
super_P246_B265_p203_s183_rho175,5014,60.0,1,14.7850998,100,,super_barrido
super_P246_B265_p203_s183_rho175,5015,60.0,0,,0,error: no se pudo ubicar la particula 99 de 100 tras 10000 intentos: la configuracion no permite generar las N particulas (restriccion ii del punto 1.2),super_barrido
super_P442_B277_p167_s063_rho175,5000,60.0,1,13.495502,100,,super_barrido
super_P442_B277_p167_s063_rho175,5001,60.0,1,13.754319,100,,super_barrido
super_P442_B277_p167_s063_rho175,5002,60.0,1,13.0524244,100,,super_barrido
super_P442_B277_p167_s063_rho175,5003,60.0,1,14.4763698,100,,super_barrido
super_P442_B277_p167_s063_rho175,5004,60.0,1,16.2949712,100,,super_barrido
super_P442_B277_p167_s063_rho175,5005,60.0,1,15.3834553,100,,super_barrido
super_P442_B277_p167_s063_rho175,5006,60.0,1,14.0277515,100,,super_barrido
super_P442_B277_p167_s063_rho175,5007,60.0,1,17.0888533,100,,super_barrido
super_P442_B277_p167_s063_rho175,5008,60.0,1,13.8816315,100,,super_barrido
super_P442_B277_p167_s063_rho175,5009,60.0,1,17.401218,100,,super_barrido
super_P442_B277_p167_s063_rho175,5010,60.0,1,11.7977262,100,,super_barrido
super_P442_B277_p167_s063_rho175,5011,60.0,1,16.6970218,100,,super_barrido
super_P442_B277_p167_s063_rho175,5012,60.0,1,15.3235764,100,,super_barrido
super_P442_B277_p167_s063_rho175,5013,60.0,1,13.8499681,100,,super_barrido
super_P442_B277_p167_s063_rho175,5014,60.0,1,11.9908268,100,,super_barrido
super_P442_B277_p167_s063_rho175,5015,60.0,1,12.0728871,100,,super_barrido
super_P254_B248_p370_s169_rho175,5000,60.0,1,12.2827305,100,,super_barrido
super_P254_B248_p370_s169_rho175,5001,60.0,1,15.021069,100,,super_barrido
super_P254_B248_p370_s169_rho175,5002,60.0,1,12.1822975,100,,super_barrido
super_P254_B248_p370_s169_rho175,5003,60.0,1,13.1816265,100,,super_barrido
super_P254_B248_p370_s169_rho175,5004,60.0,1,12.3276844,100,,super_barrido
super_P254_B248_p370_s169_rho175,5005,60.0,1,14.6723276,100,,super_barrido
super_P254_B248_p370_s169_rho175,5006,60.0,1,12.1917816,100,,super_barrido
super_P254_B248_p370_s169_rho175,5007,60.0,1,11.8721023,100,,super_barrido
super_P254_B248_p370_s169_rho175,5008,60.0,1,12.8559457,100,,super_barrido
super_P254_B248_p370_s169_rho175,5009,60.0,1,12.9808075,100,,super_barrido
super_P254_B248_p370_s169_rho175,5010,60.0,1,10.3848394,100,,super_barrido
super_P254_B248_p370_s169_rho175,5011,60.0,1,15.8241319,100,,super_barrido
super_P254_B248_p370_s169_rho175,5012,60.0,1,13.6801117,100,,super_barrido
super_P254_B248_p370_s169_rho175,5013,60.0,1,12.6765134,100,,super_barrido
super_P254_B248_p370_s169_rho175,5014,60.0,1,18.7588415,100,,super_barrido
super_P254_B248_p370_s169_rho175,5015,60.0,1,14.8981166,100,,super_barrido
super_P397_B366_p273_s134_rho175,5000,60.0,1,18.0483932,100,,super_barrido
super_P397_B366_p273_s134_rho175,5001,60.0,1,14.4894036,100,,super_barrido
super_P397_B366_p273_s134_rho175,5002,60.0,1,18.6818134,100,,super_barrido
super_P397_B366_p273_s134_rho175,5003,60.0,1,15.8196065,100,,super_barrido
super_P397_B366_p273_s134_rho175,5004,60.0,1,14.6706461,100,,super_barrido
super_P397_B366_p273_s134_rho175,5005,60.0,1,19.2745141,100,,super_barrido
super_P397_B366_p273_s134_rho175,5006,60.0,1,12.784178,100,,super_barrido
super_P397_B366_p273_s134_rho175,5007,60.0,1,14.7691462,100,,super_barrido
super_P397_B366_p273_s134_rho175,5008,60.0,1,18.3076318,100,,super_barrido
super_P397_B366_p273_s134_rho175,5009,60.0,1,14.9186363,100,,super_barrido
super_P397_B366_p273_s134_rho175,5010,60.0,1,16.5612025,100,,super_barrido
super_P397_B366_p273_s134_rho175,5011,60.0,1,13.7755159,100,,super_barrido
super_P397_B366_p273_s134_rho175,5012,60.0,1,14.5497684,100,,super_barrido
super_P397_B366_p273_s134_rho175,5013,60.0,1,16.1620991,100,,super_barrido
super_P397_B366_p273_s134_rho175,5014,60.0,1,14.204141,100,,super_barrido
super_P397_B366_p273_s134_rho175,5015,60.0,1,15.8866702,100,,super_barrido
super_P407_B378_p302_s171_rho175,5000,60.0,1,14.933904,99,,super_barrido
super_P407_B378_p302_s171_rho175,5001,60.0,1,16.5431273,100,,super_barrido
super_P407_B378_p302_s171_rho175,5002,60.0,1,15.9728927,100,,super_barrido
super_P407_B378_p302_s171_rho175,5003,60.0,1,13.3216981,100,,super_barrido
super_P407_B378_p302_s171_rho175,5004,60.0,1,16.2987481,100,,super_barrido
super_P407_B378_p302_s171_rho175,5005,60.0,1,16.3894747,100,,super_barrido
super_P407_B378_p302_s171_rho175,5006,60.0,1,16.4709478,100,,super_barrido
super_P407_B378_p302_s171_rho175,5007,60.0,1,19.4171834,100,,super_barrido
super_P407_B378_p302_s171_rho175,5008,60.0,1,17.6667123,100,,super_barrido
super_P407_B378_p302_s171_rho175,5009,60.0,1,16.2368374,100,,super_barrido
super_P407_B378_p302_s171_rho175,5010,60.0,1,17.6850478,100,,super_barrido
super_P407_B378_p302_s171_rho175,5011,60.0,1,15.3087766,100,,super_barrido
super_P407_B378_p302_s171_rho175,5012,60.0,1,16.1808114,100,,super_barrido
super_P407_B378_p302_s171_rho175,5013,60.0,1,17.0153138,100,,super_barrido
super_P407_B378_p302_s171_rho175,5014,60.0,1,13.2048438,100,,super_barrido
super_P407_B378_p302_s171_rho175,5015,60.0,1,12.0219694,100,,super_barrido
super_P229_B273_p339_s143_rho175,5000,60.0,1,16.8497555,100,,super_barrido
super_P229_B273_p339_s143_rho175,5001,60.0,1,14.4472903,100,,super_barrido
super_P229_B273_p339_s143_rho175,5002,60.0,1,12.5041212,100,,super_barrido
super_P229_B273_p339_s143_rho175,5003,60.0,1,15.6439273,100,,super_barrido
super_P229_B273_p339_s143_rho175,5004,60.0,1,14.033678,100,,super_barrido
super_P229_B273_p339_s143_rho175,5005,60.0,1,12.0614377,100,,super_barrido
super_P229_B273_p339_s143_rho175,5006,60.0,1,15.0278961,100,,super_barrido
super_P229_B273_p339_s143_rho175,5007,60.0,1,15.9268499,100,,super_barrido
super_P229_B273_p339_s143_rho175,5008,60.0,1,11.7128961,100,,super_barrido
super_P229_B273_p339_s143_rho175,5009,60.0,1,10.6551698,100,,super_barrido
super_P229_B273_p339_s143_rho175,5010,60.0,1,14.7237527,100,,super_barrido
super_P229_B273_p339_s143_rho175,5011,60.0,1,17.769194,100,,super_barrido
super_P229_B273_p339_s143_rho175,5012,60.0,1,16.4728362,100,,super_barrido
super_P229_B273_p339_s143_rho175,5013,60.0,1,14.692508,100,,super_barrido
super_P229_B273_p339_s143_rho175,5014,60.0,1,12.4768168,100,,super_barrido
super_P229_B273_p339_s143_rho175,5015,60.0,1,13.62168,100,,super_barrido
super_P299_B279_p223_s090_rho175,5000,60.0,1,14.7078203,100,,super_barrido
super_P299_B279_p223_s090_rho175,5001,60.0,1,11.6944345,100,,super_barrido
super_P299_B279_p223_s090_rho175,5002,60.0,1,13.1833218,100,,super_barrido
super_P299_B279_p223_s090_rho175,5003,60.0,1,13.124265,100,,super_barrido
super_P299_B279_p223_s090_rho175,5004,60.0,1,14.0208857,100,,super_barrido
super_P299_B279_p223_s090_rho175,5005,60.0,1,12.6673662,100,,super_barrido
super_P299_B279_p223_s090_rho175,5006,60.0,1,15.0759504,100,,super_barrido
super_P299_B279_p223_s090_rho175,5007,60.0,1,10.5574958,100,,super_barrido
super_P299_B279_p223_s090_rho175,5008,60.0,1,14.470996,100,,super_barrido
super_P299_B279_p223_s090_rho175,5009,60.0,1,15.3906047,100,,super_barrido
super_P299_B279_p223_s090_rho175,5010,60.0,1,14.7491589,100,,super_barrido
super_P299_B279_p223_s090_rho175,5011,60.0,1,12.6156011,100,,super_barrido
super_P299_B279_p223_s090_rho175,5012,60.0,1,14.3462497,100,,super_barrido
super_P299_B279_p223_s090_rho175,5013,60.0,1,14.7481331,100,,super_barrido
super_P299_B279_p223_s090_rho175,5014,60.0,1,15.48884,100,,super_barrido
super_P299_B279_p223_s090_rho175,5015,60.0,1,15.1855853,100,,super_barrido
super_P368_B206_p453_s051_rho175,5000,60.0,1,12.1826159,100,,super_barrido
super_P368_B206_p453_s051_rho175,5001,60.0,1,15.8177456,100,,super_barrido
super_P368_B206_p453_s051_rho175,5002,60.0,1,19.4871804,99,,super_barrido
super_P368_B206_p453_s051_rho175,5003,60.0,1,14.4726844,100,,super_barrido
super_P368_B206_p453_s051_rho175,5004,60.0,1,17.2593304,100,,super_barrido
super_P368_B206_p453_s051_rho175,5005,60.0,1,14.0283065,100,,super_barrido
super_P368_B206_p453_s051_rho175,5006,60.0,1,16.1984157,99,,super_barrido
super_P368_B206_p453_s051_rho175,5007,60.0,1,16.8606332,100,,super_barrido
super_P368_B206_p453_s051_rho175,5008,60.0,1,15.8944643,100,,super_barrido
super_P368_B206_p453_s051_rho175,5009,60.0,1,13.2083594,100,,super_barrido
super_P368_B206_p453_s051_rho175,5010,60.0,1,15.1811031,100,,super_barrido
super_P368_B206_p453_s051_rho175,5011,60.0,1,15.7630452,100,,super_barrido
super_P368_B206_p453_s051_rho175,5012,60.0,1,17.2629637,100,,super_barrido
super_P368_B206_p453_s051_rho175,5013,60.0,1,15.3110559,100,,super_barrido
super_P368_B206_p453_s051_rho175,5014,60.0,1,15.6813849,100,,super_barrido
super_P368_B206_p453_s051_rho175,5015,60.0,1,12.921111,99,,super_barrido
super_P358_B336_p444_s147_rho175,5000,60.0,1,15.4537777,100,,super_barrido
super_P358_B336_p444_s147_rho175,5001,60.0,1,15.6907847,100,,super_barrido
super_P358_B336_p444_s147_rho175,5002,60.0,1,17.5548619,100,,super_barrido
super_P358_B336_p444_s147_rho175,5003,60.0,1,17.0452503,100,,super_barrido
super_P358_B336_p444_s147_rho175,5004,60.0,1,16.8516386,100,,super_barrido
super_P358_B336_p444_s147_rho175,5005,60.0,1,17.4052539,100,,super_barrido
super_P358_B336_p444_s147_rho175,5006,60.0,1,18.0618545,100,,super_barrido
super_P358_B336_p444_s147_rho175,5007,60.0,1,13.5067926,100,,super_barrido
super_P358_B336_p444_s147_rho175,5008,60.0,1,15.826861,100,,super_barrido
super_P358_B336_p444_s147_rho175,5009,60.0,1,15.0663953,100,,super_barrido
super_P358_B336_p444_s147_rho175,5010,60.0,1,14.8133277,100,,super_barrido
super_P358_B336_p444_s147_rho175,5011,60.0,1,17.038016,100,,super_barrido
super_P358_B336_p444_s147_rho175,5012,60.0,1,15.6657805,100,,super_barrido
super_P358_B336_p444_s147_rho175,5013,60.0,1,17.5679653,100,,super_barrido
super_P358_B336_p444_s147_rho175,5014,60.0,1,17.1722914,100,,super_barrido
super_P358_B336_p444_s147_rho175,5015,60.0,1,14.2247357,100,,super_barrido
super_P346_B220_p332_s035_rho175,5000,60.0,1,15.5696236,100,,super_barrido
super_P346_B220_p332_s035_rho175,5001,60.0,1,17.3904967,100,,super_barrido
super_P346_B220_p332_s035_rho175,5002,60.0,1,13.1161168,100,,super_barrido
super_P346_B220_p332_s035_rho175,5003,60.0,1,12.524063,100,,super_barrido
super_P346_B220_p332_s035_rho175,5004,60.0,1,14.7515165,100,,super_barrido
super_P346_B220_p332_s035_rho175,5005,60.0,1,16.9321471,100,,super_barrido
super_P346_B220_p332_s035_rho175,5006,60.0,1,15.906471,100,,super_barrido
super_P346_B220_p332_s035_rho175,5007,60.0,1,16.3684107,100,,super_barrido
super_P346_B220_p332_s035_rho175,5008,60.0,1,13.6184061,100,,super_barrido
super_P346_B220_p332_s035_rho175,5009,60.0,1,16.2145268,100,,super_barrido
super_P346_B220_p332_s035_rho175,5010,60.0,1,14.2888293,100,,super_barrido
super_P346_B220_p332_s035_rho175,5011,60.0,1,14.9635195,100,,super_barrido
super_P346_B220_p332_s035_rho175,5012,60.0,1,15.906214,100,,super_barrido
super_P346_B220_p332_s035_rho175,5013,60.0,1,14.8551696,100,,super_barrido
super_P346_B220_p332_s035_rho175,5014,60.0,1,17.7715096,100,,super_barrido
super_P346_B220_p332_s035_rho175,5015,60.0,1,16.1359983,100,,super_barrido
super_P401_B343_p378_s131_rho175,5000,60.0,1,19.8092187,100,,super_barrido
super_P401_B343_p378_s131_rho175,5001,60.0,1,13.4765608,100,,super_barrido
super_P401_B343_p378_s131_rho175,5002,60.0,1,17.0298591,100,,super_barrido
super_P401_B343_p378_s131_rho175,5003,60.0,1,16.121469,100,,super_barrido
super_P401_B343_p378_s131_rho175,5004,60.0,1,15.0161561,100,,super_barrido
super_P401_B343_p378_s131_rho175,5005,60.0,1,15.4498147,100,,super_barrido
super_P401_B343_p378_s131_rho175,5006,60.0,1,16.7491299,100,,super_barrido
super_P401_B343_p378_s131_rho175,5007,60.0,1,21.4104627,100,,super_barrido
super_P401_B343_p378_s131_rho175,5008,60.0,1,13.7533755,100,,super_barrido
super_P401_B343_p378_s131_rho175,5009,60.0,1,18.6163396,100,,super_barrido
super_P401_B343_p378_s131_rho175,5010,60.0,1,16.1975801,100,,super_barrido
super_P401_B343_p378_s131_rho175,5011,60.0,1,16.7189974,100,,super_barrido
super_P401_B343_p378_s131_rho175,5012,60.0,1,15.7168917,100,,super_barrido
super_P401_B343_p378_s131_rho175,5013,60.0,1,13.735038,100,,super_barrido
super_P401_B343_p378_s131_rho175,5014,60.0,1,15.4579395,100,,super_barrido
super_P401_B343_p378_s131_rho175,5015,60.0,1,14.167127,100,,super_barrido
super_P249_B319_p222_s028_rho175,5000,60.0,1,12.6156976,100,,super_barrido
super_P249_B319_p222_s028_rho175,5001,60.0,1,13.5124691,100,,super_barrido
super_P249_B319_p222_s028_rho175,5002,60.0,1,12.7651592,100,,super_barrido
super_P249_B319_p222_s028_rho175,5003,60.0,1,11.1521106,100,,super_barrido
super_P249_B319_p222_s028_rho175,5004,60.0,1,12.3865455,100,,super_barrido
super_P249_B319_p222_s028_rho175,5005,60.0,1,14.8610497,100,,super_barrido
super_P249_B319_p222_s028_rho175,5006,60.0,1,15.2844409,100,,super_barrido
super_P249_B319_p222_s028_rho175,5007,60.0,1,16.609127,100,,super_barrido
super_P249_B319_p222_s028_rho175,5008,60.0,1,10.3998849,100,,super_barrido
super_P249_B319_p222_s028_rho175,5009,60.0,1,13.101592,100,,super_barrido
super_P249_B319_p222_s028_rho175,5010,60.0,1,12.3418967,100,,super_barrido
super_P249_B319_p222_s028_rho175,5011,60.0,1,12.3018434,100,,super_barrido
super_P249_B319_p222_s028_rho175,5012,60.0,1,18.6834861,100,,super_barrido
super_P249_B319_p222_s028_rho175,5013,60.0,1,13.7993707,100,,super_barrido
super_P249_B319_p222_s028_rho175,5014,60.0,1,11.9076766,100,,super_barrido
super_P249_B319_p222_s028_rho175,5015,60.0,1,13.7451855,100,,super_barrido
super_P280_B258_p316_s178_rho175,5000,60.0,1,16.8652126,100,,super_barrido
super_P280_B258_p316_s178_rho175,5001,60.0,1,13.7410289,100,,super_barrido
super_P280_B258_p316_s178_rho175,5002,60.0,1,13.2400068,100,,super_barrido
super_P280_B258_p316_s178_rho175,5003,60.0,1,12.9112107,100,,super_barrido
super_P280_B258_p316_s178_rho175,5004,60.0,1,12.9863864,100,,super_barrido
super_P280_B258_p316_s178_rho175,5005,60.0,1,14.8934579,100,,super_barrido
super_P280_B258_p316_s178_rho175,5006,60.0,1,12.1736754,100,,super_barrido
super_P280_B258_p316_s178_rho175,5007,60.0,1,13.0647911,100,,super_barrido
super_P280_B258_p316_s178_rho175,5008,60.0,1,14.331715,100,,super_barrido
super_P280_B258_p316_s178_rho175,5009,60.0,1,12.2277129,100,,super_barrido
super_P280_B258_p316_s178_rho175,5010,60.0,1,11.8167509,100,,super_barrido
super_P280_B258_p316_s178_rho175,5011,60.0,1,13.6341007,100,,super_barrido
super_P280_B258_p316_s178_rho175,5012,60.0,1,12.8490172,100,,super_barrido
super_P280_B258_p316_s178_rho175,5013,60.0,1,13.9116388,100,,super_barrido
super_P280_B258_p316_s178_rho175,5014,60.0,1,16.1151374,100,,super_barrido
super_P280_B258_p316_s178_rho175,5015,60.0,1,14.1408199,100,,super_barrido
super_P223_B270_p361_s020_rho175,5000,60.0,1,12.2610283,100,,super_barrido
super_P223_B270_p361_s020_rho175,5001,60.0,1,12.6336651,100,,super_barrido
super_P223_B270_p361_s020_rho175,5002,60.0,1,14.7379972,100,,super_barrido
super_P223_B270_p361_s020_rho175,5003,60.0,1,12.7488214,100,,super_barrido
super_P223_B270_p361_s020_rho175,5004,60.0,1,14.8051137,100,,super_barrido
super_P223_B270_p361_s020_rho175,5005,60.0,1,12.8963326,100,,super_barrido
super_P223_B270_p361_s020_rho175,5006,60.0,1,15.6335906,100,,super_barrido
super_P223_B270_p361_s020_rho175,5007,60.0,1,12.1725959,100,,super_barrido
super_P223_B270_p361_s020_rho175,5008,60.0,1,12.9721825,100,,super_barrido
super_P223_B270_p361_s020_rho175,5009,60.0,1,13.2145419,100,,super_barrido
super_P223_B270_p361_s020_rho175,5010,60.0,1,12.8521346,100,,super_barrido
super_P223_B270_p361_s020_rho175,5011,60.0,1,13.7788639,100,,super_barrido
super_P223_B270_p361_s020_rho175,5012,60.0,1,12.6793877,100,,super_barrido
super_P223_B270_p361_s020_rho175,5013,60.0,1,11.492551,100,,super_barrido
super_P223_B270_p361_s020_rho175,5014,60.0,1,13.3818248,100,,super_barrido
super_P223_B270_p361_s020_rho175,5015,60.0,1,14.1199074,100,,super_barrido
super_P433_B316_p171_s037_rho175,5000,60.0,1,13.4913241,100,,super_barrido
super_P433_B316_p171_s037_rho175,5001,60.0,1,15.5612469,100,,super_barrido
super_P433_B316_p171_s037_rho175,5002,60.0,1,16.1098172,100,,super_barrido
super_P433_B316_p171_s037_rho175,5003,60.0,1,18.1556353,100,,super_barrido
super_P433_B316_p171_s037_rho175,5004,60.0,1,15.0765204,100,,super_barrido
super_P433_B316_p171_s037_rho175,5005,60.0,1,19.1367018,100,,super_barrido
super_P433_B316_p171_s037_rho175,5006,60.0,1,16.003029,100,,super_barrido
super_P433_B316_p171_s037_rho175,5007,60.0,1,14.7130338,100,,super_barrido
super_P433_B316_p171_s037_rho175,5008,60.0,1,16.1289621,100,,super_barrido
super_P433_B316_p171_s037_rho175,5009,60.0,1,15.6848065,100,,super_barrido
super_P433_B316_p171_s037_rho175,5010,60.0,1,16.4598608,100,,super_barrido
super_P433_B316_p171_s037_rho175,5011,60.0,1,16.0396168,100,,super_barrido
super_P433_B316_p171_s037_rho175,5012,60.0,1,13.7790286,100,,super_barrido
super_P433_B316_p171_s037_rho175,5013,60.0,1,14.0742995,100,,super_barrido
super_P433_B316_p171_s037_rho175,5014,60.0,1,18.5946084,100,,super_barrido
super_P433_B316_p171_s037_rho175,5015,60.0,1,13.269798,100,,super_barrido
super_P265_B386_p295_s097_rho175,5000,60.0,1,14.3058356,100,,super_barrido
super_P265_B386_p295_s097_rho175,5001,60.0,1,14.1136394,100,,super_barrido
super_P265_B386_p295_s097_rho175,5002,60.0,1,12.5349299,100,,super_barrido
super_P265_B386_p295_s097_rho175,5003,60.0,1,13.0353072,100,,super_barrido
super_P265_B386_p295_s097_rho175,5004,60.0,1,14.9024981,100,,super_barrido
super_P265_B386_p295_s097_rho175,5005,60.0,1,12.6413072,100,,super_barrido
super_P265_B386_p295_s097_rho175,5006,60.0,1,14.1537116,100,,super_barrido
super_P265_B386_p295_s097_rho175,5007,60.0,1,13.5976956,100,,super_barrido
super_P265_B386_p295_s097_rho175,5008,60.0,1,13.1692704,100,,super_barrido
super_P265_B386_p295_s097_rho175,5009,60.0,1,13.9293123,100,,super_barrido
super_P265_B386_p295_s097_rho175,5010,60.0,1,14.2990977,100,,super_barrido
super_P265_B386_p295_s097_rho175,5011,60.0,1,13.2110988,100,,super_barrido
super_P265_B386_p295_s097_rho175,5012,60.0,1,13.670774,100,,super_barrido
super_P265_B386_p295_s097_rho175,5013,60.0,1,14.2668515,100,,super_barrido
super_P265_B386_p295_s097_rho175,5014,60.0,1,13.2163467,100,,super_barrido
super_P265_B386_p295_s097_rho175,5015,60.0,1,11.2116157,100,,super_barrido
super_P236_B211_p488_s074_rho175,5000,60.0,1,14.0150074,100,,super_barrido
super_P236_B211_p488_s074_rho175,5001,60.0,1,17.3848878,100,,super_barrido
super_P236_B211_p488_s074_rho175,5002,60.0,1,14.4129206,100,,super_barrido
super_P236_B211_p488_s074_rho175,5003,60.0,1,15.1113331,100,,super_barrido
super_P236_B211_p488_s074_rho175,5004,60.0,1,13.726344,100,,super_barrido
super_P236_B211_p488_s074_rho175,5005,60.0,1,15.5956117,100,,super_barrido
super_P236_B211_p488_s074_rho175,5006,60.0,1,19.483077,100,,super_barrido
super_P236_B211_p488_s074_rho175,5007,60.0,1,16.477651,100,,super_barrido
super_P236_B211_p488_s074_rho175,5008,60.0,1,18.7739522,100,,super_barrido
super_P236_B211_p488_s074_rho175,5009,60.0,1,13.0249024,100,,super_barrido
super_P236_B211_p488_s074_rho175,5010,60.0,1,12.8929236,100,,super_barrido
super_P236_B211_p488_s074_rho175,5011,60.0,1,15.8020874,100,,super_barrido
super_P236_B211_p488_s074_rho175,5012,60.0,1,16.2577088,100,,super_barrido
super_P236_B211_p488_s074_rho175,5013,60.0,1,17.9856518,99,,super_barrido
super_P236_B211_p488_s074_rho175,5014,60.0,1,15.6182703,100,,super_barrido
super_P236_B211_p488_s074_rho175,5015,60.0,1,16.7184301,100,,super_barrido
super_P329_B267_p454_s095_rho175,5000,60.0,1,16.5788023,100,,super_barrido
super_P329_B267_p454_s095_rho175,5001,60.0,1,14.8287131,100,,super_barrido
super_P329_B267_p454_s095_rho175,5002,60.0,1,11.8409182,100,,super_barrido
super_P329_B267_p454_s095_rho175,5003,60.0,1,12.4948228,100,,super_barrido
super_P329_B267_p454_s095_rho175,5004,60.0,1,12.6088648,100,,super_barrido
super_P329_B267_p454_s095_rho175,5005,60.0,1,15.0569161,100,,super_barrido
super_P329_B267_p454_s095_rho175,5006,60.0,1,10.2496203,100,,super_barrido
super_P329_B267_p454_s095_rho175,5007,60.0,1,13.5927828,100,,super_barrido
super_P329_B267_p454_s095_rho175,5008,60.0,1,14.4824987,100,,super_barrido
super_P329_B267_p454_s095_rho175,5009,60.0,1,14.1560308,100,,super_barrido
super_P329_B267_p454_s095_rho175,5010,60.0,1,13.5770859,100,,super_barrido
super_P329_B267_p454_s095_rho175,5011,60.0,1,16.1475256,100,,super_barrido
super_P329_B267_p454_s095_rho175,5012,60.0,1,12.7745417,100,,super_barrido
super_P329_B267_p454_s095_rho175,5013,60.0,1,13.4303096,100,,super_barrido
super_P329_B267_p454_s095_rho175,5014,60.0,1,15.9680178,100,,super_barrido
super_P329_B267_p454_s095_rho175,5015,60.0,1,16.719123,100,,super_barrido
super_P377_B214_p429_s053_rho175,5000,60.0,1,15.2467166,100,,super_barrido
super_P377_B214_p429_s053_rho175,5001,60.0,1,15.0027862,100,,super_barrido
super_P377_B214_p429_s053_rho175,5002,60.0,1,14.5885289,100,,super_barrido
super_P377_B214_p429_s053_rho175,5003,60.0,1,15.6257114,100,,super_barrido
super_P377_B214_p429_s053_rho175,5004,60.0,1,13.3052902,100,,super_barrido
super_P377_B214_p429_s053_rho175,5005,60.0,1,15.3793476,100,,super_barrido
super_P377_B214_p429_s053_rho175,5006,60.0,1,16.6611268,100,,super_barrido
super_P377_B214_p429_s053_rho175,5007,60.0,1,16.2304102,100,,super_barrido
super_P377_B214_p429_s053_rho175,5008,60.0,1,14.8929381,100,,super_barrido
super_P377_B214_p429_s053_rho175,5009,60.0,1,14.0391803,100,,super_barrido
super_P377_B214_p429_s053_rho175,5010,60.0,1,15.3388257,100,,super_barrido
super_P377_B214_p429_s053_rho175,5011,60.0,1,12.9090996,100,,super_barrido
super_P377_B214_p429_s053_rho175,5012,60.0,1,13.9458717,100,,super_barrido
super_P377_B214_p429_s053_rho175,5013,60.0,1,14.86655,100,,super_barrido
super_P377_B214_p429_s053_rho175,5014,60.0,1,13.0762048,100,,super_barrido
super_P377_B214_p429_s053_rho175,5015,60.0,1,16.7518832,100,,super_barrido
super_P393_B293_p424_s160_rho175,5000,60.0,1,18.7225666,100,,super_barrido
super_P393_B293_p424_s160_rho175,5001,60.0,1,20.7786259,100,,super_barrido
super_P393_B293_p424_s160_rho175,5002,60.0,1,13.9958288,100,,super_barrido
super_P393_B293_p424_s160_rho175,5003,60.0,1,15.3583314,100,,super_barrido
super_P393_B293_p424_s160_rho175,5004,60.0,1,16.9142166,100,,super_barrido
super_P393_B293_p424_s160_rho175,5005,60.0,1,15.5619023,100,,super_barrido
super_P393_B293_p424_s160_rho175,5006,60.0,1,14.9309915,100,,super_barrido
super_P393_B293_p424_s160_rho175,5007,60.0,1,17.441173,100,,super_barrido
super_P393_B293_p424_s160_rho175,5008,60.0,1,15.0844529,100,,super_barrido
super_P393_B293_p424_s160_rho175,5009,60.0,1,16.2264789,100,,super_barrido
super_P393_B293_p424_s160_rho175,5010,60.0,1,12.2005013,100,,super_barrido
super_P393_B293_p424_s160_rho175,5011,60.0,1,17.448806,100,,super_barrido
super_P393_B293_p424_s160_rho175,5012,60.0,1,13.8918822,100,,super_barrido
super_P393_B293_p424_s160_rho175,5013,60.0,1,15.3195402,100,,super_barrido
super_P393_B293_p424_s160_rho175,5014,60.0,1,15.8060727,100,,super_barrido
super_P393_B293_p424_s160_rho175,5015,60.0,1,13.1869383,100,,super_barrido
super_P295_B281_p243_s008_rho175,5000,60.0,1,13.3971913,100,,super_barrido
super_P295_B281_p243_s008_rho175,5001,60.0,1,12.0737827,100,,super_barrido
super_P295_B281_p243_s008_rho175,5002,60.0,1,12.2066434,100,,super_barrido
super_P295_B281_p243_s008_rho175,5003,60.0,1,13.0518951,100,,super_barrido
super_P295_B281_p243_s008_rho175,5004,60.0,1,14.8723711,100,,super_barrido
super_P295_B281_p243_s008_rho175,5005,60.0,1,13.7233686,100,,super_barrido
super_P295_B281_p243_s008_rho175,5006,60.0,1,11.3248238,100,,super_barrido
super_P295_B281_p243_s008_rho175,5007,60.0,1,14.3634033,100,,super_barrido
super_P295_B281_p243_s008_rho175,5008,60.0,1,17.0354348,100,,super_barrido
super_P295_B281_p243_s008_rho175,5009,60.0,1,13.9155198,100,,super_barrido
super_P295_B281_p243_s008_rho175,5010,60.0,1,13.0211768,100,,super_barrido
super_P295_B281_p243_s008_rho175,5011,60.0,1,14.8687086,100,,super_barrido
super_P295_B281_p243_s008_rho175,5012,60.0,1,15.1802001,100,,super_barrido
super_P295_B281_p243_s008_rho175,5013,60.0,1,12.5067266,100,,super_barrido
super_P295_B281_p243_s008_rho175,5014,60.0,1,11.7344604,99,,super_barrido
super_P295_B281_p243_s008_rho175,5015,60.0,1,13.8375593,100,,super_barrido
super_P406_B329_p344_s165_rho175,5000,60.0,1,14.5781619,100,,super_barrido
super_P406_B329_p344_s165_rho175,5001,60.0,1,15.7937136,100,,super_barrido
super_P406_B329_p344_s165_rho175,5002,60.0,1,15.4131574,100,,super_barrido
super_P406_B329_p344_s165_rho175,5003,60.0,1,11.9907265,100,,super_barrido
super_P406_B329_p344_s165_rho175,5004,60.0,1,12.5092394,100,,super_barrido
super_P406_B329_p344_s165_rho175,5005,60.0,1,22.5759276,100,,super_barrido
super_P406_B329_p344_s165_rho175,5006,60.0,1,15.8420884,100,,super_barrido
super_P406_B329_p344_s165_rho175,5007,60.0,1,16.5467274,100,,super_barrido
super_P406_B329_p344_s165_rho175,5008,60.0,1,12.2962627,100,,super_barrido
super_P406_B329_p344_s165_rho175,5009,60.0,1,13.244411,100,,super_barrido
super_P406_B329_p344_s165_rho175,5010,60.0,1,15.7146868,100,,super_barrido
super_P406_B329_p344_s165_rho175,5011,60.0,1,17.3924961,100,,super_barrido
super_P406_B329_p344_s165_rho175,5012,60.0,1,12.9313827,100,,super_barrido
super_P406_B329_p344_s165_rho175,5013,60.0,1,17.1021541,100,,super_barrido
super_P406_B329_p344_s165_rho175,5014,60.0,1,15.146195,100,,super_barrido
super_P406_B329_p344_s165_rho175,5015,60.0,1,15.6074398,100,,super_barrido
super_P392_B228_p364_s177_rho175,5000,60.0,1,14.4955461,100,,super_barrido
super_P392_B228_p364_s177_rho175,5001,60.0,1,15.3410547,100,,super_barrido
super_P392_B228_p364_s177_rho175,5002,60.0,1,13.098505,100,,super_barrido
super_P392_B228_p364_s177_rho175,5003,60.0,1,15.3935537,100,,super_barrido
super_P392_B228_p364_s177_rho175,5004,60.0,1,12.0486729,100,,super_barrido
super_P392_B228_p364_s177_rho175,5005,60.0,1,15.7699313,100,,super_barrido
super_P392_B228_p364_s177_rho175,5006,60.0,1,16.3175911,100,,super_barrido
super_P392_B228_p364_s177_rho175,5007,60.0,1,14.3767477,100,,super_barrido
super_P392_B228_p364_s177_rho175,5008,60.0,1,16.6354555,100,,super_barrido
super_P392_B228_p364_s177_rho175,5009,60.0,1,15.8734759,100,,super_barrido
super_P392_B228_p364_s177_rho175,5010,60.0,1,16.2691286,100,,super_barrido
super_P392_B228_p364_s177_rho175,5011,60.0,1,16.2221148,100,,super_barrido
super_P392_B228_p364_s177_rho175,5012,60.0,1,13.177671,100,,super_barrido
super_P392_B228_p364_s177_rho175,5013,60.0,1,18.1501221,100,,super_barrido
super_P392_B228_p364_s177_rho175,5014,60.0,1,14.5369141,100,,super_barrido
super_P392_B228_p364_s177_rho175,5015,60.0,1,17.2702748,100,,super_barrido
super_P233_B398_p199_s136_rho175,5000,60.0,1,12.5032703,100,,super_barrido
super_P233_B398_p199_s136_rho175,5001,60.0,1,12.0556819,100,,super_barrido
super_P233_B398_p199_s136_rho175,5002,60.0,1,13.4286182,99,,super_barrido
super_P233_B398_p199_s136_rho175,5003,60.0,1,16.0289192,100,,super_barrido
super_P233_B398_p199_s136_rho175,5004,60.0,1,12.116998,100,,super_barrido
super_P233_B398_p199_s136_rho175,5005,60.0,1,14.864183,100,,super_barrido
super_P233_B398_p199_s136_rho175,5006,60.0,1,13.8559995,100,,super_barrido
super_P233_B398_p199_s136_rho175,5007,60.0,1,13.1085766,100,,super_barrido
super_P233_B398_p199_s136_rho175,5008,60.0,1,13.4506879,100,,super_barrido
super_P233_B398_p199_s136_rho175,5009,60.0,1,13.1394715,100,,super_barrido
super_P233_B398_p199_s136_rho175,5010,60.0,1,13.2264522,100,,super_barrido
super_P233_B398_p199_s136_rho175,5011,60.0,1,12.4950411,100,,super_barrido
super_P233_B398_p199_s136_rho175,5012,60.0,1,15.6149417,100,,super_barrido
super_P233_B398_p199_s136_rho175,5013,60.0,1,13.9484148,100,,super_barrido
super_P233_B398_p199_s136_rho175,5014,60.0,1,12.0721802,100,,super_barrido
super_P233_B398_p199_s136_rho175,5015,60.0,1,15.7394227,100,,super_barrido
super_P340_B339_p209_s007_rho175,5000,60.0,1,15.0981952,100,,super_barrido
super_P340_B339_p209_s007_rho175,5001,60.0,1,14.3297936,100,,super_barrido
super_P340_B339_p209_s007_rho175,5002,60.0,1,16.2983037,100,,super_barrido
super_P340_B339_p209_s007_rho175,5003,60.0,1,15.2231036,100,,super_barrido
super_P340_B339_p209_s007_rho175,5004,60.0,1,14.6304673,100,,super_barrido
super_P340_B339_p209_s007_rho175,5005,60.0,1,13.0998968,100,,super_barrido
super_P340_B339_p209_s007_rho175,5006,60.0,1,16.3957121,100,,super_barrido
super_P340_B339_p209_s007_rho175,5007,60.0,1,12.6938415,100,,super_barrido
super_P340_B339_p209_s007_rho175,5008,60.0,1,18.5479955,100,,super_barrido
super_P340_B339_p209_s007_rho175,5009,60.0,1,15.4396444,100,,super_barrido
super_P340_B339_p209_s007_rho175,5010,60.0,1,14.7417044,100,,super_barrido
super_P340_B339_p209_s007_rho175,5011,60.0,1,14.3594905,100,,super_barrido
super_P340_B339_p209_s007_rho175,5012,60.0,1,15.3667034,100,,super_barrido
super_P340_B339_p209_s007_rho175,5013,60.0,1,12.1829676,100,,super_barrido
super_P340_B339_p209_s007_rho175,5014,60.0,1,14.0787593,100,,super_barrido
super_P340_B339_p209_s007_rho175,5015,60.0,1,15.4792891,100,,super_barrido
super_P317_B356_p496_s047_rho175,5000,60.0,1,13.6176174,100,,super_barrido
super_P317_B356_p496_s047_rho175,5001,60.0,1,18.6408267,100,,super_barrido
super_P317_B356_p496_s047_rho175,5002,60.0,1,16.3188586,100,,super_barrido
super_P317_B356_p496_s047_rho175,5003,60.0,1,14.6824424,100,,super_barrido
super_P317_B356_p496_s047_rho175,5004,60.0,1,12.4005281,100,,super_barrido
super_P317_B356_p496_s047_rho175,5005,60.0,1,15.9850908,100,,super_barrido
super_P317_B356_p496_s047_rho175,5006,60.0,1,15.0899334,100,,super_barrido
super_P317_B356_p496_s047_rho175,5007,60.0,1,15.9772473,100,,super_barrido
super_P317_B356_p496_s047_rho175,5008,60.0,1,14.9334704,100,,super_barrido
super_P317_B356_p496_s047_rho175,5009,60.0,1,13.824444,100,,super_barrido
super_P317_B356_p496_s047_rho175,5010,60.0,1,14.0599879,100,,super_barrido
super_P317_B356_p496_s047_rho175,5011,60.0,1,14.5730391,100,,super_barrido
super_P317_B356_p496_s047_rho175,5012,60.0,1,14.7353373,100,,super_barrido
super_P317_B356_p496_s047_rho175,5013,60.0,1,13.1619553,100,,super_barrido
super_P317_B356_p496_s047_rho175,5014,60.0,1,16.0637103,100,,super_barrido
super_P317_B356_p496_s047_rho175,5015,60.0,1,15.2746371,100,,super_barrido
super_P244_B394_p398_s125_rho175,5000,60.0,1,13.3955222,100,,super_barrido
super_P244_B394_p398_s125_rho175,5001,60.0,1,14.5686077,100,,super_barrido
super_P244_B394_p398_s125_rho175,5002,60.0,1,11.3789856,100,,super_barrido
super_P244_B394_p398_s125_rho175,5003,60.0,1,12.0758666,100,,super_barrido
super_P244_B394_p398_s125_rho175,5004,60.0,1,12.8351962,100,,super_barrido
super_P244_B394_p398_s125_rho175,5005,60.0,1,17.0804259,100,,super_barrido
super_P244_B394_p398_s125_rho175,5006,60.0,1,13.5518454,100,,super_barrido
super_P244_B394_p398_s125_rho175,5007,60.0,1,13.5992679,100,,super_barrido
super_P244_B394_p398_s125_rho175,5008,60.0,1,13.8611725,100,,super_barrido
super_P244_B394_p398_s125_rho175,5009,60.0,1,14.3331726,100,,super_barrido
super_P244_B394_p398_s125_rho175,5010,60.0,1,16.0189845,100,,super_barrido
super_P244_B394_p398_s125_rho175,5011,60.0,1,18.3393797,100,,super_barrido
super_P244_B394_p398_s125_rho175,5012,60.0,1,12.9775381,100,,super_barrido
super_P244_B394_p398_s125_rho175,5013,60.0,1,17.1963584,100,,super_barrido
super_P244_B394_p398_s125_rho175,5014,60.0,1,10.7406772,100,,super_barrido
super_P244_B394_p398_s125_rho175,5015,60.0,1,14.5654128,100,,super_barrido
abierto_b300_rho175_d390,5000,60.0,1,13.5160155,100,,super_barrido
abierto_b300_rho175_d390,5001,60.0,1,11.1164952,100,,super_barrido
abierto_b300_rho175_d390,5002,60.0,1,12.9711246,100,,super_barrido
abierto_b300_rho175_d390,5003,60.0,1,14.6203516,100,,super_barrido
abierto_b300_rho175_d390,5004,60.0,1,12.5963025,100,,super_barrido
abierto_b300_rho175_d390,5005,60.0,1,15.2619489,100,,super_barrido
abierto_b300_rho175_d390,5006,60.0,1,11.9983082,100,,super_barrido
abierto_b300_rho175_d390,5007,60.0,1,11.1660262,100,,super_barrido
abierto_b300_rho175_d390,5008,60.0,1,12.4849072,100,,super_barrido
abierto_b300_rho175_d390,5009,60.0,1,13.038285,100,,super_barrido
abierto_b300_rho175_d390,5010,60.0,1,12.6277466,100,,super_barrido
abierto_b300_rho175_d390,5011,60.0,1,11.427703,100,,super_barrido
abierto_b300_rho175_d390,5012,60.0,1,16.2411946,100,,super_barrido
abierto_b300_rho175_d390,5013,60.0,1,11.8291611,100,,super_barrido
abierto_b300_rho175_d390,5014,60.0,1,11.9388649,100,,super_barrido
abierto_b300_rho175_d390,5015,60.0,1,11.8883055,100,,super_barrido
actual,5000,60.0,1,15.6799071,100,,super_barrido
actual,5001,60.0,1,15.5726634,100,,super_barrido
actual,5002,60.0,1,14.7955447,100,,super_barrido
actual,5003,60.0,1,15.3103588,100,,super_barrido
actual,5004,60.0,1,11.4190598,100,,super_barrido
actual,5005,60.0,1,17.6746184,100,,super_barrido
actual,5006,60.0,1,16.4015759,100,,super_barrido
actual,5007,60.0,1,16.1727547,100,,super_barrido
actual,5008,60.0,1,18.2161526,100,,super_barrido
actual,5009,60.0,1,17.8863483,100,,super_barrido
actual,5010,60.0,1,17.2532768,100,,super_barrido
actual,5011,60.0,1,17.7086807,100,,super_barrido
actual,5012,60.0,1,15.7223981,100,,super_barrido
actual,5013,60.0,1,15.0572318,100,,super_barrido
actual,5014,60.0,1,14.6706587,100,,super_barrido
actual,5015,60.0,1,17.4043742,100,,super_barrido
