label,cuello,profundidad_m,semiancho_m,exponente,retroceso_m,rho_m,obstaculos,rellenos,area_centros_m2,fraccion_atrapada,realizaciones,alcanzaron,mean_t90_seconds,std_t90_seconds,sem_t90_seconds,mean_goals_at_end,errores,b_m,a_m
super_P270_B289_p310_s002_rho175,superelipse,0.27,0.289,3.1,0.002,0.0175,74,22,0.287231,0.0,24,24,13.315754879166667,1.3333291475928257,0.27216467256520543,100.0,0,,
super_P277_B268_p472_s113_rho175,superelipse,0.277,0.268,4.72,0.113,0.0175,87,27,0.276819,0.0,24,24,13.163644858333333,1.3665214253127504,0.2789400178830859,100.0,0,,
super_P223_B270_p361_s020_rho175,superelipse,0.223,0.27,3.61,0.02,0.0175,80,26,0.22083999999999998,0.0,24,24,14.302363941666668,2.146173865530932,0.43808590582061185,100.0,0,,
super_P260_B226_p392_s005_rho175,superelipse,0.26,0.226,3.92,0.005,0.0175,86,31,0.21937299999999998,0.0,24,24,14.708065233333334,1.8201568183993693,0.37153795474384327,100.0,0,,
super_P324_B233_p237_s038_rho175,superelipse,0.324,0.233,2.37,0.038,0.0175,88,31,0.248079,0.0,24,24,14.050937379166667,1.70669580111362,0.34837782157324426,99.95833333333333,0,,
super_P249_B319_p222_s028_rho175,superelipse,0.249,0.319,2.22,0.028,0.0175,66,23,0.260085,0.0,24,24,13.709187016666666,1.7687910954571617,0.36105297045404494,100.0,0,,
super_P262_B302_p279_s108_rho175,superelipse,0.262,0.302,2.79,0.108,0.0175,72,22,0.26642099999999996,0.0,24,24,13.29619761625,1.6192256059974497,0.33052304276188577,99.91666666666667,0,,
super_P254_B248_p370_s169_rho175,superelipse,0.254,0.248,3.7,0.169,0.0175,85,31,0.21984499999999998,0.0,24,24,14.552549708333332,1.7683914290866476,0.3609713888977858,100.0,0,,
super_P250_B289_p310_s002_rho175,superelipse,0.25,0.289,3.1,0.002,0.0175,72,22,0.266576,0.0,24,24,13.336496283333332,1.4995694955086034,0.30609834148657245,100.0,0,,
super_P290_B289_p310_s002_rho175,superelipse,0.29,0.289,3.1,0.002,0.0175,76,22,0.30789099999999997,0.0,24,24,13.911857470833333,1.7194031837248902,0.35097170518690496,100.0,0,,
super_P270_B269_p310_s002_rho175,superelipse,0.27,0.269,3.1,0.002,0.0175,82,24,0.260801,0.0,24,24,13.930216104166666,1.6891454389202363,0.344795368892009,100.0,0,,
super_P270_B309_p310_s002_rho175,superelipse,0.27,0.309,3.1,0.002,0.0175,64,22,0.309507,0.0,24,24,14.187590516666667,1.2616581491278338,0.25753489126561985,100.0,0,,
super_P270_B289_p270_s002_rho175,superelipse,0.27,0.289,2.7,0.002,0.0175,76,24,0.27752699999999997,0.0,24,24,13.701855320833333,1.6031081655818604,0.327233084013727,100.0,0,,
super_P270_B289_p350_s002_rho175,superelipse,0.27,0.289,3.5,0.002,0.0175,72,21,0.295723,0.0,24,24,13.515204333333335,1.8739581103334026,0.38252009747225146,100.0,0,,
super_P270_B289_p310_s032_rho175,superelipse,0.27,0.289,3.1,0.032,0.0175,77,23,0.28063899999999997,0.0,24,24,13.107063841666667,1.3393507931778628,0.27339383582314075,100.0,0,,
super_P257_B268_p472_s113_rho175,superelipse,0.257,0.268,4.72,0.113,0.0175,84,26,0.256421,0.0,24,24,13.001603308333335,1.4742769109093208,0.3009355142745376,100.0,0,,
super_P297_B268_p472_s113_rho175,superelipse,0.297,0.268,4.72,0.113,0.0175,88,26,0.297221,0.0,24,24,14.337313008333332,1.9569655012024627,0.39946391018133115,100.0,0,,
super_P277_B248_p472_s113_rho175,superelipse,0.277,0.248,4.72,0.113,0.0175,93,35,0.256281,0.0,24,24,13.670192270833333,1.458749499614377,0.29776599471629256,100.0,0,,
super_P277_B288_p472_s113_rho175,superelipse,0.277,0.288,4.72,0.113,0.0175,83,24,0.299347,0.0,24,24,13.663082875,1.9041443747559919,0.38868184289525753,100.0,0,,
super_P277_B268_p432_s113_rho175,superelipse,0.277,0.268,4.32,0.113,0.0175,87,28,0.27323,0.0,24,24,13.993771929166668,1.4501050050957833,0.29600144466172246,100.0,0,,
super_P277_B268_p512_s113_rho175,superelipse,0.277,0.268,5.12,0.113,0.0175,89,27,0.27955399999999997,0.0,24,24,13.928931179166666,1.3199562888684975,0.2694349492087945,100.0,0,,
super_P277_B268_p472_s083_rho175,superelipse,0.277,0.268,4.72,0.083,0.0175,88,27,0.278518,0.0,24,24,13.890943366666667,1.330884886927433,0.2716657399461581,100.0,0,,
super_P277_B268_p472_s143_rho175,superelipse,0.277,0.268,4.72,0.143,0.0175,87,27,0.275003,0.0,24,24,13.608760495833332,1.7448827547021155,0.3561727008335074,100.0,0,,
super_P203_B270_p361_s020_rho175,superelipse,0.203,0.27,3.61,0.02,0.0175,77,25,0.201019,0.0,24,24,14.3096137,1.5767817241434152,0.3218592216581059,100.0,0,,
super_P243_B270_p361_s020_rho175,superelipse,0.243,0.27,3.61,0.02,0.0175,81,25,0.240622,0.0,24,24,13.563158270833334,1.3516832123182816,0.27591118033882067,100.0,0,,
super_P223_B250_p361_s020_rho175,superelipse,0.223,0.25,3.61,0.02,0.0175,86,34,0.204533,0.0,24,24,14.27427485,1.5363692986880784,0.3136100698552861,100.0,0,,
super_P223_B290_p361_s020_rho175,superelipse,0.223,0.29,3.61,0.02,0.0175,70,22,0.243977,0.0,24,24,13.775829158333332,1.3417468513503448,0.2738829291495246,100.0,0,,
super_P223_B270_p321_s020_rho175,superelipse,0.223,0.27,3.21,0.02,0.0175,81,27,0.215603,0.0,24,24,13.933856675000001,1.6896734717252968,0.34490315313699643,99.95833333333333,0,,
super_P223_B270_p401_s020_rho175,superelipse,0.223,0.27,4.01,0.02,0.0175,81,26,0.224358,0.0,24,24,13.749299545833333,1.466142112218369,0.2992750054451132,99.91666666666667,0,,
super_P223_B270_p361_s050_rho175,superelipse,0.223,0.27,3.61,0.05,0.0175,79,26,0.217963,0.0,24,24,14.0353063875,1.7638567037834476,0.3600457419714085,100.0,0,,
abierto_b300_rho175_d390,abierto,,,,,0.0175,81,25,0.280788,0.0,24,24,13.410819495833332,1.713838232093088,0.3498357641918063,100.0,0,0.3,0.4181226644179911
