label,cuello,b_m,a_m,rho_m,obstaculos,rellenos,area_centros_m2,fraccion_atrapada,realizaciones,alcanzaron,mean_t90_seconds,std_t90_seconds,sem_t90_seconds,mean_goals_at_end
abierto_b250_rho175,abierto,0.25,0.3838314245863671,0.0175,103,34,0.525768,0.0,24,24,21.9954305875,2.3066232510774585,0.4708374994982852,99.75
abierto_b255_rho175,abierto,0.255,0.3871066551998299,0.0175,106,38,0.537941,0.0,24,24,19.875282729166667,2.3349300440683356,0.4766155994218052,99.79166666666667
abierto_b260_rho175,abierto,0.26,0.3904184453890467,0.0175,98,30,0.549574,0.0,24,24,20.261650083333333,2.61960582667561,0.5347248002147463,99.79166666666667
abierto_b265_rho175,abierto,0.265,0.3937658726959461,0.0175,99,29,0.5596559999999999,0.0,24,24,20.758919854166667,2.846927554586758,0.581126653617255,99.95833333333333
abierto_b270_rho175,abierto,0.27,0.39714803600169046,0.0175,91,22,0.572004,0.0,24,24,20.521353020833335,2.500842945787438,0.5104824286681665,99.83333333333333
abierto_b275_rho175,abierto,0.275,0.4005640554268443,0.0175,90,21,0.583708,0.0,24,24,20.307675470833335,1.8040088939413443,0.3682417734665791,99.91666666666667
abierto_b280_rho175,abierto,0.28,0.40401307218950233,0.0175,82,14,0.596233,0.0,24,24,21.143654358333333,2.4132179186453584,0.49259604490186465,99.95833333333333
abierto_b285_rho175,abierto,0.285,0.40749424842566795,0.0175,83,14,0.607217,0.0,24,24,20.814011762499998,2.539591635650654,0.5183919718653527,99.83333333333333
abierto_b290_rho175,abierto,0.29,0.4110067669759222,0.0175,71,14,0.629182,0.0,24,24,20.937889766666668,2.560338975841611,0.5226270049476678,99.79166666666667
abierto_b295_rho175,abierto,0.295,0.414549831142168,0.0175,60,14,0.650783,0.0,24,24,22.266643470833333,3.0391388437668176,0.6203616187250623,99.875
abierto_b300_rho175,abierto,0.3,0.4181226644179911,0.0175,50,10,0.664258,0.0,24,24,20.6392804625,1.5686755856463073,0.32020456306625206,99.875
cerrado_b225_rho175,cerrado,0.225,0.3680374471436297,0.0175,103,28,0.447991,0.0,24,24,21.467419141666667,2.631578495210416,0.5371687109455587,99.70833333333333
cerrado_b230_rho175,cerrado,0.23,0.37111529542717586,0.0175,109,31,0.457791,0.0,24,24,20.3281924875,2.0304636676638497,0.414466660586376,99.91666666666667
cerrado_b235_rho175,cerrado,0.235,0.3742346356231609,0.0175,108,30,0.468645,0.0,24,24,19.7153994875,2.2897964458312927,0.46740274226042744,99.95833333333333
cerrado_b240_rho175,cerrado,0.24,0.37739443888324586,0.0175,112,32,0.47939,0.0,24,24,20.2778018375,1.9476458130838303,0.39756153681028716,99.91666666666667
cerrado_b245_rho175,cerrado,0.245,0.3805936973992081,0.0175,109,32,0.491654,0.0,24,24,20.096468666666667,2.7867747989071248,0.5688480237808047,99.91666666666667
cerrado_b250_rho175,cerrado,0.25,0.3838314245863671,0.0175,111,33,0.501976,0.0,24,24,20.000587229166666,2.168797756797952,0.44270398828731244,99.95833333333333
cerrado_b255_rho175,cerrado,0.255,0.3871066551998299,0.0175,115,38,0.513396,3.8956283258926835e-06,24,24,20.160931091666665,2.1205298474461247,0.43285134254873836,99.83333333333333
cerrado_b260_rho175,cerrado,0.26,0.3904184453890467,0.0175,109,30,0.523785,0.0,24,24,19.813642829166668,2.006580089487903,0.40959144560613087,99.95833333333333
cerrado_b265_rho175,cerrado,0.265,0.3937658726959461,0.0175,110,29,0.533647,0.0,24,24,19.3972162,2.310572549537651,0.47164364667073777,99.79166666666667
cerrado_b270_rho175,cerrado,0.27,0.39714803600169046,0.0175,102,22,0.545122,0.0,24,24,19.713263604166666,2.086586051132739,0.4259225941403417,99.95833333333333
cerrado_b275_rho175,cerrado,0.275,0.4005640554268443,0.0175,100,20,0.556906,1.7956351700286942e-06,24,24,19.522804687500003,1.804865780921584,0.36841668478898093,99.91666666666667
