label,seed,tmax_s,reached,t90_seconds,goals_at_end,etapa
abierto_b100_rho175,5000,60.0,0,,86,barrido
abierto_b100_rho175,5001,60.0,0,,86,barrido
abierto_b100_rho175,5002,60.0,0,,81,barrido
abierto_b100_rho175,5003,60.0,0,,87,barrido
abierto_b100_rho175,5004,60.0,0,,77,barrido
abierto_b100_rho175,5005,60.0,0,,82,barrido
abierto_b100_rho175,5006,60.0,0,,83,barrido
abierto_b100_rho175,5007,60.0,0,,88,barrido
abierto_b100_rho175,5008,60.0,0,,89,barrido
abierto_b100_rho175,5009,60.0,0,,87,barrido
abierto_b100_rho175,5010,60.0,0,,86,barrido
abierto_b100_rho175,5011,60.0,0,,86,barrido
abierto_b100_rho175,5012,60.0,0,,85,barrido
abierto_b100_rho175,5013,60.0,0,,82,barrido
abierto_b100_rho175,5014,60.0,1,52.0502322,92,barrido
abierto_b100_rho175,5015,60.0,0,,82,barrido
abierto_b125_rho175,5000,60.0,1,40.2840454,99,barrido
abierto_b125_rho175,5001,60.0,1,37.997114,95,barrido
abierto_b125_rho175,5002,60.0,1,41.0511652,98,barrido
abierto_b125_rho175,5003,60.0,1,38.477593,96,barrido
abierto_b125_rho175,5004,60.0,1,49.5327909,96,barrido
abierto_b125_rho175,5005,60.0,1,49.2554032,95,barrido
abierto_b125_rho175,5006,60.0,1,42.2632595,96,barrido
abierto_b125_rho175,5007,60.0,1,39.519788,98,barrido
abierto_b125_rho175,5008,60.0,1,45.2483653,92,barrido
abierto_b125_rho175,5009,60.0,1,39.8226378,98,barrido
abierto_b125_rho175,5010,60.0,1,48.9032496,94,barrido
abierto_b125_rho175,5011,60.0,1,48.9171732,92,barrido
abierto_b125_rho175,5012,60.0,1,53.866982,91,barrido
abierto_b125_rho175,5013,60.0,1,47.4934215,94,barrido
abierto_b125_rho175,5014,60.0,1,41.4579822,98,barrido
abierto_b125_rho175,5015,60.0,1,40.7720806,97,barrido
abierto_b150_rho175,5000,60.0,1,34.9657979,99,barrido
abierto_b150_rho175,5001,60.0,1,32.5896727,98,barrido
abierto_b150_rho175,5002,60.0,1,33.4771157,99,barrido
abierto_b150_rho175,5003,60.0,1,29.3251108,98,barrido
abierto_b150_rho175,5004,60.0,1,30.7891131,99,barrido
abierto_b150_rho175,5005,60.0,1,27.9003997,99,barrido
abierto_b150_rho175,5006,60.0,1,31.7035909,96,barrido
abierto_b150_rho175,5007,60.0,1,40.3404204,96,barrido
abierto_b150_rho175,5008,60.0,1,28.6947986,99,barrido
abierto_b150_rho175,5009,60.0,1,28.863161,99,barrido
abierto_b150_rho175,5010,60.0,1,32.4419025,99,barrido
abierto_b150_rho175,5011,60.0,1,26.0892548,100,barrido
abierto_b150_rho175,5012,60.0,1,36.2175192,97,barrido
abierto_b150_rho175,5013,60.0,1,36.3687806,98,barrido
abierto_b150_rho175,5014,60.0,1,28.1392838,99,barrido
abierto_b150_rho175,5015,60.0,1,32.0463874,100,barrido
abierto_b175_rho175,5000,60.0,1,23.2160965,99,barrido
abierto_b175_rho175,5001,60.0,1,27.0618678,100,barrido
abierto_b175_rho175,5002,60.0,1,27.4829094,99,barrido
abierto_b175_rho175,5003,60.0,1,32.7152952,98,barrido
abierto_b175_rho175,5004,60.0,1,26.5930363,100,barrido
abierto_b175_rho175,5005,60.0,1,23.100768,100,barrido
abierto_b175_rho175,5006,60.0,1,24.8981579,99,barrido
abierto_b175_rho175,5007,60.0,1,20.7933676,100,barrido
abierto_b175_rho175,5008,60.0,1,22.6339492,99,barrido
abierto_b175_rho175,5009,60.0,1,26.1028048,100,barrido
abierto_b175_rho175,5010,60.0,1,21.4079154,100,barrido
abierto_b175_rho175,5011,60.0,1,22.8362169,100,barrido
abierto_b175_rho175,5012,60.0,1,22.6204262,100,barrido
abierto_b175_rho175,5013,60.0,1,26.7022415,99,barrido
abierto_b175_rho175,5014,60.0,1,25.867447,100,barrido
abierto_b175_rho175,5015,60.0,1,25.3194795,99,barrido
abierto_b200_rho175,5000,60.0,1,22.2789879,100,barrido
abierto_b200_rho175,5001,60.0,1,23.6692427,100,barrido
abierto_b200_rho175,5002,60.0,1,25.7042248,100,barrido
abierto_b200_rho175,5003,60.0,1,19.7796545,100,barrido
abierto_b200_rho175,5004,60.0,1,19.6229112,99,barrido
abierto_b200_rho175,5005,60.0,1,19.9194011,100,barrido
abierto_b200_rho175,5006,60.0,1,27.5308707,100,barrido
abierto_b200_rho175,5007,60.0,1,20.2554326,100,barrido
abierto_b200_rho175,5008,60.0,1,22.2565282,100,barrido
abierto_b200_rho175,5009,60.0,1,25.2211566,100,barrido
abierto_b200_rho175,5010,60.0,1,26.0857364,100,barrido
abierto_b200_rho175,5011,60.0,1,25.0120131,100,barrido
abierto_b200_rho175,5012,60.0,1,21.8856238,99,barrido
abierto_b200_rho175,5013,60.0,1,19.7838159,100,barrido
abierto_b200_rho175,5014,60.0,1,22.3068261,100,barrido
abierto_b200_rho175,5015,60.0,1,19.3301076,100,barrido
abierto_b225_rho175,5000,60.0,1,23.6613822,100,barrido
abierto_b225_rho175,5001,60.0,1,24.2760938,100,barrido
abierto_b225_rho175,5002,60.0,1,26.8900566,100,barrido
abierto_b225_rho175,5003,60.0,1,20.1022811,100,barrido
abierto_b225_rho175,5004,60.0,1,20.6564948,100,barrido
abierto_b225_rho175,5005,60.0,1,25.9326488,99,barrido
abierto_b225_rho175,5006,60.0,1,17.7955036,100,barrido
abierto_b225_rho175,5007,60.0,1,20.8538223,100,barrido
abierto_b225_rho175,5008,60.0,1,21.1431988,100,barrido
abierto_b225_rho175,5009,60.0,1,20.449294,100,barrido
abierto_b225_rho175,5010,60.0,1,24.8300206,100,barrido
abierto_b225_rho175,5011,60.0,1,21.5279574,100,barrido
abierto_b225_rho175,5012,60.0,1,21.3973454,100,barrido
abierto_b225_rho175,5013,60.0,1,23.9884397,100,barrido
abierto_b225_rho175,5014,60.0,1,24.2620764,100,barrido
abierto_b225_rho175,5015,60.0,1,15.9406173,99,barrido
abierto_b250_rho175,5000,60.0,1,22.52421,100,barrido
abierto_b250_rho175,5001,60.0,1,21.3093777,100,barrido
abierto_b250_rho175,5002,60.0,1,21.382499,100,barrido
abierto_b250_rho175,5003,60.0,1,21.1714776,100,barrido
abierto_b250_rho175,5004,60.0,1,19.2113511,100,barrido
abierto_b250_rho175,5005,60.0,1,18.9865771,100,barrido
abierto_b250_rho175,5006,60.0,1,19.1583744,100,barrido
abierto_b250_rho175,5007,60.0,1,22.2220594,100,barrido
abierto_b250_rho175,5008,60.0,1,16.9392437,100,barrido
abierto_b250_rho175,5009,60.0,1,19.6741061,100,barrido
abierto_b250_rho175,5010,60.0,1,19.7985726,100,barrido
abierto_b250_rho175,5011,60.0,1,21.1185922,100,barrido
abierto_b250_rho175,5012,60.0,1,15.734478,100,barrido
abierto_b250_rho175,5013,60.0,1,21.8751719,100,barrido
abierto_b250_rho175,5014,60.0,1,23.0919747,100,barrido
abierto_b250_rho175,5015,60.0,1,18.8735708,100,barrido
abierto_b275_rho175,5000,60.0,1,16.8322845,100,barrido
abierto_b275_rho175,5001,60.0,1,15.4122929,99,barrido
abierto_b275_rho175,5002,60.0,1,17.6073199,100,barrido
abierto_b275_rho175,5003,60.0,1,17.8256981,100,barrido
abierto_b275_rho175,5004,60.0,1,20.2551415,100,barrido
abierto_b275_rho175,5005,60.0,1,23.9497673,99,barrido
abierto_b275_rho175,5006,60.0,1,20.0009146,100,barrido
abierto_b275_rho175,5007,60.0,1,24.6349819,99,barrido
abierto_b275_rho175,5008,60.0,1,21.6771949,100,barrido
abierto_b275_rho175,5009,60.0,1,18.861697,100,barrido
abierto_b275_rho175,5010,60.0,1,24.5701815,99,barrido
abierto_b275_rho175,5011,60.0,1,18.6273615,100,barrido
abierto_b275_rho175,5012,60.0,1,19.5070091,100,barrido
abierto_b275_rho175,5013,60.0,1,17.1100785,99,barrido
abierto_b275_rho175,5014,60.0,1,23.8310745,100,barrido
abierto_b275_rho175,5015,60.0,1,21.8904012,99,barrido
abierto_b300_rho175,5000,60.0,1,21.9472791,100,barrido
abierto_b300_rho175,5001,60.0,1,18.4327663,100,barrido
abierto_b300_rho175,5002,60.0,1,23.9018747,100,barrido
abierto_b300_rho175,5003,60.0,1,18.3820451,100,barrido
abierto_b300_rho175,5004,60.0,1,20.5210839,100,barrido
abierto_b300_rho175,5005,60.0,1,24.0633972,100,barrido
abierto_b300_rho175,5006,60.0,1,24.2838774,100,barrido
abierto_b300_rho175,5007,60.0,1,22.5422813,99,barrido
abierto_b300_rho175,5008,60.0,1,17.9532829,100,barrido
abierto_b300_rho175,5009,60.0,1,23.4890798,100,barrido
abierto_b300_rho175,5010,60.0,1,24.3584191,100,barrido
abierto_b300_rho175,5011,60.0,1,22.8629514,100,barrido
abierto_b300_rho175,5012,60.0,1,20.8466536,100,barrido
abierto_b300_rho175,5013,60.0,1,21.2593731,99,barrido
abierto_b300_rho175,5014,60.0,1,21.8061871,100,barrido
abierto_b300_rho175,5015,60.0,1,24.2851919,100,barrido
abierto_b325_rho175,5000,60.0,1,20.6717048,100,barrido
abierto_b325_rho175,5001,60.0,1,17.7393194,99,barrido
abierto_b325_rho175,5002,60.0,1,15.8782666,100,barrido
abierto_b325_rho175,5003,60.0,1,21.7711354,100,barrido
abierto_b325_rho175,5004,60.0,1,23.0708336,100,barrido
abierto_b325_rho175,5005,60.0,1,22.194375,100,barrido
abierto_b325_rho175,5006,60.0,1,24.6818145,97,barrido
abierto_b325_rho175,5007,60.0,1,21.5505698,100,barrido
abierto_b325_rho175,5008,60.0,1,22.9084224,100,barrido
abierto_b325_rho175,5009,60.0,1,23.3805892,100,barrido
abierto_b325_rho175,5010,60.0,1,21.6190604,100,barrido
abierto_b325_rho175,5011,60.0,1,21.7576967,99,barrido
abierto_b325_rho175,5012,60.0,1,19.986848,100,barrido
abierto_b325_rho175,5013,60.0,1,21.873594,100,barrido
abierto_b325_rho175,5014,60.0,1,22.6695711,100,barrido
abierto_b325_rho175,5015,60.0,1,21.4523618,100,barrido
abierto_b350_rho175,5000,60.0,1,22.8515455,100,barrido
abierto_b350_rho175,5001,60.0,1,25.8445724,99,barrido
abierto_b350_rho175,5002,60.0,1,21.5722173,99,barrido
abierto_b350_rho175,5003,60.0,1,20.9415643,100,barrido
abierto_b350_rho175,5004,60.0,1,18.8853138,100,barrido
abierto_b350_rho175,5005,60.0,1,19.6171544,100,barrido
abierto_b350_rho175,5006,60.0,1,22.0006767,100,barrido
abierto_b350_rho175,5007,60.0,1,22.7808747,100,barrido
abierto_b350_rho175,5008,60.0,1,24.1206305,100,barrido
abierto_b350_rho175,5009,60.0,1,17.4268269,100,barrido
abierto_b350_rho175,5010,60.0,1,25.4622946,100,barrido
abierto_b350_rho175,5011,60.0,1,22.7029981,100,barrido
abierto_b350_rho175,5012,60.0,1,18.43636,100,barrido
abierto_b350_rho175,5013,60.0,1,21.1763457,100,barrido
abierto_b350_rho175,5014,60.0,1,20.7057975,99,barrido
abierto_b350_rho175,5015,60.0,1,22.7119705,100,barrido
cerrado_b100_rho175,5000,60.0,0,,89,barrido
cerrado_b100_rho175,5001,60.0,0,,88,barrido
cerrado_b100_rho175,5002,60.0,0,,87,barrido
cerrado_b100_rho175,5003,60.0,0,,80,barrido
cerrado_b100_rho175,5004,60.0,0,,89,barrido
cerrado_b100_rho175,5005,60.0,0,,86,barrido
cerrado_b100_rho175,5006,60.0,0,,80,barrido
cerrado_b100_rho175,5007,60.0,0,,88,barrido
cerrado_b100_rho175,5008,60.0,0,,83,barrido
cerrado_b100_rho175,5009,60.0,0,,85,barrido
cerrado_b100_rho175,5010,60.0,0,,84,barrido
cerrado_b100_rho175,5011,60.0,0,,86,barrido
cerrado_b100_rho175,5012,60.0,0,,85,barrido
cerrado_b100_rho175,5013,60.0,0,,85,barrido
cerrado_b100_rho175,5014,60.0,0,,83,barrido
cerrado_b100_rho175,5015,60.0,0,,83,barrido
cerrado_b125_rho175,5000,60.0,1,42.7457768,98,barrido
cerrado_b125_rho175,5001,60.0,1,46.1899142,95,barrido
cerrado_b125_rho175,5002,60.0,1,44.8158121,96,barrido
cerrado_b125_rho175,5003,60.0,1,46.2523683,95,barrido
cerrado_b125_rho175,5004,60.0,1,44.3897471,99,barrido
cerrado_b125_rho175,5005,60.0,1,41.6994251,100,barrido
cerrado_b125_rho175,5006,60.0,1,43.3727373,95,barrido
cerrado_b125_rho175,5007,60.0,1,44.3932142,95,barrido
cerrado_b125_rho175,5008,60.0,1,57.0221309,93,barrido
cerrado_b125_rho175,5009,60.0,1,48.0708508,96,barrido
cerrado_b125_rho175,5010,60.0,1,31.4663972,98,barrido
cerrado_b125_rho175,5011,60.0,1,42.5161572,93,barrido
cerrado_b125_rho175,5012,60.0,1,43.6963922,96,barrido
cerrado_b125_rho175,5013,60.0,1,45.6063563,94,barrido
cerrado_b125_rho175,5014,60.0,1,46.7707511,95,barrido
cerrado_b125_rho175,5015,60.0,1,47.8414622,95,barrido
cerrado_b150_rho175,5000,60.0,1,29.9655659,99,barrido
cerrado_b150_rho175,5001,60.0,1,26.7078479,100,barrido
cerrado_b150_rho175,5002,60.0,1,25.6748564,99,barrido
cerrado_b150_rho175,5003,60.0,1,29.8935984,99,barrido
cerrado_b150_rho175,5004,60.0,1,30.6577361,97,barrido
cerrado_b150_rho175,5005,60.0,1,28.1132695,99,barrido
cerrado_b150_rho175,5006,60.0,1,22.7699343,99,barrido
cerrado_b150_rho175,5007,60.0,1,36.9041468,97,barrido
cerrado_b150_rho175,5008,60.0,1,29.6772497,98,barrido
cerrado_b150_rho175,5009,60.0,1,29.482524,99,barrido
cerrado_b150_rho175,5010,60.0,1,26.7266007,96,barrido
cerrado_b150_rho175,5011,60.0,1,29.4955469,100,barrido
cerrado_b150_rho175,5012,60.0,1,38.8081537,98,barrido
cerrado_b150_rho175,5013,60.0,1,35.7203004,99,barrido
cerrado_b150_rho175,5014,60.0,1,30.8941962,99,barrido
cerrado_b150_rho175,5015,60.0,1,30.2343371,100,barrido
cerrado_b175_rho175,5000,60.0,1,28.1853921,99,barrido
cerrado_b175_rho175,5001,60.0,1,32.0777622,100,barrido
cerrado_b175_rho175,5002,60.0,1,24.3138767,100,barrido
cerrado_b175_rho175,5003,60.0,1,26.2880402,100,barrido
cerrado_b175_rho175,5004,60.0,1,23.5427695,100,barrido
cerrado_b175_rho175,5005,60.0,1,27.7415564,100,barrido
cerrado_b175_rho175,5006,60.0,1,25.5736688,100,barrido
cerrado_b175_rho175,5007,60.0,1,27.9745365,100,barrido
cerrado_b175_rho175,5008,60.0,1,21.0319434,98,barrido
cerrado_b175_rho175,5009,60.0,1,27.4377669,100,barrido
cerrado_b175_rho175,5010,60.0,1,27.5666211,100,barrido
cerrado_b175_rho175,5011,60.0,1,25.8365126,100,barrido
cerrado_b175_rho175,5012,60.0,1,25.7888732,99,barrido
cerrado_b175_rho175,5013,60.0,1,22.3360083,98,barrido
cerrado_b175_rho175,5014,60.0,1,28.3902666,100,barrido
cerrado_b175_rho175,5015,60.0,1,22.3290416,99,barrido
cerrado_b200_rho175,5000,60.0,1,22.2654514,99,barrido
cerrado_b200_rho175,5001,60.0,1,19.8807624,100,barrido
cerrado_b200_rho175,5002,60.0,1,17.9976988,100,barrido
cerrado_b200_rho175,5003,60.0,1,22.5235725,100,barrido
cerrado_b200_rho175,5004,60.0,1,25.0221917,100,barrido
cerrado_b200_rho175,5005,60.0,1,21.5817801,99,barrido
cerrado_b200_rho175,5006,60.0,1,20.9152506,100,barrido
cerrado_b200_rho175,5007,60.0,1,18.3094023,99,barrido
cerrado_b200_rho175,5008,60.0,1,25.0117596,99,barrido
cerrado_b200_rho175,5009,60.0,1,25.249455,100,barrido
cerrado_b200_rho175,5010,60.0,1,25.2624138,99,barrido
cerrado_b200_rho175,5011,60.0,1,19.9335518,99,barrido
cerrado_b200_rho175,5012,60.0,1,18.6891246,100,barrido
cerrado_b200_rho175,5013,60.0,1,22.6360935,100,barrido
cerrado_b200_rho175,5014,60.0,1,25.0018364,100,barrido
cerrado_b200_rho175,5015,60.0,1,20.7536487,99,barrido
cerrado_b225_rho175,5000,60.0,1,23.567857,100,barrido
cerrado_b225_rho175,5001,60.0,1,21.7701431,100,barrido
cerrado_b225_rho175,5002,60.0,1,20.4351314,100,barrido
cerrado_b225_rho175,5003,60.0,1,20.9092178,100,barrido
cerrado_b225_rho175,5004,60.0,1,21.6875584,100,barrido
cerrado_b225_rho175,5005,60.0,1,22.3091099,100,barrido
cerrado_b225_rho175,5006,60.0,1,23.6079103,99,barrido
cerrado_b225_rho175,5007,60.0,1,21.0014168,100,barrido
cerrado_b225_rho175,5008,60.0,1,17.5919341,100,barrido
cerrado_b225_rho175,5009,60.0,1,23.641113,100,barrido
cerrado_b225_rho175,5010,60.0,1,21.427174,100,barrido
cerrado_b225_rho175,5011,60.0,1,20.2752041,100,barrido
cerrado_b225_rho175,5012,60.0,1,22.3488178,99,barrido
cerrado_b225_rho175,5013,60.0,1,24.0490648,100,barrido
cerrado_b225_rho175,5014,60.0,1,19.8042386,100,barrido
cerrado_b225_rho175,5015,60.0,1,20.2750175,99,barrido
cerrado_b250_rho175,5000,60.0,1,18.9762501,100,barrido
cerrado_b250_rho175,5001,60.0,1,18.241801,99,barrido
cerrado_b250_rho175,5002,60.0,1,22.7607188,100,barrido
cerrado_b250_rho175,5003,60.0,1,21.2391787,100,barrido
cerrado_b250_rho175,5004,60.0,1,15.8251629,99,barrido
cerrado_b250_rho175,5005,60.0,1,18.9932876,100,barrido
cerrado_b250_rho175,5006,60.0,1,20.250691,100,barrido
cerrado_b250_rho175,5007,60.0,1,18.7995291,100,barrido
cerrado_b250_rho175,5008,60.0,1,24.519414,100,barrido
cerrado_b250_rho175,5009,60.0,1,19.9622755,100,barrido
cerrado_b250_rho175,5010,60.0,1,22.4058581,100,barrido
cerrado_b250_rho175,5011,60.0,1,23.5833446,100,barrido
cerrado_b250_rho175,5012,60.0,1,18.4802451,100,barrido
cerrado_b250_rho175,5013,60.0,1,18.9799256,100,barrido
cerrado_b250_rho175,5014,60.0,1,19.63426,100,barrido
cerrado_b250_rho175,5015,60.0,1,22.8317573,100,barrido
cerrado_b275_rho175,5000,60.0,1,19.0829353,100,barrido
cerrado_b275_rho175,5001,60.0,1,21.6143985,100,barrido
cerrado_b275_rho175,5002,60.0,1,21.6410857,100,barrido
cerrado_b275_rho175,5003,60.0,1,19.483105,100,barrido
cerrado_b275_rho175,5004,60.0,1,15.2541853,99,barrido
cerrado_b275_rho175,5005,60.0,1,19.3614692,100,barrido
cerrado_b275_rho175,5006,60.0,1,18.3059074,100,barrido
cerrado_b275_rho175,5007,60.0,1,19.7230582,100,barrido
cerrado_b275_rho175,5008,60.0,1,17.3238234,100,barrido
cerrado_b275_rho175,5009,60.0,1,29.3724548,100,barrido
cerrado_b275_rho175,5010,60.0,1,18.5680428,100,barrido
cerrado_b275_rho175,5011,60.0,1,18.0499138,100,barrido
cerrado_b275_rho175,5012,60.0,1,20.9208951,100,barrido
cerrado_b275_rho175,5013,60.0,1,18.1584925,100,barrido
cerrado_b275_rho175,5014,60.0,1,22.5907584,100,barrido
cerrado_b275_rho175,5015,60.0,1,21.8164434,100,barrido
cerrado_b300_rho175,5000,60.0,1,17.8783577,100,barrido
cerrado_b300_rho175,5001,60.0,1,22.8484904,100,barrido
cerrado_b300_rho175,5002,60.0,1,27.140879,100,barrido
cerrado_b300_rho175,5003,60.0,1,23.6605253,100,barrido
cerrado_b300_rho175,5004,60.0,1,20.4996387,100,barrido
cerrado_b300_rho175,5005,60.0,1,20.0003444,100,barrido
cerrado_b300_rho175,5006,60.0,1,21.448758,100,barrido
cerrado_b300_rho175,5007,60.0,1,20.5495831,100,barrido
cerrado_b300_rho175,5008,60.0,1,20.5720899,100,barrido
cerrado_b300_rho175,5009,60.0,1,20.7882329,100,barrido
cerrado_b300_rho175,5010,60.0,1,19.136031,100,barrido
cerrado_b300_rho175,5011,60.0,1,21.0897826,100,barrido
cerrado_b300_rho175,5012,60.0,1,18.5748125,100,barrido
cerrado_b300_rho175,5013,60.0,1,22.6390298,100,barrido
cerrado_b300_rho175,5014,60.0,1,22.5950739,100,barrido
cerrado_b300_rho175,5015,60.0,1,19.6780704,100,barrido
cerrado_b325_rho175,5000,60.0,1,20.3595372,100,barrido
cerrado_b325_rho175,5001,60.0,1,23.0423309,99,barrido
cerrado_b325_rho175,5002,60.0,1,19.4725729,100,barrido
cerrado_b325_rho175,5003,60.0,1,23.2345204,100,barrido
cerrado_b325_rho175,5004,60.0,1,20.9775603,100,barrido
cerrado_b325_rho175,5005,60.0,1,20.8158276,100,barrido
cerrado_b325_rho175,5006,60.0,1,20.5384362,99,barrido
cerrado_b325_rho175,5007,60.0,1,18.7918814,100,barrido
cerrado_b325_rho175,5008,60.0,1,20.7448646,100,barrido
cerrado_b325_rho175,5009,60.0,1,20.6927152,100,barrido
cerrado_b325_rho175,5010,60.0,1,19.8943956,100,barrido
cerrado_b325_rho175,5011,60.0,1,23.9545152,100,barrido
cerrado_b325_rho175,5012,60.0,1,21.8868734,99,barrido
cerrado_b325_rho175,5013,60.0,1,22.5897331,100,barrido
cerrado_b325_rho175,5014,60.0,1,20.8323844,100,barrido
cerrado_b325_rho175,5015,60.0,1,20.4280019,100,barrido
cerrado_b350_rho175,5000,60.0,1,20.9405491,100,barrido
cerrado_b350_rho175,5001,60.0,1,23.9438657,100,barrido
cerrado_b350_rho175,5002,60.0,1,19.0791682,100,barrido
cerrado_b350_rho175,5003,60.0,1,21.2890642,99,barrido
cerrado_b350_rho175,5004,60.0,1,29.4356498,100,barrido
cerrado_b350_rho175,5005,60.0,1,23.9382825,100,barrido
cerrado_b350_rho175,5006,60.0,1,20.0831065,99,barrido
cerrado_b350_rho175,5007,60.0,1,16.7791069,100,barrido
cerrado_b350_rho175,5008,60.0,1,20.0635077,99,barrido
cerrado_b350_rho175,5009,60.0,1,21.6809284,100,barrido
cerrado_b350_rho175,5010,60.0,1,18.1376059,99,barrido
cerrado_b350_rho175,5011,60.0,1,17.7260915,100,barrido
cerrado_b350_rho175,5012,60.0,1,20.8502323,100,barrido
cerrado_b350_rho175,5013,60.0,1,17.5932793,100,barrido
cerrado_b350_rho175,5014,60.0,1,20.8147122,100,barrido
cerrado_b350_rho175,5015,60.0,1,21.6381751,100,barrido
cerrado_b375_rho175,5000,60.0,1,20.9876432,100,barrido
cerrado_b375_rho175,5001,60.0,1,20.3545714,99,barrido
cerrado_b375_rho175,5002,60.0,1,20.009678,100,barrido
cerrado_b375_rho175,5003,60.0,1,24.8807937,98,barrido
cerrado_b375_rho175,5004,60.0,1,16.3431171,99,barrido
cerrado_b375_rho175,5005,60.0,1,22.750585,100,barrido
cerrado_b375_rho175,5006,60.0,1,24.6519316,100,barrido
cerrado_b375_rho175,5007,60.0,1,21.9082868,100,barrido
cerrado_b375_rho175,5008,60.0,1,23.5171825,100,barrido
cerrado_b375_rho175,5009,60.0,1,19.5526189,100,barrido
cerrado_b375_rho175,5010,60.0,1,21.0921858,100,barrido
cerrado_b375_rho175,5011,60.0,1,23.8723077,100,barrido
cerrado_b375_rho175,5012,60.0,1,16.2641174,100,barrido
cerrado_b375_rho175,5013,60.0,1,22.8708983,100,barrido
cerrado_b375_rho175,5014,60.0,1,21.2098588,99,barrido
cerrado_b375_rho175,5015,60.0,1,22.1483288,99,barrido
cerrado_b400_rho175,5000,60.0,1,20.9876432,100,barrido
cerrado_b400_rho175,5001,60.0,1,20.3545714,99,barrido
cerrado_b400_rho175,5002,60.0,1,20.009678,100,barrido
cerrado_b400_rho175,5003,60.0,1,24.8807937,98,barrido
cerrado_b400_rho175,5004,60.0,1,16.3431171,99,barrido
cerrado_b400_rho175,5005,60.0,1,22.750585,100,barrido
cerrado_b400_rho175,5006,60.0,1,24.6519316,100,barrido
cerrado_b400_rho175,5007,60.0,1,21.9082868,100,barrido
cerrado_b400_rho175,5008,60.0,1,23.5171825,100,barrido
cerrado_b400_rho175,5009,60.0,1,19.5526189,100,barrido
cerrado_b400_rho175,5010,60.0,1,21.0921858,100,barrido
cerrado_b400_rho175,5011,60.0,1,23.8723077,100,barrido
cerrado_b400_rho175,5012,60.0,1,16.2641174,100,barrido
cerrado_b400_rho175,5013,60.0,1,22.8708983,100,barrido
cerrado_b400_rho175,5014,60.0,1,21.2098588,99,barrido
cerrado_b400_rho175,5015,60.0,1,22.1483288,99,barrido
cerrado_b425_rho175,5000,60.0,1,20.9876432,100,barrido
cerrado_b425_rho175,5001,60.0,1,20.3545714,99,barrido
cerrado_b425_rho175,5002,60.0,1,20.009678,100,barrido
cerrado_b425_rho175,5003,60.0,1,24.8807937,98,barrido
cerrado_b425_rho175,5004,60.0,1,16.3431171,99,barrido
cerrado_b425_rho175,5005,60.0,1,22.750585,100,barrido
cerrado_b425_rho175,5006,60.0,1,24.6519316,100,barrido
cerrado_b425_rho175,5007,60.0,1,21.9082868,100,barrido
cerrado_b425_rho175,5008,60.0,1,23.5171825,100,barrido
cerrado_b425_rho175,5009,60.0,1,19.5526189,100,barrido
cerrado_b425_rho175,5010,60.0,1,21.0921858,100,barrido
cerrado_b425_rho175,5011,60.0,1,23.8723077,100,barrido
cerrado_b425_rho175,5012,60.0,1,16.2641174,100,barrido
cerrado_b425_rho175,5013,60.0,1,22.8708983,100,barrido
cerrado_b425_rho175,5014,60.0,1,21.2098588,99,barrido
cerrado_b425_rho175,5015,60.0,1,22.1483288,99,barrido
cerrado_b450_rho175,5000,60.0,1,20.9876432,100,barrido
cerrado_b450_rho175,5001,60.0,1,20.3545714,99,barrido
cerrado_b450_rho175,5002,60.0,1,20.009678,100,barrido
cerrado_b450_rho175,5003,60.0,1,24.8807937,98,barrido
cerrado_b450_rho175,5004,60.0,1,16.3431171,99,barrido
cerrado_b450_rho175,5005,60.0,1,22.750585,100,barrido
cerrado_b450_rho175,5006,60.0,1,24.6519316,100,barrido
cerrado_b450_rho175,5007,60.0,1,21.9082868,100,barrido
cerrado_b450_rho175,5008,60.0,1,23.5171825,100,barrido
cerrado_b450_rho175,5009,60.0,1,19.5526189,100,barrido
cerrado_b450_rho175,5010,60.0,1,21.0921858,100,barrido
cerrado_b450_rho175,5011,60.0,1,23.8723077,100,barrido
cerrado_b450_rho175,5012,60.0,1,16.2641174,100,barrido
cerrado_b450_rho175,5013,60.0,1,22.8708983,100,barrido
cerrado_b450_rho175,5014,60.0,1,21.2098588,99,barrido
cerrado_b450_rho175,5015,60.0,1,22.1483288,99,barrido
cerrado_b475_rho175,5000,60.0,1,20.9876432,100,barrido
cerrado_b475_rho175,5001,60.0,1,20.3545714,99,barrido
cerrado_b475_rho175,5002,60.0,1,20.009678,100,barrido
cerrado_b475_rho175,5003,60.0,1,24.8807937,98,barrido
cerrado_b475_rho175,5004,60.0,1,16.3431171,99,barrido
cerrado_b475_rho175,5005,60.0,1,22.750585,100,barrido
cerrado_b475_rho175,5006,60.0,1,24.6519316,100,barrido
cerrado_b475_rho175,5007,60.0,1,21.9082868,100,barrido
cerrado_b475_rho175,5008,60.0,1,23.5171825,100,barrido
cerrado_b475_rho175,5009,60.0,1,19.5526189,100,barrido
cerrado_b475_rho175,5010,60.0,1,21.0921858,100,barrido
cerrado_b475_rho175,5011,60.0,1,23.8723077,100,barrido
cerrado_b475_rho175,5012,60.0,1,16.2641174,100,barrido
cerrado_b475_rho175,5013,60.0,1,22.8708983,100,barrido
cerrado_b475_rho175,5014,60.0,1,21.2098588,99,barrido
cerrado_b475_rho175,5015,60.0,1,22.1483288,99,barrido
cerrado_b500_rho175,5000,60.0,1,20.9876432,100,barrido
cerrado_b500_rho175,5001,60.0,1,20.3545714,99,barrido
cerrado_b500_rho175,5002,60.0,1,20.009678,100,barrido
cerrado_b500_rho175,5003,60.0,1,24.8807937,98,barrido
cerrado_b500_rho175,5004,60.0,1,16.3431171,99,barrido
cerrado_b500_rho175,5005,60.0,1,22.750585,100,barrido
cerrado_b500_rho175,5006,60.0,1,24.6519316,100,barrido
cerrado_b500_rho175,5007,60.0,1,21.9082868,100,barrido
cerrado_b500_rho175,5008,60.0,1,23.5171825,100,barrido
cerrado_b500_rho175,5009,60.0,1,19.5526189,100,barrido
cerrado_b500_rho175,5010,60.0,1,21.0921858,100,barrido
cerrado_b500_rho175,5011,60.0,1,23.8723077,100,barrido
cerrado_b500_rho175,5012,60.0,1,16.2641174,100,barrido
cerrado_b500_rho175,5013,60.0,1,22.8708983,100,barrido
cerrado_b500_rho175,5014,60.0,1,21.2098588,99,barrido
cerrado_b500_rho175,5015,60.0,1,22.1483288,99,barrido
vacia,5000,60.0,1,20.0920677,100,barrido
vacia,5001,60.0,1,17.592887,99,barrido
vacia,5002,60.0,1,19.1536412,100,barrido
vacia,5003,60.0,1,22.5519027,99,barrido
vacia,5004,60.0,1,24.918323,100,barrido
vacia,5005,60.0,1,27.0320588,100,barrido
vacia,5006,60.0,1,18.7664394,100,barrido
vacia,5007,60.0,1,24.9770398,100,barrido
vacia,5008,60.0,1,23.7606854,100,barrido
vacia,5009,60.0,1,23.3753975,100,barrido
vacia,5010,60.0,1,21.00961,100,barrido
vacia,5011,60.0,1,21.836048,99,barrido
vacia,5012,60.0,1,23.9157775,100,barrido
vacia,5013,60.0,1,21.8271336,100,barrido
vacia,5014,60.0,1,20.896222,100,barrido
vacia,5015,60.0,1,22.5891262,100,barrido
actual,5000,60.0,1,15.6799071,100,barrido
actual,5001,60.0,1,15.5726634,100,barrido
actual,5002,60.0,1,14.7955447,100,barrido
actual,5003,60.0,1,15.3103588,100,barrido
actual,5004,60.0,1,11.4190598,100,barrido
actual,5005,60.0,1,17.6746184,100,barrido
actual,5006,60.0,1,16.4015759,100,barrido
actual,5007,60.0,1,16.1727547,100,barrido
actual,5008,60.0,1,18.2161526,100,barrido
actual,5009,60.0,1,17.8863483,100,barrido
actual,5010,60.0,1,17.2532768,100,barrido
actual,5011,60.0,1,17.7086807,100,barrido
actual,5012,60.0,1,15.7223981,100,barrido
actual,5013,60.0,1,15.0572318,100,barrido
actual,5014,60.0,1,14.6706587,100,barrido
actual,5015,60.0,1,17.4043742,100,barrido
