label,cuello,b_m,a_m,rho_m,obstaculos,rellenos,area_centros_m2,fraccion_atrapada,realizaciones,alcanzaron,mean_t90_seconds,std_t90_seconds,sem_t90_seconds,mean_goals_at_end,errores
abierto_b220_rho175_d270,abierto,0.22,0.3650021404046831,0.0175,94,32,0.273756,0.0,24,24,14.847688908333334,1.669868445389175,0.3408604690648397,100.0,0
abierto_b235_rho175_d270,abierto,0.235,0.3742346356231609,0.0175,95,32,0.299388,0.0,24,24,15.128138066666667,2.0413334302241704,0.4166854415778755,100.0,0
abierto_b250_rho175_d270,abierto,0.25,0.3838314245863671,0.0175,100,35,0.32589799999999997,0.0,24,24,14.763586866666666,2.0544130463029027,0.4193553070299086,99.95833333333333,0
abierto_b265_rho175_d270,abierto,0.265,0.3937658726959461,0.0175,99,31,0.35367499999999996,0.0,24,24,14.501291541666667,1.9740856853341047,0.4029585531334159,100.0,0
abierto_b280_rho175_d270,abierto,0.28,0.40401307218950233,0.0175,94,25,0.382673,0.0,24,24,15.577414508333334,2.4456102070368093,0.4992080930818758,99.95833333333333,0
abierto_b220_rho175_d285,abierto,0.22,0.3650021404046831,0.0175,91,31,0.260486,0.0,24,24,14.572893983333332,1.699132839930406,0.34683403858629847,100.0,0
abierto_b235_rho175_d285,abierto,0.235,0.3742346356231609,0.0175,94,32,0.28504999999999997,0.0,24,24,14.849709083333332,1.609423498332176,0.3285221959132404,100.0,0
abierto_b250_rho175_d285,abierto,0.25,0.3838314245863671,0.0175,100,36,0.31073999999999996,0.0,24,24,14.662677141666668,1.7649503346103939,0.36026897842915817,100.0,0
abierto_b265_rho175_d285,abierto,0.265,0.3937658726959461,0.0175,96,31,0.337735,0.0,24,24,14.366997733333333,2.3065379707927125,0.4708200917330563,100.0,0
abierto_b280_rho175_d285,abierto,0.28,0.40401307218950233,0.0175,96,27,0.36569999999999997,0.0,24,24,15.146713425,1.9617077349096492,0.4004319145833007,100.0,0
abierto_b220_rho175_d300,abierto,0.22,0.3650021404046831,0.0175,91,33,0.24725,0.0,24,24,14.773870304166666,1.6600565767740636,0.33885762977065204,100.0,0
abierto_b235_rho175_d300,abierto,0.235,0.3742346356231609,0.0175,93,33,0.270885,0.0,24,24,14.659773508333332,1.5772121609578769,0.32194708420493423,99.91666666666667,0
abierto_b250_rho175_d300,abierto,0.25,0.3838314245863671,0.0175,95,33,0.295655,0.0,24,24,14.635719445833333,1.9894375453951403,0.406092238446095,99.95833333333333,0
abierto_b265_rho175_d300,abierto,0.265,0.3937658726959461,0.0175,95,30,0.321559,0.0,24,24,14.06520225,1.2569760591161723,0.2565791636440905,100.0,0
abierto_b280_rho175_d300,abierto,0.28,0.40401307218950233,0.0175,90,25,0.349026,0.0,24,24,14.412101133333332,1.7375501748753464,0.3546759442440232,99.95833333333333,0
abierto_b220_rho175_d315,abierto,0.22,0.3650021404046831,0.0175,89,33,0.23399999999999999,0.0,24,24,14.6033089625,1.659693212032939,0.33878345825346257,100.0,0
abierto_b235_rho175_d315,abierto,0.235,0.3742346356231609,0.0175,92,34,0.256764,3.894626972628562e-06,24,24,14.523168197916666,1.8887090437820295,0.38553111915382554,100.0,0
abierto_b250_rho175_d315,abierto,0.25,0.3838314245863671,0.0175,95,34,0.28048,0.0,24,24,14.123365625,1.7918762417040008,0.3657652061992351,100.0,0
abierto_b265_rho175_d315,abierto,0.265,0.3937658726959461,0.0175,96,34,0.30577099999999996,0.0,24,24,14.469358108333333,1.460505317306651,0.29812439950191105,100.0,0
abierto_b280_rho175_d315,abierto,0.28,0.40401307218950233,0.0175,92,27,0.33181299999999997,0.0,24,24,14.708106508333332,1.909471299224347,0.38976919679907557,99.95833333333333,0
abierto_b220_rho175_d330,abierto,0.22,0.3650021404046831,0.0175,85,30,0.220652,0.0,24,24,14.657416333333332,1.6606198787372966,0.33897261330240447,99.95833333333333,0
abierto_b235_rho175_d330,abierto,0.235,0.3742346356231609,0.0175,88,31,0.242521,0.0,24,24,15.148794879166667,1.6373188863776704,0.33421631815394,100.0,0
abierto_b250_rho175_d330,abierto,0.25,0.3838314245863671,0.0175,93,35,0.265652,0.0,24,24,14.060651333333333,1.3623807258455651,0.2780948011436844,100.0,0
abierto_b265_rho175_d330,abierto,0.265,0.3937658726959461,0.0175,94,33,0.289661,0.0,24,24,13.916500704166666,1.7090817523661,0.3488648518332218,100.0,0
abierto_b280_rho175_d330,abierto,0.28,0.40401307218950233,0.0175,88,27,0.315552,0.0,24,24,13.979235945833333,1.3497455233417808,0.27551565123276706,100.0,0
