seed,boundary,method,N,L,M,rc,repetition,time_ns,neighbor_pairs,distance_evaluations
9124126403165473688,walls,brute_force,10,2.8284271247461903,1,1,1,1541,24,45
10369663387754198738,walls,brute_force,10,2.8284271247461903,1,1,2,1541,27,45
7149516706097636821,walls,brute_force,10,2.8284271247461903,1,1,3,1500,30,45
1621597470665901496,walls,brute_force,10,2.8284271247461903,1,1,4,1625,30,45
15628329625244518416,walls,brute_force,10,2.8284271247461903,1,1,5,1584,28,45
5519740720584072557,walls,brute_force,10,2.8284271247461903,1,1,6,1500,27,45
104413019284199488,walls,brute_force,10,2.8284271247461903,1,1,7,1583,30,45
1861357901836514318,walls,brute_force,10,2.8284271247461903,1,1,8,1500,28,45
11610169696663068251,walls,brute_force,10,2.8284271247461903,1,1,9,1667,30,45
1258039304734096599,walls,brute_force,10,2.8284271247461903,1,1,10,1667,29,45
4501329833111694188,walls,brute_force,10,2.8284271247461903,1,1,11,1666,31,45
925939744208488337,walls,brute_force,10,2.8284271247461903,1,1,12,1625,28,45
2533983268624770391,walls,brute_force,10,2.8284271247461903,1,1,13,1541,30,45
17826885265659438208,walls,brute_force,10,2.8284271247461903,1,1,14,1500,30,45
10013961471125760504,walls,brute_force,10,2.8284271247461903,1,1,15,1500,26,45
17612591611515628489,walls,brute_force,10,2.8284271247461903,1,1,16,1417,26,45
4248332563256200851,walls,brute_force,10,2.8284271247461903,1,1,17,1541,29,45
2563170975166147122,walls,brute_force,10,2.8284271247461903,1,1,18,1583,29,45
17925366003550246389,walls,brute_force,10,2.8284271247461903,1,1,19,1500,29,45
9492366925623152484,walls,brute_force,10,2.8284271247461903,1,1,20,1458,28,45
7704236062484233734,walls,brute_force,10,2.8284271247461903,1,1,21,1709,32,45
17202940863478496974,walls,brute_force,10,2.8284271247461903,1,1,22,1542,26,45
10140724480180667348,walls,brute_force,10,2.8284271247461903,1,1,23,1625,23,45
15042118446058904908,walls,brute_force,10,2.8284271247461903,1,1,24,1459,30,45
11495904673256184391,walls,brute_force,10,2.8284271247461903,1,1,25,1583,24,45
8367748110175155973,walls,brute_force,10,2.8284271247461903,1,1,26,1542,31,45
2552391576408137855,walls,brute_force,10,2.8284271247461903,1,1,27,1667,24,45
1184263933174061775,walls,brute_force,10,2.8284271247461903,1,1,28,1542,20,45
10239366539137474785,walls,brute_force,10,2.8284271247461903,1,1,29,1666,30,45
1965658191405633296,walls,brute_force,10,2.8284271247461903,1,1,30,1708,29,45
4721310909629912925,walls,brute_force,10,2.8284271247461903,1,1,31,1542,28,45
16564056784706451767,walls,brute_force,10,2.8284271247461903,1,1,32,1625,27,45
3288190738108695577,walls,brute_force,10,2.8284271247461903,1,1,33,1500,29,45
14613098836318407673,walls,brute_force,10,2.8284271247461903,1,1,34,1625,28,45
18016376473218924770,walls,brute_force,10,2.8284271247461903,1,1,35,1667,20,45
15074371823142268163,walls,brute_force,10,2.8284271247461903,1,1,36,1500,29,45
2393590009567490959,walls,brute_force,10,2.8284271247461903,1,1,37,1500,21,45
2707464245672574524,walls,brute_force,10,2.8284271247461903,1,1,38,1708,27,45
14043976408952209249,walls,brute_force,10,2.8284271247461903,1,1,39,1583,25,45
16002769320442918069,walls,brute_force,10,2.8284271247461903,1,1,40,1667,31,45
2313634912466675440,walls,brute_force,10,2.8284271247461903,1,1,41,1458,29,45
14041601572250356501,walls,brute_force,10,2.8284271247461903,1,1,42,1458,26,45
240323519278765660,walls,brute_force,10,2.8284271247461903,1,1,43,1583,28,45
7916684546176687098,walls,brute_force,10,2.8284271247461903,1,1,44,1458,27,45
16308934356573550198,walls,brute_force,10,2.8284271247461903,1,1,45,1541,28,45
328210156873649201,walls,brute_force,10,2.8284271247461903,1,1,46,1542,33,45
4281713048434709125,walls,brute_force,10,2.8284271247461903,1,1,47,1500,25,45
8563065784421094021,walls,brute_force,10,2.8284271247461903,1,1,48,1542,26,45
15376517276662015454,walls,brute_force,10,2.8284271247461903,1,1,49,1500,34,45
5123816424296202602,walls,brute_force,10,2.8284271247461903,1,1,50,1500,29,45
2429102500468622797,walls,brute_force,10,2.8284271247461903,1,1,51,1542,32,45
13984682696748026257,walls,brute_force,10,2.8284271247461903,1,1,52,1541,27,45
10580248745678199226,walls,brute_force,10,2.8284271247461903,1,1,53,1542,28,45
3894512635738701519,walls,brute_force,10,2.8284271247461903,1,1,54,1583,29,45
16000082049614779585,walls,brute_force,10,2.8284271247461903,1,1,55,1542,22,45
10087400236316220196,walls,brute_force,10,2.8284271247461903,1,1,56,1625,32,45
8888702482124742583,walls,brute_force,10,2.8284271247461903,1,1,57,1666,28,45
7692219808964530054,walls,brute_force,10,2.8284271247461903,1,1,58,1583,26,45
473218007998992586,walls,brute_force,10,2.8284271247461903,1,1,59,1500,23,45
9169908577157056878,walls,brute_force,10,2.8284271247461903,1,1,60,1583,23,45
16656546417183126563,walls,brute_force,10,2.8284271247461903,1,1,61,1708,31,45
13420073607025172647,walls,brute_force,10,2.8284271247461903,1,1,62,1541,32,45
13381363802132781405,walls,brute_force,10,2.8284271247461903,1,1,63,1583,20,45
15686356502533613223,walls,brute_force,10,2.8284271247461903,1,1,64,1542,31,45
17508529353007708333,walls,brute_force,10,2.8284271247461903,1,1,65,1583,27,45
12518025378888194913,walls,brute_force,10,2.8284271247461903,1,1,66,1584,30,45
9876072775419265895,walls,brute_force,10,2.8284271247461903,1,1,67,1625,27,45
8907403571670831722,walls,brute_force,10,2.8284271247461903,1,1,68,1459,26,45
9361999702472275545,walls,brute_force,10,2.8284271247461903,1,1,69,1541,24,45
17323946331745616021,walls,brute_force,10,2.8284271247461903,1,1,70,1625,27,45
4991024907488093810,walls,brute_force,10,2.8284271247461903,1,1,71,1584,24,45
12018882523815708604,walls,brute_force,10,2.8284271247461903,1,1,72,1625,31,45
14119511283344808692,walls,brute_force,10,2.8284271247461903,1,1,73,1709,27,45
12073379039502422739,walls,brute_force,10,2.8284271247461903,1,1,74,1500,26,45
2597439401442519302,walls,brute_force,10,2.8284271247461903,1,1,75,1500,22,45
15837586874346439592,walls,brute_force,10,2.8284271247461903,1,1,76,1541,23,45
11528072282209432355,walls,brute_force,10,2.8284271247461903,1,1,77,1583,25,45
15067220261413798240,walls,brute_force,10,2.8284271247461903,1,1,78,1625,29,45
14306398848285574020,walls,brute_force,10,2.8284271247461903,1,1,79,1416,22,45
16603836863729047327,walls,brute_force,10,2.8284271247461903,1,1,80,1542,28,45
367185094400325472,walls,brute_force,10,2.8284271247461903,1,1,81,1500,24,45
481555844664644624,walls,brute_force,10,2.8284271247461903,1,1,82,1625,24,45
6735220366720687328,walls,brute_force,10,2.8284271247461903,1,1,83,1625,27,45
4797922838601298235,walls,brute_force,10,2.8284271247461903,1,1,84,1500,26,45
17952834268799085787,walls,brute_force,10,2.8284271247461903,1,1,85,1459,24,45
563579894665366548,walls,brute_force,10,2.8284271247461903,1,1,86,1583,31,45
9184963644610457352,walls,brute_force,10,2.8284271247461903,1,1,87,1625,24,45
14953133575648842684,walls,brute_force,10,2.8284271247461903,1,1,88,1375,23,45
11584522354382304187,walls,brute_force,10,2.8284271247461903,1,1,89,1542,27,45
3807666051233386161,walls,brute_force,10,2.8284271247461903,1,1,90,1583,30,45
14214084665145601621,walls,brute_force,10,2.8284271247461903,1,1,91,1584,30,45
7792327378279669616,walls,brute_force,10,2.8284271247461903,1,1,92,1750,24,45
9307026097370637651,walls,brute_force,10,2.8284271247461903,1,1,93,1500,26,45
9150621655509653167,walls,brute_force,10,2.8284271247461903,1,1,94,1542,31,45
2047997595317671322,walls,brute_force,10,2.8284271247461903,1,1,95,1583,31,45
8374040790526777489,walls,brute_force,10,2.8284271247461903,1,1,96,1666,29,45
4189226490694619500,walls,brute_force,10,2.8284271247461903,1,1,97,1541,27,45
16233884611997518387,walls,brute_force,10,2.8284271247461903,1,1,98,1458,29,45
16296492785301111832,walls,brute_force,10,2.8284271247461903,1,1,99,1541,26,45
4382389153093303876,walls,brute_force,10,2.8284271247461903,1,1,100,1500,29,45
6842619133853620559,walls,cim,25,4.4721359549995796,2,1,1,7875,75,300
5464302347801062028,walls,cim,25,4.4721359549995796,2,1,2,8000,73,300
7601959873308204422,walls,cim,25,4.4721359549995796,2,1,3,8250,82,300
1361635446944290191,walls,cim,25,4.4721359549995796,2,1,4,8291,85,300
17242678475167276759,walls,cim,25,4.4721359549995796,2,1,5,8125,86,300
2071611006216502697,walls,cim,25,4.4721359549995796,2,1,6,8708,77,300
11735823870313602226,walls,cim,25,4.4721359549995796,2,1,7,7750,86,300
8447334951634947802,walls,cim,25,4.4721359549995796,2,1,8,7583,72,300
4710195589253187087,walls,cim,25,4.4721359549995796,2,1,9,8250,83,300
5617291983762032804,walls,cim,25,4.4721359549995796,2,1,10,8000,82,300
15416386102243204625,walls,cim,25,4.4721359549995796,2,1,11,8000,79,300
2296719709868256284,walls,cim,25,4.4721359549995796,2,1,12,7791,83,300
4155023186057957040,walls,cim,25,4.4721359549995796,2,1,13,8417,91,300
5507242298453001074,walls,cim,25,4.4721359549995796,2,1,14,8334,76,300
17041019289537683423,walls,cim,25,4.4721359549995796,2,1,15,8667,94,300
641492789934639181,walls,cim,25,4.4721359549995796,2,1,16,8417,85,300
14974759302463705312,walls,cim,25,4.4721359549995796,2,1,17,8166,90,300
4173506804023528124,walls,cim,25,4.4721359549995796,2,1,18,7875,78,300
13564323628761591919,walls,cim,25,4.4721359549995796,2,1,19,8166,85,300
10155248947568508238,walls,cim,25,4.4721359549995796,2,1,20,8083,75,300
14359151349887934049,walls,cim,25,4.4721359549995796,2,1,21,8125,81,300
8262974098282582150,walls,cim,25,4.4721359549995796,2,1,22,8208,81,300
968568890113582802,walls,cim,25,4.4721359549995796,2,1,23,8250,84,300
10029619102917036371,walls,cim,25,4.4721359549995796,2,1,24,8041,81,300
7176552904715033336,walls,cim,25,4.4721359549995796,2,1,25,8041,82,300
15787993903035237956,walls,cim,25,4.4721359549995796,2,1,26,8334,83,300
12049158961823067470,walls,cim,25,4.4721359549995796,2,1,27,7917,82,300
16296945774712104717,walls,cim,25,4.4721359549995796,2,1,28,8333,92,300
8206417839846859660,walls,cim,25,4.4721359549995796,2,1,29,7875,82,300
3714092195025660518,walls,cim,25,4.4721359549995796,2,1,30,8250,83,300
18134673088534916706,walls,cim,25,4.4721359549995796,2,1,31,8291,79,300
2135614703283452245,walls,cim,25,4.4721359549995796,2,1,32,8416,83,300
2065465422775780095,walls,cim,25,4.4721359549995796,2,1,33,11375,83,300
1489167202501823964,walls,cim,25,4.4721359549995796,2,1,34,8041,76,300
3160331466832940951,walls,cim,25,4.4721359549995796,2,1,35,8125,82,300
5165270249714339050,walls,cim,25,4.4721359549995796,2,1,36,7750,75,300
6055848819083238278,walls,cim,25,4.4721359549995796,2,1,37,8250,88,300
9480318171488280502,walls,cim,25,4.4721359549995796,2,1,38,8041,77,300
3502352009693755844,walls,cim,25,4.4721359549995796,2,1,39,8167,89,300
3626636096071432661,walls,cim,25,4.4721359549995796,2,1,40,7791,73,300
8780711464264140615,walls,cim,25,4.4721359549995796,2,1,41,7792,74,300
5746888230570794429,walls,cim,25,4.4721359549995796,2,1,42,8500,94,300
5383833845228674466,walls,cim,25,4.4721359549995796,2,1,43,12500,80,300
1810422600665979664,walls,cim,25,4.4721359549995796,2,1,44,8792,88,300
7130544085088774791,walls,cim,25,4.4721359549995796,2,1,45,7667,72,300
17928155467425980061,walls,cim,25,4.4721359549995796,2,1,46,7750,74,300
1517581745682218003,walls,cim,25,4.4721359549995796,2,1,47,8083,88,300
6863854027503669847,walls,cim,25,4.4721359549995796,2,1,48,12333,85,300
16583609205325626294,walls,cim,25,4.4721359549995796,2,1,49,7875,86,300
10071526538719881890,walls,cim,25,4.4721359549995796,2,1,50,8042,81,300
2598911577214483013,walls,cim,25,4.4721359549995796,2,1,51,8166,82,300
16737372462644788909,walls,cim,25,4.4721359549995796,2,1,52,8375,85,300
14548723243467346635,walls,cim,25,4.4721359549995796,2,1,53,8042,82,300
710299393611784974,walls,cim,25,4.4721359549995796,2,1,54,7834,85,300
15631136413256722433,walls,cim,25,4.4721359549995796,2,1,55,7708,80,300
1622202320614899826,walls,cim,25,4.4721359549995796,2,1,56,8291,78,300
15348803749413799249,walls,cim,25,4.4721359549995796,2,1,57,8041,86,300
13370854557585702995,walls,cim,25,4.4721359549995796,2,1,58,7708,79,300
13858715334617885986,walls,cim,25,4.4721359549995796,2,1,59,8875,99,300
5781985232160665192,walls,cim,25,4.4721359549995796,2,1,60,8000,79,300
17417044521278410266,walls,cim,25,4.4721359549995796,2,1,61,10375,85,300
7907316344046079950,walls,cim,25,4.4721359549995796,2,1,62,8000,72,300
4395585077605867875,walls,cim,25,4.4721359549995796,2,1,63,9167,99,300
2110328210065433534,walls,cim,25,4.4721359549995796,2,1,64,8750,88,300
13797732414313748854,walls,cim,25,4.4721359549995796,2,1,65,8500,86,300
10296390851479922074,walls,cim,25,4.4721359549995796,2,1,66,8250,76,300
8418607276228209505,walls,cim,25,4.4721359549995796,2,1,67,8791,90,300
2412593474258369983,walls,cim,25,4.4721359549995796,2,1,68,8750,86,300
2434426924993139408,walls,cim,25,4.4721359549995796,2,1,69,8167,73,300
10576140697546731227,walls,cim,25,4.4721359549995796,2,1,70,8792,86,300
15084933130085210962,walls,cim,25,4.4721359549995796,2,1,71,8708,83,300
14098440616692448850,walls,cim,25,4.4721359549995796,2,1,72,8542,80,300
13354610585552552916,walls,cim,25,4.4721359549995796,2,1,73,8584,84,300
15674055804036683278,walls,cim,25,4.4721359549995796,2,1,74,8666,71,300
6218109634816950325,walls,cim,25,4.4721359549995796,2,1,75,8250,83,300
1313746155540545732,walls,cim,25,4.4721359549995796,2,1,76,8375,85,300
2025203130957383196,walls,cim,25,4.4721359549995796,2,1,77,9167,99,300
14704011852690599139,walls,cim,25,4.4721359549995796,2,1,78,8709,86,300
3211645775583075423,walls,cim,25,4.4721359549995796,2,1,79,8750,75,300
2302877127697991036,walls,cim,25,4.4721359549995796,2,1,80,8792,82,300
9695207559873814669,walls,cim,25,4.4721359549995796,2,1,81,8792,92,300
12732794744632699026,walls,cim,25,4.4721359549995796,2,1,82,9125,102,300
8098786794660483582,walls,cim,25,4.4721359549995796,2,1,83,8458,73,300
6361279818463485397,walls,cim,25,4.4721359549995796,2,1,84,8791,87,300
8707312182623507299,walls,cim,25,4.4721359549995796,2,1,85,8583,81,300
18145455217308300400,walls,cim,25,4.4721359549995796,2,1,86,8584,81,300
13811697400319734948,walls,cim,25,4.4721359549995796,2,1,87,8750,82,300
14913783124756225151,walls,cim,25,4.4721359549995796,2,1,88,8875,88,300
2455444427057933185,walls,cim,25,4.4721359549995796,2,1,89,8458,83,300
11239982105773178679,walls,cim,25,4.4721359549995796,2,1,90,8209,75,300
7536487564806109237,walls,cim,25,4.4721359549995796,2,1,91,8375,80,300
1973993573625723222,walls,cim,25,4.4721359549995796,2,1,92,8458,85,300
809147130310824067,walls,cim,25,4.4721359549995796,2,1,93,7958,71,300
9647956730654047300,walls,cim,25,4.4721359549995796,2,1,94,8208,75,300
14693913382692672186,walls,cim,25,4.4721359549995796,2,1,95,8167,80,300
8922051410812393390,walls,cim,25,4.4721359549995796,2,1,96,9083,91,300
15409954762568772586,walls,cim,25,4.4721359549995796,2,1,97,8750,85,300
10583535616275569359,walls,cim,25,4.4721359549995796,2,1,98,8583,76,300
5163348697853016503,walls,cim,25,4.4721359549995796,2,1,99,8500,81,300
5659279470811922777,walls,cim,25,4.4721359549995796,2,1,100,8625,85,300
3065439355504250503,walls,cim,50,6.324555320336759,4,1,1,18209,174,517
6313250698732629763,walls,cim,50,6.324555320336759,4,1,2,16917,175,507
14185229396427950684,walls,cim,50,6.324555320336759,4,1,3,26625,180,531
12172214524882635145,walls,cim,50,6.324555320336759,4,1,4,16958,195,513
4331849076048154357,walls,cim,50,6.324555320336759,4,1,5,16625,194,483
13268360578558940573,walls,cim,50,6.324555320336759,4,1,6,16333,170,523
5516477495527228702,walls,cim,50,6.324555320336759,4,1,7,16709,175,502
17604588053550342059,walls,cim,50,6.324555320336759,4,1,8,15625,169,462
13709202036079425214,walls,cim,50,6.324555320336759,4,1,9,16333,188,493
328553294665184448,walls,cim,50,6.324555320336759,4,1,10,16208,183,496
7795625631346787036,walls,cim,50,6.324555320336759,4,1,11,15167,180,456
10977788638166897323,walls,cim,50,6.324555320336759,4,1,12,16417,172,488
9835291104941707913,walls,cim,50,6.324555320336759,4,1,13,17000,192,524
5871949097559650154,walls,cim,50,6.324555320336759,4,1,14,15583,178,483
2625888253761235330,walls,cim,50,6.324555320336759,4,1,15,16167,185,496
15341022704094797268,walls,cim,50,6.324555320336759,4,1,16,15750,173,476
15474728996760279365,walls,cim,50,6.324555320336759,4,1,17,16250,182,491
13802410976709088011,walls,cim,50,6.324555320336759,4,1,18,17250,199,541
16032526252355866903,walls,cim,50,6.324555320336759,4,1,19,16500,191,520
16169633337729935631,walls,cim,50,6.324555320336759,4,1,20,24625,161,468
13921530959824654349,walls,cim,50,6.324555320336759,4,1,21,16625,176,503
12825788762264498043,walls,cim,50,6.324555320336759,4,1,22,14750,159,451
10486048822504567690,walls,cim,50,6.324555320336759,4,1,23,16084,184,506
11463639896216583983,walls,cim,50,6.324555320336759,4,1,24,15750,172,474
556866726993102248,walls,cim,50,6.324555320336759,4,1,25,15458,160,474
11087366312575602001,walls,cim,50,6.324555320336759,4,1,26,16042,173,483
1607577787291144159,walls,cim,50,6.324555320336759,4,1,27,14416,163,461
6147601082294822064,walls,cim,50,6.324555320336759,4,1,28,16167,193,480
14915168281524253130,walls,cim,50,6.324555320336759,4,1,29,15875,166,471
13725669138805797271,walls,cim,50,6.324555320336759,4,1,30,15583,178,468
13346665114303501251,walls,cim,50,6.324555320336759,4,1,31,18083,193,531
11517067545656023861,walls,cim,50,6.324555320336759,4,1,32,17041,189,521
18268956564410591490,walls,cim,50,6.324555320336759,4,1,33,16000,175,494
1131569474894531765,walls,cim,50,6.324555320336759,4,1,34,15667,168,495
17375410364983510740,walls,cim,50,6.324555320336759,4,1,35,15917,171,490
9470220645148741168,walls,cim,50,6.324555320336759,4,1,36,17583,187,556
12969798201316772994,walls,cim,50,6.324555320336759,4,1,37,17166,187,523
10243380358834406018,walls,cim,50,6.324555320336759,4,1,38,16416,167,524
14952949647709165518,walls,cim,50,6.324555320336759,4,1,39,19709,165,494
16689664494241524542,walls,cim,50,6.324555320336759,4,1,40,17792,175,506
17348892742537758998,walls,cim,50,6.324555320336759,4,1,41,16916,179,486
14413783099446250147,walls,cim,50,6.324555320336759,4,1,42,16250,183,453
2718048172018259384,walls,cim,50,6.324555320336759,4,1,43,16166,178,485
10950306326174540130,walls,cim,50,6.324555320336759,4,1,44,17459,183,555
17668823134352723851,walls,cim,50,6.324555320336759,4,1,45,16959,186,507
9747791972979373689,walls,cim,50,6.324555320336759,4,1,46,14584,171,443
17126713812961260131,walls,cim,50,6.324555320336759,4,1,47,16750,182,481
8832089208181360887,walls,cim,50,6.324555320336759,4,1,48,15166,170,446
9226961284892219962,walls,cim,50,6.324555320336759,4,1,49,17625,199,536
14986198016310588866,walls,cim,50,6.324555320336759,4,1,50,15209,171,456
6202719327359353421,walls,cim,50,6.324555320336759,4,1,51,14459,165,450
5572814893439465525,walls,cim,50,6.324555320336759,4,1,52,14792,155,473
2158439667059711621,walls,cim,50,6.324555320336759,4,1,53,15875,172,494
13039057148458382718,walls,cim,50,6.324555320336759,4,1,54,16750,189,476
17147943236187297306,walls,cim,50,6.324555320336759,4,1,55,16166,178,480
6248539142210424138,walls,cim,50,6.324555320336759,4,1,56,16625,182,511
15959272508202035711,walls,cim,50,6.324555320336759,4,1,57,16333,186,493
15244321601124656947,walls,cim,50,6.324555320336759,4,1,58,15375,159,473
8609805035985892330,walls,cim,50,6.324555320336759,4,1,59,16250,190,504
15337927092533339586,walls,cim,50,6.324555320336759,4,1,60,17042,192,533
11067142934719183949,walls,cim,50,6.324555320336759,4,1,61,15750,170,467
16952467520166613138,walls,cim,50,6.324555320336759,4,1,62,16375,183,495
8076797281521101322,walls,cim,50,6.324555320336759,4,1,63,15834,164,479
2792823065128730523,walls,cim,50,6.324555320336759,4,1,64,16792,194,553
9635924151508270072,walls,cim,50,6.324555320336759,4,1,65,16167,176,513
9306783639419515172,walls,cim,50,6.324555320336759,4,1,66,16583,191,514
3826067590693529244,walls,cim,50,6.324555320336759,4,1,67,21333,200,545
6666253226423664868,walls,cim,50,6.324555320336759,4,1,68,17458,190,508
10285121410577037136,walls,cim,50,6.324555320336759,4,1,69,16375,173,485
15966704110366594804,walls,cim,50,6.324555320336759,4,1,70,16291,165,453
3873144166435364863,walls,cim,50,6.324555320336759,4,1,71,25250,158,453
17386513498899433501,walls,cim,50,6.324555320336759,4,1,72,17500,174,492
284274077555259223,walls,cim,50,6.324555320336759,4,1,73,17125,196,495
4317713865070452939,walls,cim,50,6.324555320336759,4,1,74,16958,175,475
5221381314159477108,walls,cim,50,6.324555320336759,4,1,75,15709,156,453
11742071339913967437,walls,cim,50,6.324555320336759,4,1,76,18125,183,520
5564238931384559149,walls,cim,50,6.324555320336759,4,1,77,17042,172,500
7621731077887962387,walls,cim,50,6.324555320336759,4,1,78,16250,150,499
3773659699489251054,walls,cim,50,6.324555320336759,4,1,79,16459,177,482
2685953779626574155,walls,cim,50,6.324555320336759,4,1,80,16125,166,455
1569760150074518949,walls,cim,50,6.324555320336759,4,1,81,15458,169,437
17002321634242827306,walls,cim,50,6.324555320336759,4,1,82,29625,169,502
6589968359328580630,walls,cim,50,6.324555320336759,4,1,83,18000,188,542
2837925096293036965,walls,cim,50,6.324555320336759,4,1,84,16667,178,497
6127685660051048530,walls,cim,50,6.324555320336759,4,1,85,16916,166,488
12900857968748482818,walls,cim,50,6.324555320336759,4,1,86,17125,176,482
9972891654232872525,walls,cim,50,6.324555320336759,4,1,87,16333,169,473
15555675680731059582,walls,cim,50,6.324555320336759,4,1,88,15833,160,477
16340710507801421514,walls,cim,50,6.324555320336759,4,1,89,17833,196,506
1423578552799822347,walls,cim,50,6.324555320336759,4,1,90,16750,190,521
6507845042662530922,walls,cim,50,6.324555320336759,4,1,91,16333,175,470
15692685507907769302,walls,cim,50,6.324555320336759,4,1,92,15625,171,501
4207876371622692384,walls,cim,50,6.324555320336759,4,1,93,16625,185,518
3262164411430673984,walls,cim,50,6.324555320336759,4,1,94,16417,181,485
6279676262503630566,walls,cim,50,6.324555320336759,4,1,95,16291,173,490
2130751001919082380,walls,cim,50,6.324555320336759,4,1,96,15708,176,480
18097326292277424874,walls,cim,50,6.324555320336759,4,1,97,16167,182,497
15844973567016097974,walls,cim,50,6.324555320336759,4,1,98,15584,164,470
7331390433445796612,walls,cim,50,6.324555320336759,4,1,99,17125,181,523
10446383778760452238,walls,cim,50,6.324555320336759,4,1,100,17834,187,543
9213183655507960886,walls,cim,100,8.9442719099991592,5,1,1,42459,371,1315
9294941954643174880,walls,cim,100,8.9442719099991592,5,1,2,40167,360,1317
9462045271809831690,walls,cim,100,8.9442719099991592,5,1,3,46375,379,1396
12054069809543956717,walls,cim,100,8.9442719099991592,5,1,4,41500,369,1360
9364322774344297908,walls,cim,100,8.9442719099991592,5,1,5,48125,377,1344
11448456847778156013,walls,cim,100,8.9442719099991592,5,1,6,43208,383,1385
13857244278758657158,walls,cim,100,8.9442719099991592,5,1,7,42708,370,1339
10874187526173682097,walls,cim,100,8.9442719099991592,5,1,8,42625,385,1393
9015295035436475668,walls,cim,100,8.9442719099991592,5,1,9,43542,377,1376
3160332688427226591,walls,cim,100,8.9442719099991592,5,1,10,43000,379,1372
4451652894069976879,walls,cim,100,8.9442719099991592,5,1,11,45500,379,1458
7812634367933589199,walls,cim,100,8.9442719099991592,5,1,12,44375,371,1380
16845901149196269298,walls,cim,100,8.9442719099991592,5,1,13,40958,369,1330
13473547086938234671,walls,cim,100,8.9442719099991592,5,1,14,42834,381,1400
2063314834972677905,walls,cim,100,8.9442719099991592,5,1,15,44667,384,1427
5646296301492528114,walls,cim,100,8.9442719099991592,5,1,16,41125,376,1321
10632947361645557541,walls,cim,100,8.9442719099991592,5,1,17,38625,357,1333
10079025667707729808,walls,cim,100,8.9442719099991592,5,1,18,39334,354,1305
12321923913435363129,walls,cim,100,8.9442719099991592,5,1,19,39708,370,1352
5369936077712865489,walls,cim,100,8.9442719099991592,5,1,20,40333,376,1398
2497314919697594063,walls,cim,100,8.9442719099991592,5,1,21,40500,365,1360
6539662006279357192,walls,cim,100,8.9442719099991592,5,1,22,38708,383,1338
17221538070262273937,walls,cim,100,8.9442719099991592,5,1,23,39292,373,1401
7677284814375199996,walls,cim,100,8.9442719099991592,5,1,24,50334,410,1414
3665886868530905935,walls,cim,100,8.9442719099991592,5,1,25,39834,393,1347
6761685974526651582,walls,cim,100,8.9442719099991592,5,1,26,38083,347,1330
12837986826976994950,walls,cim,100,8.9442719099991592,5,1,27,51041,362,1381
2217077578473838392,walls,cim,100,8.9442719099991592,5,1,28,73500,345,1357
10932815443348497956,walls,cim,100,8.9442719099991592,5,1,29,39125,358,1379
1944495506669858,walls,cim,100,8.9442719099991592,5,1,30,39459,362,1366
5582433711407084997,walls,cim,100,8.9442719099991592,5,1,31,39875,380,1393
8919783422801686883,walls,cim,100,8.9442719099991592,5,1,32,38416,357,1349
2455359140588924455,walls,cim,100,8.9442719099991592,5,1,33,39875,372,1264
17315131921939945291,walls,cim,100,8.9442719099991592,5,1,34,40334,356,1366
1566282003150831492,walls,cim,100,8.9442719099991592,5,1,35,47666,373,1385
16238344857167528560,walls,cim,100,8.9442719099991592,5,1,36,41708,363,1376
3002471255327003989,walls,cim,100,8.9442719099991592,5,1,37,45708,374,1396
1931436282498992114,walls,cim,100,8.9442719099991592,5,1,38,42041,373,1406
17060580830698352416,walls,cim,100,8.9442719099991592,5,1,39,39542,368,1304
1065351078346363190,walls,cim,100,8.9442719099991592,5,1,40,38750,357,1374
6038347537472464629,walls,cim,100,8.9442719099991592,5,1,41,41625,369,1439
12179935939239346246,walls,cim,100,8.9442719099991592,5,1,42,38583,366,1370
7931869272047451303,walls,cim,100,8.9442719099991592,5,1,43,40958,384,1404
13885267256591805408,walls,cim,100,8.9442719099991592,5,1,44,38041,353,1317
11960830637132630302,walls,cim,100,8.9442719099991592,5,1,45,47750,377,1393
1361160517733035829,walls,cim,100,8.9442719099991592,5,1,46,39291,369,1350
10282510723930131379,walls,cim,100,8.9442719099991592,5,1,47,40750,379,1378
15084524221722465271,walls,cim,100,8.9442719099991592,5,1,48,38959,362,1323
12763416482418197398,walls,cim,100,8.9442719099991592,5,1,49,39292,367,1365
5064645461506974811,walls,cim,100,8.9442719099991592,5,1,50,39416,367,1311
16327520345926583343,walls,cim,100,8.9442719099991592,5,1,51,40042,380,1400
11403022616339357504,walls,cim,100,8.9442719099991592,5,1,52,41958,376,1491
2849299893847890274,walls,cim,100,8.9442719099991592,5,1,53,39625,362,1391
6354725645389833303,walls,cim,100,8.9442719099991592,5,1,54,39458,363,1378
7399312601393884943,walls,cim,100,8.9442719099991592,5,1,55,37917,362,1326
10485833009549369187,walls,cim,100,8.9442719099991592,5,1,56,43375,362,1348
4085837643249673372,walls,cim,100,8.9442719099991592,5,1,57,39708,388,1366
17880463345563555010,walls,cim,100,8.9442719099991592,5,1,58,38333,356,1327
14001740467341207250,walls,cim,100,8.9442719099991592,5,1,59,46000,394,1458
12011702705541344906,walls,cim,100,8.9442719099991592,5,1,60,38666,351,1251
5440787699715290713,walls,cim,100,8.9442719099991592,5,1,61,39833,361,1291
2762210924302905573,walls,cim,100,8.9442719099991592,5,1,62,43334,377,1435
14212300620969229140,walls,cim,100,8.9442719099991592,5,1,63,47542,362,1318
6823953822135499053,walls,cim,100,8.9442719099991592,5,1,64,46792,377,1382
11539249141178318145,walls,cim,100,8.9442719099991592,5,1,65,39917,366,1361
3752821186786230059,walls,cim,100,8.9442719099991592,5,1,66,44042,379,1393
1492022720980254141,walls,cim,100,8.9442719099991592,5,1,67,39584,381,1355
5298803726963451310,walls,cim,100,8.9442719099991592,5,1,68,38667,361,1334
15621840204460885348,walls,cim,100,8.9442719099991592,5,1,69,42959,408,1454
14152274791410405112,walls,cim,100,8.9442719099991592,5,1,70,47000,384,1323
16590550363047227862,walls,cim,100,8.9442719099991592,5,1,71,41125,395,1409
5626303509321680418,walls,cim,100,8.9442719099991592,5,1,72,48250,377,1368
6414527832636428358,walls,cim,100,8.9442719099991592,5,1,73,41042,383,1433
7028853294723099272,walls,cim,100,8.9442719099991592,5,1,74,45500,378,1397
9428082855520796488,walls,cim,100,8.9442719099991592,5,1,75,40625,397,1360
10047302969498279858,walls,cim,100,8.9442719099991592,5,1,76,42708,362,1402
13209415567308119150,walls,cim,100,8.9442719099991592,5,1,77,40833,372,1354
11819281192664161014,walls,cim,100,8.9442719099991592,5,1,78,40541,367,1433
10465229614680325602,walls,cim,100,8.9442719099991592,5,1,79,43459,376,1459
17202720410611230808,walls,cim,100,8.9442719099991592,5,1,80,43958,397,1429
8862579190702124150,walls,cim,100,8.9442719099991592,5,1,81,40375,360,1373
2411219578151597344,walls,cim,100,8.9442719099991592,5,1,82,41166,371,1383
5078359076697448766,walls,cim,100,8.9442719099991592,5,1,83,39917,369,1359
5868380885368723263,walls,cim,100,8.9442719099991592,5,1,84,38125,342,1386
18009145579823545731,walls,cim,100,8.9442719099991592,5,1,85,45542,373,1298
2920809987843677119,walls,cim,100,8.9442719099991592,5,1,86,40167,365,1359
7612571025374964484,walls,cim,100,8.9442719099991592,5,1,87,40167,372,1407
3819231234095200058,walls,cim,100,8.9442719099991592,5,1,88,40583,387,1373
220356374651145840,walls,cim,100,8.9442719099991592,5,1,89,51250,390,1430
8812004556117261246,walls,cim,100,8.9442719099991592,5,1,90,40250,380,1414
6447612667865006624,walls,cim,100,8.9442719099991592,5,1,91,40417,371,1421
10082120202522932130,walls,cim,100,8.9442719099991592,5,1,92,40375,387,1344
171193337051799134,walls,cim,100,8.9442719099991592,5,1,93,53000,357,1374
9043519171611260907,walls,cim,100,8.9442719099991592,5,1,94,40708,366,1367
3295034532739170223,walls,cim,100,8.9442719099991592,5,1,95,49583,386,1350
2724500258400926303,walls,cim,100,8.9442719099991592,5,1,96,41167,377,1443
5985634669148570027,walls,cim,100,8.9442719099991592,5,1,97,37791,367,1289
7413531250861301793,walls,cim,100,8.9442719099991592,5,1,98,40542,373,1368
16905182033754864774,walls,cim,100,8.9442719099991592,5,1,99,43625,378,1332
11399321115893197474,walls,cim,100,8.9442719099991592,5,1,100,38459,356,1333
5267033188067283543,walls,cim,200,12.649110640673518,8,1,1,78209,766,2309
18351599297288654492,walls,cim,200,12.649110640673518,8,1,2,80083,784,2393
1567435649431143042,walls,cim,200,12.649110640673518,8,1,3,79958,769,2405
3772983821623663980,walls,cim,200,12.649110640673518,8,1,4,77542,776,2352
2765650978233783634,walls,cim,200,12.649110640673518,8,1,5,79792,752,2424
13185495120635732599,walls,cim,200,12.649110640673518,8,1,6,76584,757,2318
6814745198844446051,walls,cim,200,12.649110640673518,8,1,7,82291,760,2296
5850014368142107927,walls,cim,200,12.649110640673518,8,1,8,81958,761,2411
4253961676001572075,walls,cim,200,12.649110640673518,8,1,9,95958,772,2405
10022748141466003696,walls,cim,200,12.649110640673518,8,1,10,96666,762,2295
9640916112927318971,walls,cim,200,12.649110640673518,8,1,11,76833,718,2368
3708759340864037241,walls,cim,200,12.649110640673518,8,1,12,77375,749,2300
16100777026536930052,walls,cim,200,12.649110640673518,8,1,13,85084,775,2360
4679671126970890607,walls,cim,200,12.649110640673518,8,1,14,78750,775,2343
1701705704980613661,walls,cim,200,12.649110640673518,8,1,15,76750,760,2287
6628766806693254329,walls,cim,200,12.649110640673518,8,1,16,79292,766,2392
17171973492612209777,walls,cim,200,12.649110640673518,8,1,17,77125,744,2381
2576539436670392053,walls,cim,200,12.649110640673518,8,1,18,81666,748,2334
14541009110334157953,walls,cim,200,12.649110640673518,8,1,19,80333,794,2469
18247037909140558647,walls,cim,200,12.649110640673518,8,1,20,78875,770,2335
11917278685445742899,walls,cim,200,12.649110640673518,8,1,21,80250,796,2384
17830887567797244758,walls,cim,200,12.649110640673518,8,1,22,80000,764,2438
5652090083912531048,walls,cim,200,12.649110640673518,8,1,23,89042,783,2447
8615379379855276262,walls,cim,200,12.649110640673518,8,1,24,86167,755,2323
11315214092815961681,walls,cim,200,12.649110640673518,8,1,25,83542,730,2361
7396378091319915520,walls,cim,200,12.649110640673518,8,1,26,80334,773,2407
1753711744235890196,walls,cim,200,12.649110640673518,8,1,27,80500,770,2452
7184546189379239985,walls,cim,200,12.649110640673518,8,1,28,80584,788,2479
12956885525688776321,walls,cim,200,12.649110640673518,8,1,29,81500,745,2404
17834793733547476766,walls,cim,200,12.649110640673518,8,1,30,78417,767,2365
356707658072356981,walls,cim,200,12.649110640673518,8,1,31,79125,741,2411
4499886754181952502,walls,cim,200,12.649110640673518,8,1,32,81125,776,2281
10093822394232264984,walls,cim,200,12.649110640673518,8,1,33,84958,730,2350
6221764328239054027,walls,cim,200,12.649110640673518,8,1,34,79750,735,2401
9904456360360534244,walls,cim,200,12.649110640673518,8,1,35,79000,761,2337
12767622615349268202,walls,cim,200,12.649110640673518,8,1,36,80667,744,2405
6283928480273970511,walls,cim,200,12.649110640673518,8,1,37,77209,750,2363
14161845326019486033,walls,cim,200,12.649110640673518,8,1,38,84917,765,2360
5720559419867060856,walls,cim,200,12.649110640673518,8,1,39,79417,775,2423
12724463598194027670,walls,cim,200,12.649110640673518,8,1,40,92166,758,2427
18351095938500709452,walls,cim,200,12.649110640673518,8,1,41,79292,771,2362
7546468660582727005,walls,cim,200,12.649110640673518,8,1,42,81958,759,2387
8842725801358991477,walls,cim,200,12.649110640673518,8,1,43,76583,753,2328
9946740552330828683,walls,cim,200,12.649110640673518,8,1,44,86958,754,2362
10245380369108125115,walls,cim,200,12.649110640673518,8,1,45,84250,756,2343
9412506453262695849,walls,cim,200,12.649110640673518,8,1,46,78334,768,2338
2611594393439854675,walls,cim,200,12.649110640673518,8,1,47,80792,766,2360
10738562862462372121,walls,cim,200,12.649110640673518,8,1,48,79750,772,2418
15197282058981818678,walls,cim,200,12.649110640673518,8,1,49,81208,773,2455
10187694055644399590,walls,cim,200,12.649110640673518,8,1,50,78542,777,2322
12261385015629560562,walls,cim,200,12.649110640673518,8,1,51,81167,787,2441
7008899174234584042,walls,cim,200,12.649110640673518,8,1,52,77458,748,2305
7597018842247813524,walls,cim,200,12.649110640673518,8,1,53,81000,792,2474
5047884166419323147,walls,cim,200,12.649110640673518,8,1,54,81375,770,2402
5022605566216878910,walls,cim,200,12.649110640673518,8,1,55,79666,752,2380
17548737822074501810,walls,cim,200,12.649110640673518,8,1,56,82708,754,2339
6320913162833531671,walls,cim,200,12.649110640673518,8,1,57,77042,752,2350
13020180332212726618,walls,cim,200,12.649110640673518,8,1,58,81667,738,2398
8909983829578829587,walls,cim,200,12.649110640673518,8,1,59,88333,759,2362
3513431588373645705,walls,cim,200,12.649110640673518,8,1,60,92041,763,2343
14300696441933311830,walls,cim,200,12.649110640673518,8,1,61,77041,758,2323
18085102220406165844,walls,cim,200,12.649110640673518,8,1,62,85542,766,2485
204675520213356183,walls,cim,200,12.649110640673518,8,1,63,84708,761,2338
14989120028791936826,walls,cim,200,12.649110640673518,8,1,64,83584,775,2362
10405623357560307971,walls,cim,200,12.649110640673518,8,1,65,85750,761,2408
12692665401965176130,walls,cim,200,12.649110640673518,8,1,66,78625,769,2340
5845519776599625785,walls,cim,200,12.649110640673518,8,1,67,75875,751,2315
15797286109244074354,walls,cim,200,12.649110640673518,8,1,68,76125,738,2331
5967229411962640091,walls,cim,200,12.649110640673518,8,1,69,83125,790,2479
10908888931716170551,walls,cim,200,12.649110640673518,8,1,70,81209,799,2393
16325305681048541990,walls,cim,200,12.649110640673518,8,1,71,83250,767,2456
10861751047657383529,walls,cim,200,12.649110640673518,8,1,72,75792,747,2290
16516333993104077887,walls,cim,200,12.649110640673518,8,1,73,78500,769,2390
6450844241371276591,walls,cim,200,12.649110640673518,8,1,74,80667,783,2397
7766142789417567634,walls,cim,200,12.649110640673518,8,1,75,79833,743,2327
1362320486135873403,walls,cim,200,12.649110640673518,8,1,76,97292,767,2379
4124531611117834798,walls,cim,200,12.649110640673518,8,1,77,84584,741,2289
12056472160199815940,walls,cim,200,12.649110640673518,8,1,78,79417,764,2389
9159151801192776808,walls,cim,200,12.649110640673518,8,1,79,84708,748,2357
5486401756440902768,walls,cim,200,12.649110640673518,8,1,80,84041,780,2417
14908409547502578209,walls,cim,200,12.649110640673518,8,1,81,80083,742,2354
2353252152745174906,walls,cim,200,12.649110640673518,8,1,82,78125,751,2341
9143327600640696709,walls,cim,200,12.649110640673518,8,1,83,80875,803,2482
17874180704296546863,walls,cim,200,12.649110640673518,8,1,84,77417,739,2361
13264319489001683278,walls,cim,200,12.649110640673518,8,1,85,78584,751,2426
13170740942896334292,walls,cim,200,12.649110640673518,8,1,86,87250,759,2279
16891478705041400315,walls,cim,200,12.649110640673518,8,1,87,92541,761,2347
7423654547201052379,walls,cim,200,12.649110640673518,8,1,88,87667,779,2346
7034605901980418661,walls,cim,200,12.649110640673518,8,1,89,82041,764,2358
17724593233058569830,walls,cim,200,12.649110640673518,8,1,90,79916,789,2375
13696129426276996106,walls,cim,200,12.649110640673518,8,1,91,78958,752,2399
15567782354167976427,walls,cim,200,12.649110640673518,8,1,92,82917,766,2360
11945957564641206226,walls,cim,200,12.649110640673518,8,1,93,76833,748,2305
15975617758002961156,walls,cim,200,12.649110640673518,8,1,94,78666,764,2437
15401992050049137257,walls,cim,200,12.649110640673518,8,1,95,88125,798,2393
15414735035654000310,walls,cim,200,12.649110640673518,8,1,96,78167,742,2321
8094564799094228280,walls,cim,200,12.649110640673518,8,1,97,80416,759,2352
73860868745028490,walls,cim,200,12.649110640673518,8,1,98,88834,745,2275
6624329041846075937,walls,cim,200,12.649110640673518,8,1,99,77833,755,2306
17097269098293990939,walls,cim,200,12.649110640673518,8,1,100,80875,771,2413
16149772117786743477,walls,cim,350,16.733200530681511,10,1,1,158542,1360,4790
4140690177121468910,walls,cim,350,16.733200530681511,10,1,2,153750,1360,4931
7606794698749854597,walls,cim,350,16.733200530681511,10,1,3,160625,1330,4803
17944689373026559640,walls,cim,350,16.733200530681511,10,1,4,151000,1352,4833
15231321111999634391,walls,cim,350,16.733200530681511,10,1,5,152375,1364,4861
8331039754048561753,walls,cim,350,16.733200530681511,10,1,6,166625,1378,4787
7871916797728431086,walls,cim,350,16.733200530681511,10,1,7,152666,1352,4783
13555931459394686386,walls,cim,350,16.733200530681511,10,1,8,152708,1379,4833
9831094520309430763,walls,cim,350,16.733200530681511,10,1,9,156917,1355,4884
16800197901413379107,walls,cim,350,16.733200530681511,10,1,10,165291,1363,4800
8852301481891640286,walls,cim,350,16.733200530681511,10,1,11,155583,1354,4807
6836936409672713257,walls,cim,350,16.733200530681511,10,1,12,163042,1406,4999
1250835844852279470,walls,cim,350,16.733200530681511,10,1,13,149042,1339,4768
17988238922757753964,walls,cim,350,16.733200530681511,10,1,14,151542,1344,4848
14626391617675527335,walls,cim,350,16.733200530681511,10,1,15,162667,1365,4834
2344082973417960377,walls,cim,350,16.733200530681511,10,1,16,153792,1323,4792
5391797807357017685,walls,cim,350,16.733200530681511,10,1,17,163542,1337,4773
5896053013807891465,walls,cim,350,16.733200530681511,10,1,18,150542,1338,4779
16646390765689338502,walls,cim,350,16.733200530681511,10,1,19,156208,1362,4881
8355161714016874430,walls,cim,350,16.733200530681511,10,1,20,149000,1337,4682
18256569955675079333,walls,cim,350,16.733200530681511,10,1,21,151042,1339,4680
17162317605922235853,walls,cim,350,16.733200530681511,10,1,22,151083,1346,4835
12631583442633245258,walls,cim,350,16.733200530681511,10,1,23,155916,1361,4844
15846618938951028282,walls,cim,350,16.733200530681511,10,1,24,153084,1338,4841
6102066725351118580,walls,cim,350,16.733200530681511,10,1,25,150375,1365,4746
14049073665710089748,walls,cim,350,16.733200530681511,10,1,26,152625,1305,4724
10460504398586313271,walls,cim,350,16.733200530681511,10,1,27,150542,1353,4805
2933719516612616543,walls,cim,350,16.733200530681511,10,1,28,157625,1366,4826
13636614452799016291,walls,cim,350,16.733200530681511,10,1,29,149417,1319,4739
824131323639148862,walls,cim,350,16.733200530681511,10,1,30,151041,1355,4812
2315966040309437116,walls,cim,350,16.733200530681511,10,1,31,149250,1332,4756
10012981833041001905,walls,cim,350,16.733200530681511,10,1,32,152458,1366,4780
18242287465054030392,walls,cim,350,16.733200530681511,10,1,33,151875,1347,4868
17468098357045220487,walls,cim,350,16.733200530681511,10,1,34,151833,1371,4834
16798562588945949933,walls,cim,350,16.733200530681511,10,1,35,163250,1403,4860
3031139375403657881,walls,cim,350,16.733200530681511,10,1,36,156833,1382,4932
16952013198131795493,walls,cim,350,16.733200530681511,10,1,37,149333,1326,4794
18362574272567664642,walls,cim,350,16.733200530681511,10,1,38,147125,1340,4708
2753509000594210079,walls,cim,350,16.733200530681511,10,1,39,148709,1333,4763
1069964978312622974,walls,cim,350,16.733200530681511,10,1,40,149208,1337,4768
13378869044853181247,walls,cim,350,16.733200530681511,10,1,41,147833,1325,4792
8345937527455376523,walls,cim,350,16.733200530681511,10,1,42,158083,1367,4804
620041548874762501,walls,cim,350,16.733200530681511,10,1,43,153542,1338,4812
2260644924234498695,walls,cim,350,16.733200530681511,10,1,44,150167,1349,4776
3759977970405663250,walls,cim,350,16.733200530681511,10,1,45,154708,1348,4867
13157863765316875784,walls,cim,350,16.733200530681511,10,1,46,150667,1357,4837
5646464863627480060,walls,cim,350,16.733200530681511,10,1,47,150166,1335,4736
7034540759772956312,walls,cim,350,16.733200530681511,10,1,48,162166,1387,4840
5904315113285034060,walls,cim,350,16.733200530681511,10,1,49,151167,1357,4733
6677416800827722357,walls,cim,350,16.733200530681511,10,1,50,149667,1331,4788
16425950660843739488,walls,cim,350,16.733200530681511,10,1,51,149291,1337,4781
275566326474728237,walls,cim,350,16.733200530681511,10,1,52,156625,1372,4847
1788572366791743047,walls,cim,350,16.733200530681511,10,1,53,151917,1366,4803
564631365955055889,walls,cim,350,16.733200530681511,10,1,54,153292,1350,4873
12558136840411229205,walls,cim,350,16.733200530681511,10,1,55,151292,1340,4867
11662466548998826907,walls,cim,350,16.733200530681511,10,1,56,161333,1356,4886
8075126357621109383,walls,cim,350,16.733200530681511,10,1,57,162834,1366,4968
15530445344719183571,walls,cim,350,16.733200530681511,10,1,58,151292,1355,4826
12090481739759668371,walls,cim,350,16.733200530681511,10,1,59,150417,1333,4827
9597568356609467666,walls,cim,350,16.733200530681511,10,1,60,154208,1345,4786
9470162718968841726,walls,cim,350,16.733200530681511,10,1,61,154416,1374,4878
1248661623195672267,walls,cim,350,16.733200530681511,10,1,62,151417,1357,4771
11936516214906604894,walls,cim,350,16.733200530681511,10,1,63,149792,1313,4787
3547794367306075929,walls,cim,350,16.733200530681511,10,1,64,150458,1347,4867
4893897272828302337,walls,cim,350,16.733200530681511,10,1,65,150083,1351,4716
5215761193258178597,walls,cim,350,16.733200530681511,10,1,66,160083,1331,4734
8260997713445744728,walls,cim,350,16.733200530681511,10,1,67,151041,1326,4833
3681523939365034836,walls,cim,350,16.733200530681511,10,1,68,151042,1347,4768
12117050662899721800,walls,cim,350,16.733200530681511,10,1,69,152666,1371,4996
5974251789689841519,walls,cim,350,16.733200530681511,10,1,70,150667,1360,4698
9327981340717716475,walls,cim,350,16.733200530681511,10,1,71,151250,1344,4823
8182130287573719505,walls,cim,350,16.733200530681511,10,1,72,156667,1357,4984
3343105454693279326,walls,cim,350,16.733200530681511,10,1,73,150792,1353,4776
6364900328861727094,walls,cim,350,16.733200530681511,10,1,74,152791,1354,4867
13802369110760010588,walls,cim,350,16.733200530681511,10,1,75,154250,1379,4828
1633377799439000941,walls,cim,350,16.733200530681511,10,1,76,151334,1352,4868
3432366279819083713,walls,cim,350,16.733200530681511,10,1,77,151458,1350,4842
12399421903785674637,walls,cim,350,16.733200530681511,10,1,78,155875,1383,4892
15616437131047964851,walls,cim,350,16.733200530681511,10,1,79,156792,1332,4800
15359195758024353105,walls,cim,350,16.733200530681511,10,1,80,166250,1361,4784
4381272136532938950,walls,cim,350,16.733200530681511,10,1,81,162625,1352,4775
1812734107458409349,walls,cim,350,16.733200530681511,10,1,82,150042,1345,4697
6131148588226534526,walls,cim,350,16.733200530681511,10,1,83,149958,1356,4731
8793779645716987619,walls,cim,350,16.733200530681511,10,1,84,155250,1344,4773
2163908608127274397,walls,cim,350,16.733200530681511,10,1,85,153000,1365,4922
13188598566490878899,walls,cim,350,16.733200530681511,10,1,86,166583,1353,4837
9132838829004448154,walls,cim,350,16.733200530681511,10,1,87,147875,1324,4672
8557052951216605339,walls,cim,350,16.733200530681511,10,1,88,154958,1385,4843
17213324523834046773,walls,cim,350,16.733200530681511,10,1,89,154042,1327,4797
17317572445892136294,walls,cim,350,16.733200530681511,10,1,90,161208,1374,4808
17942485052121611896,walls,cim,350,16.733200530681511,10,1,91,153167,1343,4835
16146908156922689007,walls,cim,350,16.733200530681511,10,1,92,149625,1343,4777
1155262276551212917,walls,cim,350,16.733200530681511,10,1,93,156292,1321,4763
10981346395569896907,walls,cim,350,16.733200530681511,10,1,94,158834,1363,4745
9870529173983128222,walls,cim,350,16.733200530681511,10,1,95,152292,1361,4756
12477478021986478854,walls,cim,350,16.733200530681511,10,1,96,168750,1377,4764
7976988298771562563,walls,cim,350,16.733200530681511,10,1,97,153000,1350,4917
10759710401616738735,walls,cim,350,16.733200530681511,10,1,98,171500,1354,4870
13875103198212005336,walls,cim,350,16.733200530681511,10,1,99,154458,1370,4917
9075087704410296780,walls,cim,350,16.733200530681511,10,1,100,149209,1358,4755
12267343742675265414,walls,cim,500,20,13,1,1,208625,1907,5907
3789658391014442512,walls,cim,500,20,13,1,2,239083,1973,5985
4602414738101146634,walls,cim,500,20,13,1,3,207292,1933,6000
1458135724880636546,walls,cim,500,20,13,1,4,207125,1926,5958
4595215977801322347,walls,cim,500,20,13,1,5,215250,1965,6049
1789019213640142671,walls,cim,500,20,13,1,6,205292,1923,5840
5061527688862850379,walls,cim,500,20,13,1,7,228542,1962,6025
10786511260455461163,walls,cim,500,20,13,1,8,210500,1952,6060
3600467436216621218,walls,cim,500,20,13,1,9,207000,1934,5977
11659363807590874959,walls,cim,500,20,13,1,10,214500,1931,5836
14784581051782893773,walls,cim,500,20,13,1,11,224167,1931,5909
8577453892485394447,walls,cim,500,20,13,1,12,228125,1901,5915
9270155619226296153,walls,cim,500,20,13,1,13,214333,1943,5893
6107308657800962229,walls,cim,500,20,13,1,14,234084,1935,5936
15722095642951756052,walls,cim,500,20,13,1,15,220000,1952,5919
7237073922111641997,walls,cim,500,20,13,1,16,209708,1933,5957
14346013132694838804,walls,cim,500,20,13,1,17,220166,1958,5839
11780743946164365945,walls,cim,500,20,13,1,18,227083,1904,5914
14500162520459371224,walls,cim,500,20,13,1,19,207750,1913,5916
7520016714068728108,walls,cim,500,20,13,1,20,216584,1988,6024
12243032143809514941,walls,cim,500,20,13,1,21,212916,1941,5902
10136122233836029986,walls,cim,500,20,13,1,22,214875,1946,5958
671552648718845230,walls,cim,500,20,13,1,23,210209,1952,6049
8757703117237803253,walls,cim,500,20,13,1,24,208791,1904,5880
15238404314994774272,walls,cim,500,20,13,1,25,213125,1921,5922
14391487286968245200,walls,cim,500,20,13,1,26,211000,1986,5948
3001663348440082047,walls,cim,500,20,13,1,27,234917,1942,5930
9017732161735534738,walls,cim,500,20,13,1,28,209125,1943,5915
16095605722979680360,walls,cim,500,20,13,1,29,208084,1934,5972
13072957141293865145,walls,cim,500,20,13,1,30,213958,1949,5988
1310635835828870693,walls,cim,500,20,13,1,31,219542,1914,5887
9590818377726746231,walls,cim,500,20,13,1,32,217125,1970,6000
14734422703434263433,walls,cim,500,20,13,1,33,208875,1955,5947
9926001617017657650,walls,cim,500,20,13,1,34,214542,1928,5987
12320861612719204468,walls,cim,500,20,13,1,35,214875,1966,6029
5996531623935863840,walls,cim,500,20,13,1,36,204625,1916,5858
11754530905209671525,walls,cim,500,20,13,1,37,220500,1934,5987
15068022357885013552,walls,cim,500,20,13,1,38,211250,1961,5924
3764723196607108889,walls,cim,500,20,13,1,39,206334,1934,5929
17766582587937845991,walls,cim,500,20,13,1,40,206583,1899,5891
4036827218510083292,walls,cim,500,20,13,1,41,229250,1921,6042
8781060736245450822,walls,cim,500,20,13,1,42,210125,1952,6050
10304331386000146125,walls,cim,500,20,13,1,43,246750,1953,5976
15816229150709701907,walls,cim,500,20,13,1,44,212375,1974,6021
9193347022723370284,walls,cim,500,20,13,1,45,221750,1942,6049
16789528978060184959,walls,cim,500,20,13,1,46,227750,1918,5917
7829795356784996230,walls,cim,500,20,13,1,47,224375,1948,5961
1032426289807528118,walls,cim,500,20,13,1,48,226250,1985,6026
16290941639847500100,walls,cim,500,20,13,1,49,224625,1925,5893
13728744028069925330,walls,cim,500,20,13,1,50,245917,1942,5920
16581152960418690476,walls,cim,500,20,13,1,51,227417,1985,6074
1593061217153414912,walls,cim,500,20,13,1,52,215917,1943,5870
11831160901094532740,walls,cim,500,20,13,1,53,205166,1949,5868
7292905969127128853,walls,cim,500,20,13,1,54,219375,1946,5976
9160148392698590255,walls,cim,500,20,13,1,55,212583,1923,5948
899883252420748305,walls,cim,500,20,13,1,56,209583,1959,5959
17648108217912292972,walls,cim,500,20,13,1,57,219459,1913,5866
10761766389371925157,walls,cim,500,20,13,1,58,212209,1940,5896
2902918849714315009,walls,cim,500,20,13,1,59,212583,1909,5851
15017899886242770618,walls,cim,500,20,13,1,60,205375,1903,5869
5095229099990908242,walls,cim,500,20,13,1,61,208833,1971,5869
1550089341495902627,walls,cim,500,20,13,1,62,204292,1908,5907
3131863014513309251,walls,cim,500,20,13,1,63,206458,1931,5937
12961665533153717429,walls,cim,500,20,13,1,64,210250,1941,5901
10536097477526446022,walls,cim,500,20,13,1,65,208833,1955,5896
703860771479572897,walls,cim,500,20,13,1,66,212917,1911,5932
7921567742215440561,walls,cim,500,20,13,1,67,221084,1966,6079
6934704103921055515,walls,cim,500,20,13,1,68,206958,1960,5919
7371282750509956072,walls,cim,500,20,13,1,69,209750,1975,5902
15801901936233859880,walls,cim,500,20,13,1,70,204583,1920,5875
17987347702263121367,walls,cim,500,20,13,1,71,212459,1940,5952
7313432179784509067,walls,cim,500,20,13,1,72,236292,1968,6010
13615743044887920927,walls,cim,500,20,13,1,73,215417,1955,5922
14808850219764231472,walls,cim,500,20,13,1,74,229583,1983,6077
5634451523392653900,walls,cim,500,20,13,1,75,209584,1943,5933
5663660893726990643,walls,cim,500,20,13,1,76,208167,1953,5943
16387254299168579118,walls,cim,500,20,13,1,77,220000,1993,6115
2264897594968479945,walls,cim,500,20,13,1,78,212083,1972,6070
8657616232795687939,walls,cim,500,20,13,1,79,214792,1982,6051
6589541549617532866,walls,cim,500,20,13,1,80,208833,1930,6022
3627896556951144064,walls,cim,500,20,13,1,81,226583,1944,5984
7994935218775129525,walls,cim,500,20,13,1,82,213584,1935,5897
9209938189705618395,walls,cim,500,20,13,1,83,209291,1937,5894
7267338738681333388,walls,cim,500,20,13,1,84,222000,1939,5958
1825926611415908765,walls,cim,500,20,13,1,85,215542,1927,5835
15298259412053872293,walls,cim,500,20,13,1,86,217750,1997,5930
12411341783888180452,walls,cim,500,20,13,1,87,218333,1970,6094
16205647743371025001,walls,cim,500,20,13,1,88,207542,1927,5916
3077603975637233781,walls,cim,500,20,13,1,89,205042,1932,5865
7093619821969651339,walls,cim,500,20,13,1,90,212500,1991,6123
379593055950297924,walls,cim,500,20,13,1,91,228500,1984,6028
3507810301441021683,walls,cim,500,20,13,1,92,209625,1924,5857
13984285529237691212,walls,cim,500,20,13,1,93,242625,1900,6001
13237449694542660114,walls,cim,500,20,13,1,94,211125,1955,5992
17133058703134946856,walls,cim,500,20,13,1,95,209250,1939,5857
3229123798040909438,walls,cim,500,20,13,1,96,206792,1942,5831
8096264087238183687,walls,cim,500,20,13,1,97,234500,1954,5944
4360503598906654690,walls,cim,500,20,13,1,98,222417,1916,5882
8142712599179063114,walls,cim,500,20,13,1,99,212375,1971,5941
8432642875279124536,walls,cim,500,20,13,1,100,210000,1969,6007
14608114150137337236,walls,cim,650,22.803508501982758,14,1,1,293875,2508,8718
4771621584898013670,walls,cim,650,22.803508501982758,14,1,2,286667,2500,8526
3108128834739991759,walls,cim,650,22.803508501982758,14,1,3,285333,2551,8597
14847686106417234246,walls,cim,650,22.803508501982758,14,1,4,297875,2557,8741
6912254682742813002,walls,cim,650,22.803508501982758,14,1,5,318833,2569,8768
826941397368890610,walls,cim,650,22.803508501982758,14,1,6,285333,2539,8695
12347882268671673082,walls,cim,650,22.803508501982758,14,1,7,300167,2516,8742
3245812628767386651,walls,cim,650,22.803508501982758,14,1,8,309625,2572,8777
11238910346501255778,walls,cim,650,22.803508501982758,14,1,9,283750,2509,8671
18269575148506334654,walls,cim,650,22.803508501982758,14,1,10,287375,2516,8747
18396671556651890579,walls,cim,650,22.803508501982758,14,1,11,297166,2537,8707
5437619684843805646,walls,cim,650,22.803508501982758,14,1,12,308375,2519,8738
6177712782907755475,walls,cim,650,22.803508501982758,14,1,13,305417,2530,8773
574988794797169535,walls,cim,650,22.803508501982758,14,1,14,283292,2504,8609
7842775763732200353,walls,cim,650,22.803508501982758,14,1,15,294125,2581,8743
7859300905728725417,walls,cim,650,22.803508501982758,14,1,16,289500,2510,8743
11540916713758644103,walls,cim,650,22.803508501982758,14,1,17,297958,2531,8814
17434140454056624490,walls,cim,650,22.803508501982758,14,1,18,286875,2530,8803
8560974395919939390,walls,cim,650,22.803508501982758,14,1,19,284958,2523,8782
6219257192197364222,walls,cim,650,22.803508501982758,14,1,20,284417,2535,8769
820827540813780101,walls,cim,650,22.803508501982758,14,1,21,306458,2562,8753
12437753149775263378,walls,cim,650,22.803508501982758,14,1,22,289292,2548,8811
4082447596214795176,walls,cim,650,22.803508501982758,14,1,23,294500,2528,8570
985264409524151278,walls,cim,650,22.803508501982758,14,1,24,288500,2543,8711
4133566738928018915,walls,cim,650,22.803508501982758,14,1,25,292166,2518,8837
14703233720710350188,walls,cim,650,22.803508501982758,14,1,26,322250,2555,8769
15793211307004278377,walls,cim,650,22.803508501982758,14,1,27,284208,2535,8699
3895602250672580045,walls,cim,650,22.803508501982758,14,1,28,289417,2494,8552
14968744505525728414,walls,cim,650,22.803508501982758,14,1,29,295458,2519,8596
16335246820311508473,walls,cim,650,22.803508501982758,14,1,30,292583,2565,8785
3248367088848435107,walls,cim,650,22.803508501982758,14,1,31,312917,2578,8813
9437556277514940146,walls,cim,650,22.803508501982758,14,1,32,301292,2550,8726
11629048074746376015,walls,cim,650,22.803508501982758,14,1,33,305750,2545,8794
5960360819738342650,walls,cim,650,22.803508501982758,14,1,34,296875,2525,8782
13237648679695237881,walls,cim,650,22.803508501982758,14,1,35,300416,2554,8729
5910066474985470429,walls,cim,650,22.803508501982758,14,1,36,308666,2528,8698
11717377163698765314,walls,cim,650,22.803508501982758,14,1,37,282375,2483,8626
5860888184667451968,walls,cim,650,22.803508501982758,14,1,38,293083,2568,8787
5711880696905840179,walls,cim,650,22.803508501982758,14,1,39,300917,2540,8836
5376101064250910014,walls,cim,650,22.803508501982758,14,1,40,307417,2535,8727
11015919775970423247,walls,cim,650,22.803508501982758,14,1,41,294875,2537,8723
7398626425705222985,walls,cim,650,22.803508501982758,14,1,42,309625,2540,8783
5440355504448642944,walls,cim,650,22.803508501982758,14,1,43,300625,2505,8754
5382642127973964859,walls,cim,650,22.803508501982758,14,1,44,300042,2590,8838
11099413939852817028,walls,cim,650,22.803508501982758,14,1,45,292916,2507,8780
17543832362602731786,walls,cim,650,22.803508501982758,14,1,46,284708,2529,8607
9026866269558923056,walls,cim,650,22.803508501982758,14,1,47,304792,2564,8812
675802644464697065,walls,cim,650,22.803508501982758,14,1,48,289416,2562,8788
4737972441108284542,walls,cim,650,22.803508501982758,14,1,49,315750,2549,8795
10429140055267361515,walls,cim,650,22.803508501982758,14,1,50,303875,2512,8803
4080823446479996044,walls,cim,650,22.803508501982758,14,1,51,285166,2518,8649
13459989384647517060,walls,cim,650,22.803508501982758,14,1,52,287750,2505,8718
13617106872530339783,walls,cim,650,22.803508501982758,14,1,53,298625,2549,8812
5286148675739549367,walls,cim,650,22.803508501982758,14,1,54,289416,2577,8816
15346678883501118789,walls,cim,650,22.803508501982758,14,1,55,294583,2517,8648
3546443386677854992,walls,cim,650,22.803508501982758,14,1,56,291292,2557,8794
1487834200935811692,walls,cim,650,22.803508501982758,14,1,57,291000,2567,8661
6138830784062125507,walls,cim,650,22.803508501982758,14,1,58,303542,2579,8773
16969656133398513699,walls,cim,650,22.803508501982758,14,1,59,301708,2585,8786
2624986419485751897,walls,cim,650,22.803508501982758,14,1,60,286167,2534,8695
12682928883945060424,walls,cim,650,22.803508501982758,14,1,61,323292,2561,8805
3952755848583218875,walls,cim,650,22.803508501982758,14,1,62,288333,2566,8770
2834921097695132325,walls,cim,650,22.803508501982758,14,1,63,287625,2507,8675
5458758654630921129,walls,cim,650,22.803508501982758,14,1,64,299666,2530,8821
3020313365167587861,walls,cim,650,22.803508501982758,14,1,65,302000,2595,8836
10872113628616171624,walls,cim,650,22.803508501982758,14,1,66,289750,2554,8806
490143728236693777,walls,cim,650,22.803508501982758,14,1,67,307625,2531,8802
15012188926657205107,walls,cim,650,22.803508501982758,14,1,68,311542,2533,8719
280679678204452351,walls,cim,650,22.803508501982758,14,1,69,298333,2531,8734
13930602657813567666,walls,cim,650,22.803508501982758,14,1,70,304875,2539,8851
7668136741918222134,walls,cim,650,22.803508501982758,14,1,71,309750,2500,8773
12285228514937512531,walls,cim,650,22.803508501982758,14,1,72,288750,2559,8818
8209305906220565847,walls,cim,650,22.803508501982758,14,1,73,285292,2544,8687
18067162334331244581,walls,cim,650,22.803508501982758,14,1,74,305666,2510,8686
7100450351292240686,walls,cim,650,22.803508501982758,14,1,75,286958,2532,8679
15121055162163710247,walls,cim,650,22.803508501982758,14,1,76,287375,2499,8664
13818731778342974400,walls,cim,650,22.803508501982758,14,1,77,285958,2543,8723
5283599952762992884,walls,cim,650,22.803508501982758,14,1,78,307125,2513,8645
18199752421508677599,walls,cim,650,22.803508501982758,14,1,79,294000,2577,8838
13845076695625107324,walls,cim,650,22.803508501982758,14,1,80,311917,2548,8690
635704604624869848,walls,cim,650,22.803508501982758,14,1,81,292292,2582,8935
9198111479093638476,walls,cim,650,22.803508501982758,14,1,82,285458,2527,8653
16138506484704112160,walls,cim,650,22.803508501982758,14,1,83,286250,2537,8692
4481582253025539153,walls,cim,650,22.803508501982758,14,1,84,291333,2542,8783
4442913744983441863,walls,cim,650,22.803508501982758,14,1,85,288167,2522,8817
5726335007924322357,walls,cim,650,22.803508501982758,14,1,86,290042,2563,8865
15613706816035595995,walls,cim,650,22.803508501982758,14,1,87,302667,2563,8704
5157970059895618029,walls,cim,650,22.803508501982758,14,1,88,285708,2524,8647
15755491019336394438,walls,cim,650,22.803508501982758,14,1,89,287334,2541,8778
12110404651890534717,walls,cim,650,22.803508501982758,14,1,90,284792,2510,8623
15882792823536604060,walls,cim,650,22.803508501982758,14,1,91,286916,2541,8694
1507269612945923286,walls,cim,650,22.803508501982758,14,1,92,286917,2553,8697
8528709363535321874,walls,cim,650,22.803508501982758,14,1,93,287708,2563,8736
12332483564776056994,walls,cim,650,22.803508501982758,14,1,94,290167,2560,8837
4137998893091811413,walls,cim,650,22.803508501982758,14,1,95,289792,2554,8860
645898863615302059,walls,cim,650,22.803508501982758,14,1,96,285833,2524,8662
4038199275422795977,walls,cim,650,22.803508501982758,14,1,97,290375,2543,8748
13853867370263533694,walls,cim,650,22.803508501982758,14,1,98,291333,2478,8608
14004562814865937592,walls,cim,650,22.803508501982758,14,1,99,285708,2516,8700
14388386622540230855,walls,cim,650,22.803508501982758,14,1,100,302750,2534,8695
1423091953471415048,walls,cim,800,25.298221281347036,16,1,1,351917,3073,10131
4407508392708208354,walls,cim,800,25.298221281347036,16,1,2,358959,3152,10279
13348300211870303982,walls,cim,800,25.298221281347036,16,1,3,350916,3107,10265
14589025898950493133,walls,cim,800,25.298221281347036,16,1,4,359917,3196,10320
10720012257375731517,walls,cim,800,25.298221281347036,16,1,5,376166,3192,10428
13516795548751051039,walls,cim,800,25.298221281347036,16,1,6,354834,3148,10287
16331670085714163033,walls,cim,800,25.298221281347036,16,1,7,363750,3103,10153
4839837961217864833,walls,cim,800,25.298221281347036,16,1,8,354542,3135,10329
11397039458148931168,walls,cim,800,25.298221281347036,16,1,9,360000,3118,10119
10781976519466736713,walls,cim,800,25.298221281347036,16,1,10,349458,3137,10155
191640557241193715,walls,cim,800,25.298221281347036,16,1,11,384292,3236,10408
15451599530587473476,walls,cim,800,25.298221281347036,16,1,12,352458,3131,10309
77027007219274279,walls,cim,800,25.298221281347036,16,1,13,353500,3151,10311
2659646518803647474,walls,cim,800,25.298221281347036,16,1,14,380208,3152,10358
9892844784080373918,walls,cim,800,25.298221281347036,16,1,15,352708,3178,10314
16574036881940630960,walls,cim,800,25.298221281347036,16,1,16,349583,3125,10113
3426844335121791375,walls,cim,800,25.298221281347036,16,1,17,348667,3116,10194
12695745125577268589,walls,cim,800,25.298221281347036,16,1,18,362625,3200,10431
11553379883332552888,walls,cim,800,25.298221281347036,16,1,19,378500,3158,10281
9833093291582025530,walls,cim,800,25.298221281347036,16,1,20,348042,3108,10134
1532168536412425830,walls,cim,800,25.298221281347036,16,1,21,359709,3145,10317
14106943029051045210,walls,cim,800,25.298221281347036,16,1,22,365917,3134,10110
7866435977365290883,walls,cim,800,25.298221281347036,16,1,23,353958,3112,10218
13669972806880570615,walls,cim,800,25.298221281347036,16,1,24,361084,3146,10327
8407260712970320235,walls,cim,800,25.298221281347036,16,1,25,347291,3115,10169
15748194407591729033,walls,cim,800,25.298221281347036,16,1,26,384791,3124,10253
8625929614278169421,walls,cim,800,25.298221281347036,16,1,27,368625,3165,10377
11339427540548201214,walls,cim,800,25.298221281347036,16,1,28,380917,3158,10287
12539353168210465465,walls,cim,800,25.298221281347036,16,1,29,364167,3141,10327
2682927195820093199,walls,cim,800,25.298221281347036,16,1,30,367416,3133,10243
3334031102941947059,walls,cim,800,25.298221281347036,16,1,31,355500,3152,10246
17290273421193310827,walls,cim,800,25.298221281347036,16,1,32,347334,3115,10181
11855230495988888999,walls,cim,800,25.298221281347036,16,1,33,365333,3146,10218
11175436109364784482,walls,cim,800,25.298221281347036,16,1,34,354375,3140,10282
12202519404090102482,walls,cim,800,25.298221281347036,16,1,35,361542,3163,10306
11404632688470220452,walls,cim,800,25.298221281347036,16,1,36,351750,3136,10333
7523787386393261517,walls,cim,800,25.298221281347036,16,1,37,366208,3115,10279
7828903739049944592,walls,cim,800,25.298221281347036,16,1,38,352334,3131,10273
808929870943209528,walls,cim,800,25.298221281347036,16,1,39,361625,3180,10284
8908715600655849267,walls,cim,800,25.298221281347036,16,1,40,353083,3104,10166
3624781184444215545,walls,cim,800,25.298221281347036,16,1,41,349375,3097,10282
15775953892689930873,walls,cim,800,25.298221281347036,16,1,42,357208,3160,10337
15640032489107533183,walls,cim,800,25.298221281347036,16,1,43,350000,3119,10202
510289704390423669,walls,cim,800,25.298221281347036,16,1,44,364125,3156,10370
2738138484769904459,walls,cim,800,25.298221281347036,16,1,45,358041,3106,10301
4264099224736987455,walls,cim,800,25.298221281347036,16,1,46,352917,3141,10193
4503549024561692144,walls,cim,800,25.298221281347036,16,1,47,383792,3168,10243
4802001142914209093,walls,cim,800,25.298221281347036,16,1,48,363292,3162,10351
8648182699512792338,walls,cim,800,25.298221281347036,16,1,49,370167,3135,10223
2986691748048917009,walls,cim,800,25.298221281347036,16,1,50,356792,3116,10228
15850989243216467642,walls,cim,800,25.298221281347036,16,1,51,354667,3131,10261
215730559370470479,walls,cim,800,25.298221281347036,16,1,52,368083,3121,10200
5281458081812316017,walls,cim,800,25.298221281347036,16,1,53,368083,3141,10265
12368533041174432156,walls,cim,800,25.298221281347036,16,1,54,371708,3165,10211
13047876464401295539,walls,cim,800,25.298221281347036,16,1,55,370459,3185,10384
8968978488086041065,walls,cim,800,25.298221281347036,16,1,56,371709,3124,10253
903020329253088094,walls,cim,800,25.298221281347036,16,1,57,380416,3162,10141
15262346283557977554,walls,cim,800,25.298221281347036,16,1,58,393625,3091,10282
1898387128713415524,walls,cim,800,25.298221281347036,16,1,59,358542,3117,10253
10519806004857440181,walls,cim,800,25.298221281347036,16,1,60,371459,3121,10177
6919796296137985430,walls,cim,800,25.298221281347036,16,1,61,363834,3139,10315
15770073925024388849,walls,cim,800,25.298221281347036,16,1,62,345458,3050,10113
7079456141739352457,walls,cim,800,25.298221281347036,16,1,63,350916,3120,10218
15094641543613423206,walls,cim,800,25.298221281347036,16,1,64,366041,3168,10287
14447214618160548570,walls,cim,800,25.298221281347036,16,1,65,351500,3128,10176
9690166290928164045,walls,cim,800,25.298221281347036,16,1,66,362667,3160,10307
17368336387558890483,walls,cim,800,25.298221281347036,16,1,67,360500,3097,10036
1116828273186112520,walls,cim,800,25.298221281347036,16,1,68,350709,3123,10177
11372061544226127774,walls,cim,800,25.298221281347036,16,1,69,356709,3156,10203
4184835227746301288,walls,cim,800,25.298221281347036,16,1,70,348541,3124,10151
11947643851218268554,walls,cim,800,25.298221281347036,16,1,71,347542,3098,10142
13739835874834131883,walls,cim,800,25.298221281347036,16,1,72,360625,3085,10132
784593250950910088,walls,cim,800,25.298221281347036,16,1,73,375583,3156,10346
8465436065376940701,walls,cim,800,25.298221281347036,16,1,74,367584,3135,10361
15960832315093138258,walls,cim,800,25.298221281347036,16,1,75,358167,3088,10189
12928504776179674016,walls,cim,800,25.298221281347036,16,1,76,370875,3164,10372
10141144046580192373,walls,cim,800,25.298221281347036,16,1,77,349917,3132,10180
481049381109334422,walls,cim,800,25.298221281347036,16,1,78,357042,3124,10325
3165486068034229964,walls,cim,800,25.298221281347036,16,1,79,359000,3188,10327
3440068507503420828,walls,cim,800,25.298221281347036,16,1,80,350292,3116,10194
688483617646669491,walls,cim,800,25.298221281347036,16,1,81,378375,3113,10380
14212903141167273996,walls,cim,800,25.298221281347036,16,1,82,366750,3097,10299
7387316512854006650,walls,cim,800,25.298221281347036,16,1,83,353417,3100,10312
4245654298783780872,walls,cim,800,25.298221281347036,16,1,84,369792,3093,10103
13735804933678958319,walls,cim,800,25.298221281347036,16,1,85,376959,3151,10362
15591677272541753846,walls,cim,800,25.298221281347036,16,1,86,368708,3106,10123
13431036302448213515,walls,cim,800,25.298221281347036,16,1,87,376083,3146,10357
5349396241277417386,walls,cim,800,25.298221281347036,16,1,88,355417,3150,10298
14771149145040499778,walls,cim,800,25.298221281347036,16,1,89,353708,3168,10316
3165746783276534754,walls,cim,800,25.298221281347036,16,1,90,352500,3169,10290
17817758517135375500,walls,cim,800,25.298221281347036,16,1,91,351875,3179,10243
8003752624775425058,walls,cim,800,25.298221281347036,16,1,92,360958,3153,10270
9676209792190985497,walls,cim,800,25.298221281347036,16,1,93,350916,3172,10296
11834177594215990237,walls,cim,800,25.298221281347036,16,1,94,369583,3136,10225
9211289325567551160,walls,cim,800,25.298221281347036,16,1,95,354667,3164,10297
9802157707332608619,walls,cim,800,25.298221281347036,16,1,96,355250,3156,10237
18201083705212563827,walls,cim,800,25.298221281347036,16,1,97,350709,3107,10256
3776591760422516414,walls,cim,800,25.298221281347036,16,1,98,376667,3127,10209
10435512987626264507,walls,cim,800,25.298221281347036,16,1,99,352958,3134,10231
12403493292535906258,walls,cim,800,25.298221281347036,16,1,100,352584,3188,10302
14133666091519296508,walls,cim,950,27.568097504180443,17,1,1,442750,3788,13076
11519102172620048078,walls,cim,950,27.568097504180443,17,1,2,451834,3754,12956
16472508116769141955,walls,cim,950,27.568097504180443,17,1,3,436125,3732,12947
1974832046816014942,walls,cim,950,27.568097504180443,17,1,4,441583,3748,12888
10828594292753870188,walls,cim,950,27.568097504180443,17,1,5,471125,3793,12911
5829899922292338803,walls,cim,950,27.568097504180443,17,1,6,434708,3756,13036
16882439961800000498,walls,cim,950,27.568097504180443,17,1,7,462083,3714,12852
1178054995907040887,walls,cim,950,27.568097504180443,17,1,8,447083,3737,12841
10515123642947974124,walls,cim,950,27.568097504180443,17,1,9,452000,3728,12808
6665582984268671508,walls,cim,950,27.568097504180443,17,1,10,446292,3753,12965
2724064837472330225,walls,cim,950,27.568097504180443,17,1,11,478708,3771,12711
8683827812079615845,walls,cim,950,27.568097504180443,17,1,12,432667,3748,12911
3762255302249670911,walls,cim,950,27.568097504180443,17,1,13,437542,3672,12748
7652021834915875903,walls,cim,950,27.568097504180443,17,1,14,424833,3672,12743
617859531567696871,walls,cim,950,27.568097504180443,17,1,15,433750,3740,12804
10150280421629668906,walls,cim,950,27.568097504180443,17,1,16,425666,3653,12640
4633610681591843840,walls,cim,950,27.568097504180443,17,1,17,431375,3688,12757
12061894709227968260,walls,cim,950,27.568097504180443,17,1,18,439958,3717,12824
11019576473867290135,walls,cim,950,27.568097504180443,17,1,19,443583,3704,12807
9899496294328887450,walls,cim,950,27.568097504180443,17,1,20,430000,3690,12836
8934004466099429869,walls,cim,950,27.568097504180443,17,1,21,428167,3674,12800
3390095394142687667,walls,cim,950,27.568097504180443,17,1,22,454458,3685,12720
10805303372987483885,walls,cim,950,27.568097504180443,17,1,23,435750,3695,12938
2669030053536526584,walls,cim,950,27.568097504180443,17,1,24,448541,3749,12914
1980672294078874544,walls,cim,950,27.568097504180443,17,1,25,458042,3705,12695
14229459471089943635,walls,cim,950,27.568097504180443,17,1,26,458542,3715,12993
15308070611789941673,walls,cim,950,27.568097504180443,17,1,27,444333,3826,13045
8626095936975481630,walls,cim,950,27.568097504180443,17,1,28,461042,3695,12798
132502458561947746,walls,cim,950,27.568097504180443,17,1,29,441083,3748,12842
9104359619431290247,walls,cim,950,27.568097504180443,17,1,30,435417,3712,12777
11980474490087778602,walls,cim,950,27.568097504180443,17,1,31,429791,3738,12944
1600760712251935263,walls,cim,950,27.568097504180443,17,1,32,461542,3761,12953
12473058524452200433,walls,cim,950,27.568097504180443,17,1,33,436959,3702,12895
16156274075500395348,walls,cim,950,27.568097504180443,17,1,34,447584,3745,12676
10391536379664456592,walls,cim,950,27.568097504180443,17,1,35,439375,3727,12925
12419459580153037619,walls,cim,950,27.568097504180443,17,1,36,438792,3753,13051
2359714701843513725,walls,cim,950,27.568097504180443,17,1,37,442500,3771,12816
15351143787910300701,walls,cim,950,27.568097504180443,17,1,38,452959,3823,13057
14853311723180001447,walls,cim,950,27.568097504180443,17,1,39,459083,3706,12800
8110168114157769555,walls,cim,950,27.568097504180443,17,1,40,452500,3716,12881
8224350183248167560,walls,cim,950,27.568097504180443,17,1,41,432958,3738,12788
12136227058637034372,walls,cim,950,27.568097504180443,17,1,42,474667,3712,12954
4883562159453694910,walls,cim,950,27.568097504180443,17,1,43,437667,3717,12759
14304310890270334477,walls,cim,950,27.568097504180443,17,1,44,434500,3707,12768
7686281589106928034,walls,cim,950,27.568097504180443,17,1,45,444417,3764,13051
10380478199695841944,walls,cim,950,27.568097504180443,17,1,46,431875,3729,12779
17358056040544442253,walls,cim,950,27.568097504180443,17,1,47,431709,3768,12954
2243915623321608452,walls,cim,950,27.568097504180443,17,1,48,455958,3756,12933
5930927020741780500,walls,cim,950,27.568097504180443,17,1,49,470167,3736,12815
6245370620913803233,walls,cim,950,27.568097504180443,17,1,50,465334,3706,12906
15566112887653897757,walls,cim,950,27.568097504180443,17,1,51,474333,3716,12913
8648482215662118516,walls,cim,950,27.568097504180443,17,1,52,445167,3688,12775
9701605877816205691,walls,cim,950,27.568097504180443,17,1,53,443584,3791,12935
14261508457574892325,walls,cim,950,27.568097504180443,17,1,54,425541,3722,12735
4870968431829098798,walls,cim,950,27.568097504180443,17,1,55,438666,3755,12806
7383530210613549015,walls,cim,950,27.568097504180443,17,1,56,444375,3763,13045
9151704832111374684,walls,cim,950,27.568097504180443,17,1,57,469833,3728,12951
7774716200881949620,walls,cim,950,27.568097504180443,17,1,58,440958,3737,12841
14298305105181984772,walls,cim,950,27.568097504180443,17,1,59,475750,3758,13018
7230250261955827799,walls,cim,950,27.568097504180443,17,1,60,435208,3741,12885
9124190355800578488,walls,cim,950,27.568097504180443,17,1,61,439541,3743,12935
11678382557323046087,walls,cim,950,27.568097504180443,17,1,62,435500,3688,12755
6906699179674612326,walls,cim,950,27.568097504180443,17,1,63,435834,3787,13003
751913392315070276,walls,cim,950,27.568097504180443,17,1,64,446500,3719,12868
12852260107971432455,walls,cim,950,27.568097504180443,17,1,65,433042,3733,12912
3106402617762996314,walls,cim,950,27.568097504180443,17,1,66,441750,3837,12958
6424588601676617457,walls,cim,950,27.568097504180443,17,1,67,439458,3697,12771
17620824469255605019,walls,cim,950,27.568097504180443,17,1,68,431625,3755,12777
11229961410598997192,walls,cim,950,27.568097504180443,17,1,69,470542,3739,12834
11350717793734420315,walls,cim,950,27.568097504180443,17,1,70,440708,3766,12918
7771747584765231901,walls,cim,950,27.568097504180443,17,1,71,442584,3730,12855
10808495578622859491,walls,cim,950,27.568097504180443,17,1,72,446583,3670,12828
16662576837680146279,walls,cim,950,27.568097504180443,17,1,73,445833,3709,12885
13481235973628434714,walls,cim,950,27.568097504180443,17,1,74,425792,3690,12837
8984856437003741530,walls,cim,950,27.568097504180443,17,1,75,442250,3733,12873
3288640198558352362,walls,cim,950,27.568097504180443,17,1,76,467334,3755,12820
6638949394653393947,walls,cim,950,27.568097504180443,17,1,77,458333,3753,12896
9829445258856310486,walls,cim,950,27.568097504180443,17,1,78,598000,3709,12692
7890496375343438039,walls,cim,950,27.568097504180443,17,1,79,430791,3702,12885
8022076889611439878,walls,cim,950,27.568097504180443,17,1,80,438708,3694,12853
16890825826193357033,walls,cim,950,27.568097504180443,17,1,81,443250,3696,12800
16897458760408892423,walls,cim,950,27.568097504180443,17,1,82,448917,3741,12907
15809419988554703708,walls,cim,950,27.568097504180443,17,1,83,433583,3774,12856
8664501416735905100,walls,cim,950,27.568097504180443,17,1,84,435958,3661,12724
12867330173058353077,walls,cim,950,27.568097504180443,17,1,85,456625,3768,12841
680114990838547982,walls,cim,950,27.568097504180443,17,1,86,447833,3781,12953
619308490226370042,walls,cim,950,27.568097504180443,17,1,87,443000,3783,12855
8737887419914938346,walls,cim,950,27.568097504180443,17,1,88,451667,3691,12798
3473478429316574327,walls,cim,950,27.568097504180443,17,1,89,441958,3699,12893
7570264671250707509,walls,cim,950,27.568097504180443,17,1,90,445750,3698,12869
8518742302609485990,walls,cim,950,27.568097504180443,17,1,91,439917,3721,12829
16072535178775428217,walls,cim,950,27.568097504180443,17,1,92,443333,3752,12861
385209152891547138,walls,cim,950,27.568097504180443,17,1,93,446833,3746,12910
6251771439855833160,walls,cim,950,27.568097504180443,17,1,94,445542,3747,12912
8202985280800812515,walls,cim,950,27.568097504180443,17,1,95,435083,3760,12927
8654068607748297612,walls,cim,950,27.568097504180443,17,1,96,447958,3810,13123
12097676427903293764,walls,cim,950,27.568097504180443,17,1,97,445959,3713,12849
7853274321616547162,walls,cim,950,27.568097504180443,17,1,98,473125,3720,12953
15343585673646246374,walls,cim,950,27.568097504180443,17,1,99,465459,3719,12841
11798951940761272985,walls,cim,950,27.568097504180443,17,1,100,434833,3721,12718
13899650289056249134,walls,cim,1050,28.982753492378876,18,1,1,509375,4110,14019
14551692738963597384,walls,cim,1050,28.982753492378876,18,1,2,493541,4120,14147
9347274179145335517,walls,cim,1050,28.982753492378876,18,1,3,481875,4135,14218
15760563736859365325,walls,cim,1050,28.982753492378876,18,1,4,502125,4159,14023
14272993179817726394,walls,cim,1050,28.982753492378876,18,1,5,487292,4078,13956
16219502021013013863,walls,cim,1050,28.982753492378876,18,1,6,519375,4114,14048
9952737413516522881,walls,cim,1050,28.982753492378876,18,1,7,481000,4133,14065
7537453136481023406,walls,cim,1050,28.982753492378876,18,1,8,489667,4182,14145
13931216608390866649,walls,cim,1050,28.982753492378876,18,1,9,482667,4120,13954
2692411303975348179,walls,cim,1050,28.982753492378876,18,1,10,486625,4139,14116
7652495591779000631,walls,cim,1050,28.982753492378876,18,1,11,505958,4161,14086
17246343091445523877,walls,cim,1050,28.982753492378876,18,1,12,478500,4129,13940
13107336934266130150,walls,cim,1050,28.982753492378876,18,1,13,495459,4155,14007
18336519920525294844,walls,cim,1050,28.982753492378876,18,1,14,499417,4191,14242
7315856350310025969,walls,cim,1050,28.982753492378876,18,1,15,495792,4062,14070
8535548948820429377,walls,cim,1050,28.982753492378876,18,1,16,510584,4053,13954
16008388369398736475,walls,cim,1050,28.982753492378876,18,1,17,510625,4140,14155
10541319633924454395,walls,cim,1050,28.982753492378876,18,1,18,486625,4125,14130
18126373971911706,walls,cim,1050,28.982753492378876,18,1,19,500375,4119,13961
5593721063465389123,walls,cim,1050,28.982753492378876,18,1,20,524000,4206,14251
9876795793755237123,walls,cim,1050,28.982753492378876,18,1,21,507000,4152,14054
12166768078110615243,walls,cim,1050,28.982753492378876,18,1,22,484708,4138,14089
3312799025728229739,walls,cim,1050,28.982753492378876,18,1,23,493166,4142,14076
4657049572624089393,walls,cim,1050,28.982753492378876,18,1,24,474458,4107,14054
5004286540449860,walls,cim,1050,28.982753492378876,18,1,25,498917,4124,14059
1752535157378764390,walls,cim,1050,28.982753492378876,18,1,26,490791,4131,14280
9820886301875913341,walls,cim,1050,28.982753492378876,18,1,27,497959,4227,14223
11985473430352657058,walls,cim,1050,28.982753492378876,18,1,28,492709,4159,14138
5484914658528873785,walls,cim,1050,28.982753492378876,18,1,29,503208,4102,14053
11759404873447692397,walls,cim,1050,28.982753492378876,18,1,30,468041,4059,13906
3397521394060551695,walls,cim,1050,28.982753492378876,18,1,31,496625,4167,14042
12254717249508044708,walls,cim,1050,28.982753492378876,18,1,32,499125,4080,14028
9112156324187721157,walls,cim,1050,28.982753492378876,18,1,33,496625,4160,14091
14934578268400185970,walls,cim,1050,28.982753492378876,18,1,34,507834,4070,13957
11500345280638110299,walls,cim,1050,28.982753492378876,18,1,35,466875,4021,13984
10682853114618442328,walls,cim,1050,28.982753492378876,18,1,36,507334,4137,13938
17387877400436586183,walls,cim,1050,28.982753492378876,18,1,37,481917,4156,14095
11630525983911379595,walls,cim,1050,28.982753492378876,18,1,38,483417,4121,14181
9520989255352135906,walls,cim,1050,28.982753492378876,18,1,39,490500,4061,13825
70171696042701676,walls,cim,1050,28.982753492378876,18,1,40,494125,4168,14231
869192595359892709,walls,cim,1050,28.982753492378876,18,1,41,480333,4111,14026
9332853297251220624,walls,cim,1050,28.982753492378876,18,1,42,511584,4147,14142
13046940516017785652,walls,cim,1050,28.982753492378876,18,1,43,475000,4145,14097
13130649669875816192,walls,cim,1050,28.982753492378876,18,1,44,488875,4145,14128
13074134006421086565,walls,cim,1050,28.982753492378876,18,1,45,499583,4131,13989
1443810106648233946,walls,cim,1050,28.982753492378876,18,1,46,492208,4106,14025
13199150971073315184,walls,cim,1050,28.982753492378876,18,1,47,481708,4118,14187
9564980880979661601,walls,cim,1050,28.982753492378876,18,1,48,495208,4123,14070
10186973720821300869,walls,cim,1050,28.982753492378876,18,1,49,493000,4075,14063
7001038815923055276,walls,cim,1050,28.982753492378876,18,1,50,499375,4171,14203
11056183438080218342,walls,cim,1050,28.982753492378876,18,1,51,471750,4097,13899
621510807855392388,walls,cim,1050,28.982753492378876,18,1,52,489084,4174,14180
5157242334917485690,walls,cim,1050,28.982753492378876,18,1,53,471375,4064,14019
2602059669067755223,walls,cim,1050,28.982753492378876,18,1,54,487875,4067,14100
6200698385666022063,walls,cim,1050,28.982753492378876,18,1,55,503750,4087,13987
59170154742737035,walls,cim,1050,28.982753492378876,18,1,56,482000,4148,14072
9987252903422394230,walls,cim,1050,28.982753492378876,18,1,57,484250,4153,14130
15754999769289284282,walls,cim,1050,28.982753492378876,18,1,58,550875,4178,14100
4323002775186690680,walls,cim,1050,28.982753492378876,18,1,59,480958,4120,14065
13886221126175045072,walls,cim,1050,28.982753492378876,18,1,60,473791,4049,13927
12716978263386100055,walls,cim,1050,28.982753492378876,18,1,61,477500,4112,14019
9556940738401771421,walls,cim,1050,28.982753492378876,18,1,62,506625,4150,14100
12584428279784390176,walls,cim,1050,28.982753492378876,18,1,63,486792,4148,13963
4827444017171152895,walls,cim,1050,28.982753492378876,18,1,64,484333,4102,14010
991758212251770906,walls,cim,1050,28.982753492378876,18,1,65,493417,4108,13929
14521965560172182340,walls,cim,1050,28.982753492378876,18,1,66,489875,4133,13969
1646894259609417262,walls,cim,1050,28.982753492378876,18,1,67,501167,4097,14048
9558923533010436711,walls,cim,1050,28.982753492378876,18,1,68,509666,4159,14086
17155751540370687766,walls,cim,1050,28.982753492378876,18,1,69,485916,4101,13993
15396685834485027549,walls,cim,1050,28.982753492378876,18,1,70,479042,4097,14015
2830607047761804518,walls,cim,1050,28.982753492378876,18,1,71,500709,4126,14085
4870898202608007973,walls,cim,1050,28.982753492378876,18,1,72,506916,4143,14098
5412820041842238662,walls,cim,1050,28.982753492378876,18,1,73,500500,4121,14065
16163052304869829873,walls,cim,1050,28.982753492378876,18,1,74,477500,4100,13973
4649164608922604546,walls,cim,1050,28.982753492378876,18,1,75,484250,4159,14035
4517193788235606021,walls,cim,1050,28.982753492378876,18,1,76,479584,4140,14173
16872780923021001789,walls,cim,1050,28.982753492378876,18,1,77,472833,4082,13937
18134924035841899760,walls,cim,1050,28.982753492378876,18,1,78,501834,4138,14027
10832697700502080652,walls,cim,1050,28.982753492378876,18,1,79,487750,4149,14058
1267971876382991059,walls,cim,1050,28.982753492378876,18,1,80,498917,4125,14009
3243698377901059226,walls,cim,1050,28.982753492378876,18,1,81,500875,4171,14088
14781295493639853162,walls,cim,1050,28.982753492378876,18,1,82,500375,4096,14086
7889193848423899903,walls,cim,1050,28.982753492378876,18,1,83,492917,4138,14225
9443150562210515936,walls,cim,1050,28.982753492378876,18,1,84,512083,4126,14059
18036944519405298875,walls,cim,1050,28.982753492378876,18,1,85,490625,4166,14079
11948919191806296129,walls,cim,1050,28.982753492378876,18,1,86,482166,4090,14057
3921640756097288059,walls,cim,1050,28.982753492378876,18,1,87,554708,4086,14085
1611536745924927328,walls,cim,1050,28.982753492378876,18,1,88,483625,4085,13958
10344364037618571705,walls,cim,1050,28.982753492378876,18,1,89,485417,4163,14159
2258289359838612816,walls,cim,1050,28.982753492378876,18,1,90,478583,4072,14210
10105194132860214337,walls,cim,1050,28.982753492378876,18,1,91,487209,4136,14031
15972695350209600252,walls,cim,1050,28.982753492378876,18,1,92,480458,4122,14146
3846233236001284621,walls,cim,1050,28.982753492378876,18,1,93,498125,4157,14092
11798263787556677036,walls,cim,1050,28.982753492378876,18,1,94,500542,4154,14037
4244945881021370093,walls,cim,1050,28.982753492378876,18,1,95,498334,4113,14094
11500155016710242162,walls,cim,1050,28.982753492378876,18,1,96,477833,4108,14041
4101788695730329151,walls,cim,1050,28.982753492378876,18,1,97,482083,4131,14137
6779059936032550725,walls,cim,1050,28.982753492378876,18,1,98,521584,4137,14053
4852423133510290414,walls,cim,1050,28.982753492378876,18,1,99,481125,4103,14025
710531872204152066,walls,cim,1050,28.982753492378876,18,1,100,475583,4104,14008
