label,seed,D_m2_s,fit_error_m2_s
vacia,3000,0.023266632623233502,0.0002646278063884232
vacia,3001,0.024547431650190882,0.0002633938313750951
vacia,3002,0.01927367104269761,9.843063347280689e-05
vacia,3003,0.02084540359698505,0.0003574933624284437
vacia,3004,0.022300031224479454,0.00017135674064413378
vacia,3005,0.020115208492551457,0.0004965354773964803
vacia,3006,0.023444356143060834,0.00022694146261999646
vacia,3007,0.021256683845440286,0.00016173836806064013
vacia,3008,0.024856139631801097,0.00031391975300398107
vacia,3009,0.023275544959612274,0.0004966052035551355
x30_r05,3000,0.0206990779564066,0.0003802130924416822
x30_r05,3001,0.021152420528091163,0.000360186826192154
x30_r05,3002,0.018256913063691732,0.0001201355182658435
x30_r05,3003,0.022069335997234,0.00017787138122273707
x30_r05,3004,0.022336259915660513,0.00028859472200484223
x30_r05,3005,0.019367925297159094,0.0003803745330064108
x30_r05,3006,0.019638568369349328,6.95340411991205e-05
x30_r05,3007,0.019693194529031982,0.0005021018862485826
x30_r05,3008,0.025822283704902665,0.0004989152250176759
x30_r05,3009,0.0262129271504772,0.0001688736635508872
x30_r10,3000,0.020543123001509962,0.00017432814329667765
x30_r10,3001,0.023978967844227265,0.0002473500526430218
x30_r10,3002,0.02337427015341319,0.00019952116272633623
x30_r10,3003,0.019949757293277214,0.0003172332552817617
x30_r10,3004,0.01822068945993573,0.0006565336331439697
x30_r10,3005,0.017563458790660055,0.0003445055374260131
x30_r10,3006,0.01819435591087057,0.0002691038244057685
x30_r10,3007,0.019740864160971337,0.00025955760181386366
x30_r10,3008,0.021742534175998106,0.0003245008462243648
x30_r10,3009,0.02106425842752154,0.00032800258194632737
x30_r15,3000,0.01882300313080902,0.0001614068943053917
x30_r15,3001,0.018424424184276297,0.00041253549019472987
x30_r15,3002,0.0219993679125858,0.00030961977661210515
x30_r15,3003,0.01866069459630611,0.00014168964756659517
x30_r15,3004,0.02030753067846949,0.00019321929239294396
x30_r15,3005,0.01899614226398224,0.00024084725934775012
x30_r15,3006,0.020052608724891504,0.00031129547506021925
x30_r15,3007,0.019385376917116656,0.0002970055696927722
x30_r15,3008,0.02099435107444595,0.00041511271031866427
x30_r15,3009,0.016847096897489054,0.00010247710738078727
x30_r20,3000,0.017693858989117506,0.0002538475273996971
x30_r20,3001,0.015833926693979757,0.0001642913555482955
x30_r20,3002,0.018705277281690875,7.718772295050345e-05
x30_r20,3003,0.017964843214159244,0.00036135324184841355
x30_r20,3004,0.016141897093954367,0.0002699743478637448
x30_r20,3005,0.014763112394072981,0.00035655358704870453
x30_r20,3006,0.01881861907715595,0.00015301447949383915
x30_r20,3007,0.01615481477930058,0.0002503692553226349
x30_r20,3008,0.018031904178406718,0.0002529677044643402
x30_r20,3009,0.017403939406147463,0.00019264560874681776
x30_r25,3000,0.014802891574159968,0.00029165181962975944
x30_r25,3001,0.01449986739998757,0.00012843568168976463
x30_r25,3002,0.01385575646409079,0.00023926190499837704
x30_r25,3003,0.015777683022543974,0.00016261440464176538
x30_r25,3004,0.015556828397941865,0.0002752205210379783
x30_r25,3005,0.01285623297100532,0.0002379785221761435
x30_r25,3006,0.01415905093933993,0.00036864518175403285
x30_r25,3007,0.016102468944283653,0.00028834404524137185
x30_r25,3008,0.014948059429746476,0.00020848460499526013
x30_r25,3009,0.011622270336934623,0.0001935076565355351
x30_r28,3000,0.015670647304219146,0.00016042116413753115
x30_r28,3001,0.014194318238531097,0.00037018128129728394
x30_r28,3002,0.013344638622162522,0.00024282212718049879
x30_r28,3003,0.013141716551758222,0.0002247533803522755
x30_r28,3004,0.012507789295103884,0.00027506439874102825
x30_r28,3005,0.013754197446549547,0.00028867327986808376
x30_r28,3006,0.012318593002437818,0.00016939432626048712
x30_r28,3007,0.011437640721911417,0.00017800022985974394
x30_r28,3008,0.012045132750046612,0.00017930737489854184
x30_r28,3009,0.013848456251701342,0.0001681780980933059
x40_r05,3000,0.018614075301996134,0.0002786124984433596
x40_r05,3001,0.020658527389621158,0.0002791960607855935
x40_r05,3002,0.017594869209904027,0.00018308228701507216
x40_r05,3003,0.022289992494869168,0.000502571148873236
x40_r05,3004,0.022399451478258333,0.00038837445135494136
x40_r05,3005,0.020482788899895858,0.0002543096134005883
x40_r05,3006,0.01945699098911268,0.00018835656301053008
x40_r05,3007,0.02220550424146332,0.000364106562684838
x40_r05,3008,0.023135318129947263,0.000250750795082035
x40_r05,3009,0.023001988867566322,0.00022840125130376579
x40_r10,3000,0.017481403794538913,0.000205775422002276
x40_r10,3001,0.018487000563255765,0.00022526722444532856
x40_r10,3002,0.01904886132336408,0.00016131997386668206
x40_r10,3003,0.022343361075849194,0.0002974051588503776
x40_r10,3004,0.01771682049018841,0.00012798106139653412
x40_r10,3005,0.019361609768412818,0.00029949086276887134
x40_r10,3006,0.017544844584917563,0.00025612391376616785
x40_r10,3007,0.020668186711889053,0.00021205754395437404
x40_r10,3008,0.018505227680294813,0.00020817238607238122
x40_r10,3009,0.018119325256393082,0.00021031327653133915
x40_r15,3000,0.015671049363837626,0.00016199731731673256
x40_r15,3001,0.01836086862023586,0.00021517176970627726
x40_r15,3002,0.020009415081978486,0.00011312704500020124
x40_r15,3003,0.01703679908574577,0.0003823849850055149
x40_r15,3004,0.01805977809135782,0.00015366250129694462
x40_r15,3005,0.0180270499649245,0.00020327731611589266
x40_r15,3006,0.022779820064920207,0.00024065004176207136
x40_r15,3007,0.017350493787382595,0.00027125252627552813
x40_r15,3008,0.01549502977678318,0.00028449093127874323
x40_r15,3009,0.01990843608013618,0.00010083957772712814
x40_r20,3000,0.01610455724142268,0.00019124160174024455
x40_r20,3001,0.015316809611562615,0.00021807714041448517
x40_r20,3002,0.014276829648552656,0.00034354073865609314
x40_r20,3003,0.012371788996319025,0.00029728246817759864
x40_r20,3004,0.01410820927146032,0.00011694378609024174
x40_r20,3005,0.012568528972771333,0.00037780372262230803
x40_r20,3006,0.01424523479966626,0.00020790002111866748
x40_r20,3007,0.015383803052204773,0.00021275729891120156
x40_r20,3008,0.01521645871348836,0.0001991105734065134
x40_r20,3009,0.015504512087737397,0.0003204429625559618
x40_r25,3000,0.015099077788635314,7.937393818592118e-05
x40_r25,3001,0.013237580449204948,0.0001691280153920875
x40_r25,3002,0.014537719253941015,0.00034674144796032684
x40_r25,3003,0.013910655552353726,0.00018475120275418617
x40_r25,3004,0.011093076605882395,0.00021398346149461702
x40_r25,3005,0.014745372606372051,0.0003778868745125485
x40_r25,3006,0.011392373126225014,0.0001632005240875778
x40_r25,3007,0.012104642145636064,0.00020003604377307022
x40_r25,3008,0.012794670129863656,0.0001003458984505174
x40_r25,3009,0.011474992552352906,0.00012833324248704423
x40_r28,3000,0.013181004671947367,0.00012599302052911332
x40_r28,3001,0.013510617737124813,0.00012692731828416033
x40_r28,3002,0.00959374464269464,0.00015113597474188453
x40_r28,3003,0.011936828089413475,0.00010466767460072746
x40_r28,3004,0.011395805315283137,0.00015730027895269612
x40_r28,3005,0.0116771791343203,0.00013115014120380954
x40_r28,3006,0.010793796545356567,0.00012585630027147843
x40_r28,3007,0.013248610150909656,0.00014449571025053944
x40_r28,3008,0.012224659680408199,0.0001997795734504159
x40_r28,3009,0.010535870148492213,0.000200189729458478
x40_r30,3000,0.010531304711904605,0.00023904864115698688
x40_r30,3001,0.011878649630720673,0.00017254718946587013
x40_r30,3002,0.011338337009904553,0.0003322154184451807
x40_r30,3003,0.013132602730904377,0.0001139011499482595
x40_r30,3004,0.010365769042871887,0.00011386691846137695
x40_r30,3005,0.011823955332129831,0.00012790693591369366
x40_r30,3006,0.012175420756263312,0.00022676244091341557
x40_r30,3007,0.011609679124699783,0.00012347808097698355
x40_r30,3008,0.010454700074310774,0.00033094198251949514
x40_r30,3009,0.00918788300975382,0.00013038113282738253
x40_r32,3000,0.010388420325520743,0.00011207815826997069
x40_r32,3001,0.008765215891811473,0.00014074357336609918
x40_r32,3002,0.0100327407920719,8.520232011093719e-05
x40_r32,3003,0.009363713692928415,0.00017925682336998946
x40_r32,3004,0.010110234952957724,0.00017442229607536724
x40_r32,3005,0.009066902635916118,0.0001015792078262824
x40_r32,3006,0.00966471890789809,0.00014102228364172827
x40_r32,3007,0.0071775769700819355,0.00015164724084954743
x40_r32,3008,0.008294550980617987,0.00017598841845832588
x40_r32,3009,0.009992506428466255,0.0003522985965294241
x40_r33,3000,0.010191201450963229,0.00017211607240915112
x40_r33,3001,0.010006908344750685,0.00019215414082702096
x40_r33,3002,0.008811137563215719,0.00024001747658936487
x40_r33,3003,0.007935770572991024,0.00012191837062112597
x40_r33,3004,0.009046036712078565,0.00014662060272153032
x40_r33,3005,0.00980820001228109,0.0001091753600642468
x40_r33,3006,0.007755892044168685,0.00022816145421747808
x40_r33,3007,0.009204580916381431,0.00011884193534471533
x40_r33,3008,0.00868728114123829,0.00012065555519316381
x40_r33,3009,0.008578146328901906,0.00013247763817286377
x40_r34,3000,0.008293545486186438,5.303216898259445e-05
x40_r34,3001,0.008339022273729513,6.189056642228892e-05
x40_r34,3002,0.009603065761997633,0.00020089126288115182
x40_r34,3003,0.007932903898686311,8.879680816886609e-05
x40_r34,3004,0.009171513637160587,9.034078069933438e-05
x40_r34,3005,0.008375198974550111,0.00011301670322936592
x40_r34,3006,0.006848576592298793,0.00021014778203623055
x40_r34,3007,0.009949288104487673,0.0002864983146013832
x40_r34,3008,0.007301897532696711,0.00010142354039765782
x40_r34,3009,0.007694769972039405,0.00014771895693394945
x50_r05,3000,0.020122334822050395,0.0002991912744067467
x50_r05,3001,0.021277375409089506,0.000468089032043173
x50_r05,3002,0.018502640175594987,0.0006436025418433409
x50_r05,3003,0.023475274740069982,0.000335634270377091
x50_r05,3004,0.02163988740977793,0.00041291693087897356
x50_r05,3005,0.024064605314465533,0.0003407596234185433
x50_r05,3006,0.020552513967646385,0.00017433691025121734
x50_r05,3007,0.02168908696033265,0.0005117319258158149
x50_r05,3008,0.019200124235347917,0.0005364620289447495
x50_r05,3009,0.023396083098621363,0.00029640572150050395
x50_r10,3000,0.01772122555074937,0.00025834802427937315
x50_r10,3001,0.018502418645068786,0.00032722670353008127
x50_r10,3002,0.018654116445707133,0.00031773732972500653
x50_r10,3003,0.02004679624133424,0.00034386982389900865
x50_r10,3004,0.017440908807439866,0.00022563619392687747
x50_r10,3005,0.021829504060270604,0.0002558031525441958
x50_r10,3006,0.020407384244828845,0.0004028966582829458
x50_r10,3007,0.02038803016943916,0.000104346164976828
x50_r10,3008,0.018343590150254538,0.00043568914867343745
x50_r10,3009,0.0186565123752795,0.0002757507670909032
x50_r15,3000,0.017028276419987894,0.0003065161026217283
x50_r15,3001,0.019174185079855247,0.00034320775821454805
x50_r15,3002,0.01914217664992539,0.0002733184996356827
x50_r15,3003,0.01740167331463756,0.00023287704526082275
x50_r15,3004,0.018990264170803427,0.00023558658034671844
x50_r15,3005,0.01880936062660915,0.0001876262365259514
x50_r15,3006,0.017361583691372643,0.00024299093301540612
x50_r15,3007,0.0182117065188979,0.00023408816914634808
x50_r15,3008,0.021619806369992348,0.00014908577785455502
x50_r15,3009,0.017151902935406357,0.00030188834127026947
x50_r20,3000,0.015510516590580113,0.000318580857925237
x50_r20,3001,0.014663585626501422,0.00024673639514660663
x50_r20,3002,0.016075438879544313,0.00035179308595103257
x50_r20,3003,0.016929063004203816,0.00019151606047543442
x50_r20,3004,0.01386494818383029,0.00022901383195025125
x50_r20,3005,0.01643055616498451,0.00021315391374912944
x50_r20,3006,0.016949847453767812,0.00010183448034104247
x50_r20,3007,0.016088041488409355,0.00012185760897566626
x50_r20,3008,0.01750096962863889,0.00015241389016079258
x50_r20,3009,0.016629640469968954,0.00010703637262667067
x50_r25,3000,0.00987144122668021,0.00023614951724368777
x50_r25,3001,0.0137473400227487,0.00030109643591513915
x50_r25,3002,0.009758343106262632,0.00036467247322295894
x50_r25,3003,0.01179100644093245,0.00023096458214770768
x50_r25,3004,0.014025604976187295,0.00019825173463022667
x50_r25,3005,0.012858447882632133,0.00025393412837122146
x50_r25,3006,0.011736697800821042,0.00017121092001368552
x50_r25,3007,0.013842465849989877,0.00038862361827448195
x50_r25,3008,0.014286144184926804,0.00025007884357274225
x50_r25,3009,0.0101035317850643,0.0001925625332820899
x50_r28,3000,0.010991279768544948,0.00033074337460801907
x50_r28,3001,0.010514179911525307,0.0001479437797295992
x50_r28,3002,0.010874537061341024,9.774970448592579e-05
x50_r28,3003,0.01290601700669148,0.00015595882577218247
x50_r28,3004,0.011199290933924194,0.00011486487123709942
x50_r28,3005,0.013282011890769324,0.00020572784841138377
x50_r28,3006,0.012687573692430855,0.0001945660147795594
x50_r28,3007,0.013228138431004573,0.0002916480798304701
x50_r28,3008,0.010653872057129572,0.0003855554047549123
x50_r28,3009,0.010580621611041213,0.0003067338117377738
x50_r30,3000,0.009093813221806546,9.680763719298117e-05
x50_r30,3001,0.012112628364504994,0.00018943283975796703
x50_r30,3002,0.009828807965103,0.00015415543628618064
x50_r30,3003,0.01098148520670925,0.0003385916979289485
x50_r30,3004,0.010220391551776734,0.00020422122409462462
x50_r30,3005,0.010172071408745743,0.00020144278764348844
x50_r30,3006,0.010627217143386408,0.00010231780979382788
x50_r30,3007,0.00872564444015955,0.0002593253272367719
x50_r30,3008,0.008028611108576056,0.00015303004388475612
x50_r30,3009,0.010649198237032111,0.00036412424500900355
x50_r32,3000,0.008190556950296652,7.163032282012979e-05
x50_r32,3001,0.00902816654521874,0.00014989768000011955
x50_r32,3002,0.006546879104288232,0.0001274964104645288
x50_r32,3003,0.006820421830226531,6.153178680835671e-05
x50_r32,3004,0.008144310501295911,0.00010144946095739943
x50_r32,3005,0.011101597600524421,0.00034383795136360134
x50_r32,3006,0.007531743046576854,0.00019921244326705554
x50_r32,3007,0.008517446183201605,0.00010691288739412262
x50_r32,3008,0.00882117789892718,0.00023818315743105427
x50_r32,3009,0.007339771491254633,0.0002049402257318882
x50_r33,3000,0.008516358245436166,0.00019334427850422204
x50_r33,3001,0.007255613820871578,0.000234084705188968
x50_r33,3002,0.008759338895172391,0.00016726042615828932
x50_r33,3003,0.006605368739075029,0.0002128790839763693
x50_r33,3004,0.006941152510187918,0.00019773354819468665
x50_r33,3005,0.007289614142806986,0.00025301559327408653
x50_r33,3006,0.007197869979484574,0.00015738364803429903
x50_r33,3007,0.008528993203444774,0.00017964293187129303
x50_r33,3008,0.00824034576410566,7.413885940797175e-05
x50_r33,3009,0.008945445831181559,9.930721874198087e-05
x50_r34,3000,0.007979531714387313,0.00022920120855832396
x50_r34,3001,0.008283904681782705,9.832286830259107e-05
x50_r34,3002,0.007593160110146438,0.00014742543180440435
x50_r34,3003,0.006448368193353075,0.0002310570001679024
x50_r34,3004,0.007738350460041623,9.823632984587869e-05
x50_r34,3005,0.008337876537551433,0.00020534008278298843
x50_r34,3006,0.006605542090909471,6.536521571324559e-05
x50_r34,3007,0.0073975485745826595,0.0001419167216320219
x50_r34,3008,0.007638643957849733,9.80470812375708e-05
x50_r34,3009,0.007070145109832158,8.866273383295836e-05
x60_r05,3000,0.01883046641037243,0.0004006149166676917
x60_r05,3001,0.019371594789649546,0.00032392086627580055
x60_r05,3002,0.01776966485756757,0.00027277166106186616
x60_r05,3003,0.019216762962638533,0.0004976449648967724
x60_r05,3004,0.021091176884793027,0.00014804351900225246
x60_r05,3005,0.024514714326654866,0.0004881092396448503
x60_r05,3006,0.023373371028235022,0.0001624524318976605
x60_r05,3007,0.023985134866847824,0.00021468004133344431
x60_r05,3008,0.023552028752407795,0.0003758018656397647
x60_r05,3009,0.022440725531213346,0.00034569279132242613
x60_r10,3000,0.019937765998048803,0.00037900805068913156
x60_r10,3001,0.020888990032404197,0.000294708370517672
x60_r10,3002,0.018939858885703466,0.00043675999734240094
x60_r10,3003,0.020465237950468847,0.00037243511990842055
x60_r10,3004,0.019011418158185644,0.00031603576312035303
x60_r10,3005,0.01577550970204335,0.0004752124465922112
x60_r10,3006,0.018665779495478912,0.0004752923046964165
x60_r10,3007,0.01754783539223935,0.00019273513744580143
x60_r10,3008,0.019306726897692427,0.00014600130999003404
x60_r10,3009,0.02658887626567147,0.00017847234364407389
x60_r15,3000,0.01977015359823447,0.00023065970756727314
x60_r15,3001,0.01753156117362344,0.00016112840528295858
x60_r15,3002,0.019665634801941664,0.00025257282632659174
x60_r15,3003,0.016190126651933173,0.0003292326992338292
x60_r15,3004,0.015822831805133247,0.00027779879627494165
x60_r15,3005,0.01867016816793311,0.00027516297208493514
x60_r15,3006,0.013847119470758633,0.00046065489834630475
x60_r15,3007,0.017831757168612745,0.0002495102158653688
x60_r15,3008,0.015546771674582899,0.0001613963743109478
x60_r15,3009,0.019079622846874138,0.00021588174309807796
x60_r20,3000,0.016159994731819532,0.0003301441599445378
x60_r20,3001,0.016252215670510356,0.0003956011063575125
x60_r20,3002,0.017424769543511087,0.0002653192791450551
x60_r20,3003,0.011525020789153715,0.00011466836183093088
x60_r20,3004,0.013803661409722591,0.0002768048833466538
x60_r20,3005,0.01793681052242658,0.00018079817407975376
x60_r20,3006,0.016087966651489594,0.00017087394848607
x60_r20,3007,0.014890617276224056,0.00037242358737398564
x60_r20,3008,0.012538586387059828,0.000380515032064393
x60_r20,3009,0.01407982824589213,6.901088063154551e-05
x60_r25,3000,0.010492277514677335,0.00010195895049453311
x60_r25,3001,0.014619830221814246,0.0002770898515307954
x60_r25,3002,0.014352079718565117,0.00019634403681592877
x60_r25,3003,0.015474711130598374,0.0004211356003390991
x60_r25,3004,0.012068941486887995,0.00018243766882161983
x60_r25,3005,0.010810576779405221,0.0004120034732019324
x60_r25,3006,0.013780519226888992,6.867832296468327e-05
x60_r25,3007,0.012433314863599726,0.00026115777189489217
x60_r25,3008,0.014578753091820947,0.00021793601058181443
x60_r25,3009,0.012570270858587917,0.0002905952623775327
x60_r28,3000,0.010136535814602965,0.00016627580443837102
x60_r28,3001,0.010482811272025666,0.00017614395119872363
x60_r28,3002,0.012535419536664264,0.0002165896037153071
x60_r28,3003,0.009897376896994398,0.0002762160781462277
x60_r28,3004,0.01186017223585614,0.00011978012886484636
x60_r28,3005,0.013246714222971625,0.00011272765884342844
x60_r28,3006,0.011817872122933306,0.0002767291997460029
x60_r28,3007,0.012705515555098187,0.000272491505808662
x60_r28,3008,0.012094896429752686,0.0001703690037373434
x60_r28,3009,0.011337371854697716,0.00021846406840706053
x60_r30,3000,0.010216781864208522,0.00023678226439949614
x60_r30,3001,0.009004119771482496,0.00030663551324928664
x60_r30,3002,0.008940642871392467,0.00022003252653453404
x60_r30,3003,0.009132241658315459,0.00017097791905860637
x60_r30,3004,0.008209755890986136,0.0001232620314122004
x60_r30,3005,0.00853827810188791,0.0002975879419574496
x60_r30,3006,0.009413248941172753,7.863275408030565e-05
x60_r30,3007,0.009137593508369084,0.00015878288820677923
x60_r30,3008,0.009600321743763553,6.649070437032889e-05
x60_r30,3009,0.007947218209587159,0.00016697710838146847
x60_r32,3000,0.0077938625652861125,0.00018338077645071996
x60_r32,3001,0.008973631044548775,0.0002741000406992371
x60_r32,3002,0.008878270403129284,0.00017836770910061392
x60_r32,3003,0.008794082297577435,0.00020920829763953228
x60_r32,3004,0.007642836779836087,0.00011252367934178262
x60_r32,3005,0.007922848581394889,0.00018477645995229621
x60_r32,3006,0.008320278636029034,0.00011644488874935917
x60_r32,3007,0.010534869430205696,0.00017132663486392374
x60_r32,3008,0.007149892121883632,9.453748838009203e-05
x60_r32,3009,0.01034343162555892,0.0001030458298319964
x60_r33,3000,0.0072833912802506015,0.00012896219975263448
x60_r33,3001,0.009251340324632453,0.00011034824648858401
x60_r33,3002,0.007798764790064938,6.293171816410477e-05
x60_r33,3003,0.006630053401564544,0.00012596476013795708
x60_r33,3004,0.007022811808735428,9.645727637606562e-05
x60_r33,3005,0.007678472927892374,0.00015262604741141523
x60_r33,3006,0.008013752890795263,0.00016516931484111708
x60_r33,3007,0.008007973049037349,7.62570716995884e-05
x60_r33,3008,0.00753910670403921,7.040550826785143e-05
x60_r33,3009,0.0071082889614808575,0.0002449064475059895
x60_r34,3000,0.006148324136041067,0.00014041328468506302
x60_r34,3001,0.007783195360052831,0.00021588293307078533
x60_r34,3002,0.0071950768587472356,9.700872715987179e-05
x60_r34,3003,0.007514997290283307,0.00013661412621827356
x60_r34,3004,0.007207072352373319,0.0002739801859942068
x60_r34,3005,0.005866741171314482,0.00010410738175578893
x60_r34,3006,0.0063764053698808455,0.00017562697122256978
x60_r34,3007,0.007110113506576087,0.0001740386377329336
x60_r34,3008,0.008599729435017512,0.00016378757771361572
x60_r34,3009,0.0069099441411653376,8.076099996273392e-05
