label,mean_D_m2_s,std_D_m2_s,sem_D_m2_s,pooled_D_m2_s,pooled_fit_error_m2_s,realizations
vacia,0.022318110321005245,0.001883067142391506,0.0005954781156981767,0.022317474218645696,0.0002147316601992372,10
x30_r05,0.02152489065120043,0.0026763618377721467,0.0008463399250114047,0.021525405604523914,0.00014815996222679513,10
x30_r10,0.0204372279218385,0.0021654602004898605,0.0006847786415992825,0.02043610367829524,0.0002461978886132979,10
x30_r15,0.019449059638037215,0.0014543416108102954,0.00045990319861186925,0.019448009614486523,0.00011754617924354507,10
x30_r20,0.017151219310798545,0.0013515875821014916,0.0004274095216640542,0.01715126473437395,0.0001776285933917942,10
x30_r25,0.014418110948003415,0.0013766829437498109,0.00043534537181548683,0.014418327894182854,0.00020633625023072646,10
x30_r28,0.01322631301844216,0.0012262614035633461,0.0003877779042015091,0.013226736184657018,0.00016590799843235404,10
x40_r05,0.020983950700263425,0.001934864127595949,0.0006118577606157849,0.020984269810856306,0.0002445878353660714,10
x40_r10,0.018927664124910367,0.0015418405992214362,0.0004875728082458575,0.018927764484751294,0.0001425731722594938,10
x40_r15,0.01826987399173022,0.0021853367365936103,0.0006910641542075244,0.018270703892542817,0.00011322045249834407,10
x40_r20,0.014509673239518541,0.0012504392258453308,0.0003954236029288932,0.014508928717584165,0.00021510502559279613,10
x40_r25,0.01303901602104671,0.0014936102370612682,0.00047232102856576455,0.013039746808452617,0.00015816700879522385,10
x40_r28,0.011809811611595037,0.0012817715211668203,0.00040533174468258766,0.011809850261878151,9.607340053871327e-05,10
x40_r30,0.011249830142346363,0.0011277120233021477,0.0003566138538391664,0.01125008876405288,0.00013410895464516635,10
x40_r32,0.009285658157827064,0.0009915516353410068,0.0003135561585342289,0.00928558391648657,0.0001289027180088258,10
x40_r33,0.009002515508697063,0.0008247379063321289,0.00026080502566881323,0.00900272097286068,0.00012433666689314843,10
x40_r34,0.008350978223383317,0.0009867342612675221,0.0003120327710929034,0.008350937711925487,0.00010298980803635468,10
x50_r05,0.021391992613299667,0.001859855296853144,0.0005881378856384526,0.02139189945828008,0.00035586001372425876,10
x50_r10,0.019199048669037204,0.0013982186981707806,0.0004421555753255173,0.019198895810982254,0.00021758046385387842,10
x50_r15,0.018489093577748788,0.0013945825314872155,0.00044100571845830864,0.018488487081703673,0.00018533773221591083,10
x50_r20,0.016064260749042946,0.0011133680305475413,0.00035207788505461554,0.01606423292484436,0.0001472992229558539,10
x50_r25,0.012202102327624543,0.0018065090245797662,0.0005712683131321164,0.012202206939469043,0.00023428725467486257,10
x50_r28,0.01169175223644025,0.0011763885970015745,0.00037200673799749013,0.011692002705116897,0.00019484257015257451,10
x50_r30,0.01004398686478004,0.0011860785771423822,0.00037507097877016526,0.010044229642059288,0.00018323436303977636,10
x50_r32,0.008204207115181075,0.0013088324348236094,0.0004138891569546486,0.008204591546080605,0.0001355170432718054,10
x50_r33,0.007828010113176664,0.0008529171953549414,0.0002697160992844401,0.007827902221618359,0.0001618272197950818,10
x50_r34,0.007509307143043662,0.0006439113036157337,0.00020362263305539333,0.007509333919371434,0.00011418574328684683,10
x60_r05,0.021414564041037996,0.002466417478199424,0.0007799496891958868,0.02141406526308496,0.0002639466635386787,10
x60_r10,0.019712799877793646,0.002824898597432464,0.0008933113726901667,0.019713079753346893,0.0002806471299815943,10
x60_r15,0.017395574735962753,0.001983190031166208,0.0006271397531425532,0.01739549673318856,0.0002026751573133043,10
x60_r20,0.015069947122780947,0.002081043670631583,0.0006580837909473058,0.015069120758430806,0.0001746064077453669,10
x60_r25,0.013118127489284587,0.0016994512343009366,0.0005374136672775429,0.013118328240315719,0.00019107255587792347,10
x60_r28,0.011611468594159695,0.00113163324337703,0.00035785385250350685,0.011611551322796483,0.00017340548019956236,10
x60_r30,0.009014020256116553,0.0006663112173161436,0.0002107061077238439,0.009014190966091174,0.00015373833982784636,10
x60_r32,0.008635400348544986,0.0011170921651099954,0.0003532555598076465,0.008635173009727645,0.00013775511199207125,10
x60_r33,0.0076333956138493015,0.0007240888938172197,0.00022897701328942273,0.007633265505802646,0.00010745399601756823,10
x60_r34,0.007071159962145202,0.0008087562906420757,0.0002557511950418081,0.007070872215008194,0.00012786647930701305,10
