slope_m2_s,squared_error
0.027604536429175076,0.008511329626800786
0.027714198126459352,0.008417757033445307
0.027823859823743625,0.0083247214394521
0.0279335215210279,0.008232222844821162
0.028043183218312177,0.00814026124955249
0.02815284491559645,0.008048836653646094
0.028262506612880725,0.007957949057101964
0.028372168310165,0.007867598459920104
0.028481830007449273,0.007777784862100515
0.02859149170473355,0.007688508263643194
0.028701153402017825,0.007599768664548144
0.028810815099302098,0.007511566064815365
0.028920476796586374,0.007423900464444853
0.02903013849387065,0.007336771863436611
0.029139800191154926,0.007250180261790639
0.029249461888439198,0.007164125659506939
0.029359123585723474,0.007078608056585506
0.02946878528300775,0.006993627453026343
0.029578446980292022,0.006909183848829452
0.0296881086775763,0.006825277243994829
0.029797770374860574,0.0067419076385224755
0.029907432072144847,0.0066590750324123935
0.030017093769429123,0.00657677942566458
0.0301267554667134,0.0064950208182790355
0.03023641716399767,0.006413799210255762
0.030346078861281947,0.0063331146015947574
0.030455740558566223,0.006252966992296022
0.0305654022558505,0.006173356382359557
0.03067506395313477,0.006094282771785363
0.030784725650419047,0.006015746160573438
0.03089438734770332,0.005937746548723783
0.031004049044987596,0.0058602839362363966
0.03111371074227187,0.00578335832311128
0.031223372439556148,0.0057069697093484325
0.031333034136840424,0.005631118094947855
0.03144269583412469,0.005555803479909552
0.03155235753140897,0.005481025864233514
0.031662019228693244,0.005406785247919746
0.03177168092597752,0.005333081630968248
0.031881342623261796,0.005259915013379019
0.03199100432054607,0.00518728539515206
0.03210066601783035,0.0051151927762873705
0.03221032771511462,0.005043637156784957
0.03231998941239889,0.004972618536644805
0.03242965110968317,0.004902136915866925
0.032539312806967445,0.004832192294451315
0.03264897450425172,0.004762784672397975
0.032758636201536,0.004693914049706904
0.032868297898820266,0.004625580426378108
0.03297795959610454,0.004557783802411577
0.03308762129338882,0.004490524177807315
0.033197282990673094,0.004423801552565323
0.03330694468795737,0.004357615926685601
0.033416606385241646,0.004291967300168149
0.033526268082525915,0.00422685567301297
0.03363592977981019,0.004162281045220058
0.033745591477094466,0.004098243416789415
0.03385525317437874,0.004034742787721041
0.03396491487166302,0.003971779158014936
0.034074576568947294,0.0039093525276711035
0.03418423826623157,0.0038474628966895397
0.03429389996351584,0.0037861102650702484
0.034403561660800115,0.003725294632813224
0.03451322335808439,0.0036650159999184694
0.03462288505536867,0.0036052743663859835
0.03473254675265294,0.0035460697322157687
0.03484220844993721,0.003487402097407827
0.03495187014722149,0.00342927146196215
0.035061531844505764,0.003371677825878744
0.03517119354179004,0.0033146211891576073
0.035280855239074316,0.0032581015517987406
0.03539051693635859,0.003202118913802144
0.03550017863364287,0.003146673275167817
0.03560984033092714,0.0030917646358957634
0.03571950202821141,0.003037392995985975
0.03582916372549569,0.002983558355438457
0.035938825422779964,0.002930260714253209
0.03604848712006424,0.00287750007243023
0.036158148817348516,0.0028252764299695208
0.03626781051463279,0.002773589786871082
0.03637747221191706,0.0027224401431349167
0.03648713390920134,0.0026718274987610167
0.03659679560648561,0.0026217518537493866
0.03670645730376989,0.0025722132081000266
0.036816119001054165,0.0025232115618129365
0.036925780698338434,0.002474746914888119
0.03703544239562272,0.0024268192673255647
0.037145104092906986,0.002379428619125287
0.03725476579019126,0.0023325749702872755
0.03736442748747554,0.0022862583208115342
0.037474089184759814,0.002240478670698062
0.03758375088204409,0.00219523601994686
0.03769341257932836,0.00215053036855793
0.037803074276612635,0.0021063617165312676
0.03791273597389691,0.0020627300638668745
0.038022397671181186,0.002019635410564751
0.03813205936846546,0.001977077756624898
0.03824172106574974,0.0019350571020473142
0.038351382763034014,0.0018935734468320004
0.03846104446031828,0.0018526267909789586
0.03857070615760256,0.0018122171344881841
0.038680367854886835,0.0017723444773596795
0.03879002955217111,0.0017330088195934444
0.03889969124945539,0.0016942101611894791
0.039009352946739656,0.001655948502147786
0.03911901464402394,0.001618223842468358
0.03922867634130821,0.0015810361821512043
0.039338338038592484,0.001544385521196318
0.03944799973587676,0.0015082718596037014
0.039557661433161036,0.0014726951973733546
0.03966732313044531,0.0014376555345052776
0.03977698482772958,0.0014031528709994724
0.03988664652501386,0.0013691872068559347
0.03999630822229813,0.001335758542074667
0.04010596991958241,0.0013028668766556688
0.040215631616866684,0.0012705122105989403
0.04032529331415096,0.0012386945439044816
0.040434955011435236,0.001207413876572293
0.040544616708719505,0.0011766702086023757
0.04065427840600378,0.0011464635399947264
0.04076394010328806,0.0011167938707493466
0.04087360180057233,0.0010876612008662366
0.04098326349785661,0.0010590655303453966
0.04109292519514088,0.0010310068591868277
0.04120258689242516,0.0010034851873905255
0.04131224858970943,0.0009765005149564961
0.041421910286993706,0.0009500528418847353
0.04153157198427798,0.0009241421681752435
0.04164123368156226,0.0008987684938280216
0.041750895378846534,0.0008739318188430697
0.0418605570761308,0.0008496321432203889
0.04197021877341508,0.0008258694669599765
0.042079880470699355,0.0008026437900618337
0.04218954216798363,0.0007799551125259607
0.042299203865267906,0.0007578034343523576
0.04240886556255218,0.0007361887555410241
0.04251852725983646,0.00071511107609196
0.04262818895712073,0.0006945703960051674
0.042737850654405,0.000674566715280643
0.04284751235168928,0.0006551000339183884
0.042957174048973555,0.0006361703519184036
0.04306683574625783,0.0006177776692806885
0.0431764974435421,0.0005999219860052445
0.04328615914082638,0.0005826033020920676
0.04339582083811065,0.0005658216175411628
0.04350548253539493,0.0005495769323525268
0.043615144232679204,0.0005338692465261603
0.04372480592996347,0.0005186985600620646
0.043834467627247756,0.0005040648729602367
0.043944129324532025,0.0004899681852206805
0.04405379102181631,0.0004764084968433923
0.04416345271910058,0.0004633858078283754
0.04427311441638485,0.0004509001181756274
0.04438277611366913,0.0004389514278851492
0.0444924378109534,0.00042753973695694144
0.04460209950823768,0.00041666504539100203
0.04471176120552195,0.0004063273531873338
0.044821422902806225,0.00039652666034593447
0.0449310846000905,0.000387262966866805
0.04504074629737478,0.0003785362727499453
0.04515040799465905,0.0003703465779953553
0.04526006969194332,0.0003626938826030355
0.045369731389227605,0.00035557818657298444
0.045479393086511874,0.0003489994899052042
0.04558905478379615,0.00034295779259969314
0.045698716481080426,0.00033745309465645177
0.045808378178364695,0.0003324853960754804
0.04591803987564898,0.0003280546968567784
0.04602770157293325,0.0003241609970003465
0.04613736327021753,0.0003208042965061839
0.0462470249675018,0.00031798459537429175
0.046356686664786075,0.0003157018936046688
0.04646634836207035,0.0003139561911973158
0.04657601005935462,0.00031274748815223233
0.0466856717566389,0.0003120757844694187
0.04679533345392317,0.0003119410801488747
0.04690499515120745,0.0003123433751906005
0.04701465684849172,0.0003132826695945963
0.047124318545776,0.00031475896336086157
0.047233980243060275,0.00031677225648939683
0.047343641940344544,0.0003193225489802013
0.04745330363762883,0.0003224098408332763
0.047562965334913096,0.0003260341320486202
0.04767262703219737,0.00033019542262623406
0.04778228872948165,0.00033489371256611815
0.04789195042676592,0.000340129001868271
0.0480016121240502,0.0003459012905326948
0.04811127382133447,0.00035221057855938735
0.04822093551861875,0.00035905686594835074
0.04833059721590302,0.0003664401526995826
0.0484402589131873,0.00037436043881308484
0.04854992061047157,0.00038281772428885684
0.04865958230775584,0.000391812009126898
0.048769244005040124,0.00040134329332721025
0.04887890570232439,0.0004114115768897906
0.04898856739960867,0.0004220168598146413
0.049098229096892945,0.00043315914210176223
0.04920789079417722,0.0004448384237511526
0.0493175524914615,0.0004570547047628128
0.049427214188745766,0.00046980798513674175
0.04953687588603005,0.00048309826487294254
0.04964653758331432,0.0004969255439714109
0.049756199280598594,0.00051128982243215
0.04986586097788287,0.000526191100255159
0.04997552267516714,0.0005416293774404368
0.05008518437245142,0.0005576046539879857
0.05019484606973569,0.000574116929897803
0.050304507767019974,0.000591166205169892
0.05041416946430424,0.0006087524798042481
0.05052383116158852,0.0006268757538008753
0.050633492858872794,0.0006455360271597726
0.050743154556157063,0.0006647332998809383
0.050852816253441346,0.0006844675719643758
0.050962477950725615,0.0007047388434100809
0.05107213964800989,0.0007255471142180571
0.05118180134529417,0.0007468923843883031
0.05129146304257844,0.0007687746539208182
0.05140112473986272,0.0007911939228156034
0.05151078643714699,0.0008141501910726573
0.05162044813443127,0.0008376434586919833
0.05173010983171554,0.0008616737256735763
0.051839771528999816,0.0008862409920174403
0.05194943322628409,0.0009113452577235743
0.05205909492356836,0.0009369865227919764
0.052168756620852644,0.0009631647872226519
0.05227841831813691,0.0009898800510155933
0.05238808001542119,0.001017132314170806
0.052497741712705465,0.0010449215766882886
0.05260740340998974,0.0010732478385680417
0.052717065107274017,0.001102111099810063
0.052826726804558286,0.0011315113604143526
0.05293638850184257,0.0011614486203809166
0.05304605019912684,0.0011919228797097467
0.05315571189641111,0.0012229341384008476
0.05326537359369539,0.0012544823964542179
0.053375035290979665,0.0012865676538698586
0.05348469698826394,0.0013191899106477691
0.05359435868554821,0.001352349166787947
0.05370402038283249,0.0013860454222903989
0.05381368208011676,0.0014202786771551163
0.05392334377740104,0.0014550489313821056
0.054033005474685314,0.001490356184971365
0.05414266717196958,0.0015262004379228912
0.054252328869253866,0.001562581690236692
0.054361990566538135,0.0015994999419127575
0.05447165226382241,0.001636955192951096
0.05458131396110669,0.0016749474433517039
0.05469097565839096,0.0017134766931145814
0.05480063735567524,0.0017525429422397285
0.05491029905295951,0.001792146190727143
0.05501996075024379,0.001832286438576832
0.05512962244752806,0.0018729636857887858
0.055239284144812335,0.0019141779323630119
0.05534894584209661,0.001955929178299508
0.05545860753938089,0.001998217423598274
0.05556826923666516,0.002041042668259309
0.05567793093394943,0.002084404912282611
0.055787592631233715,0.00212830415566819
0.055897254328517984,0.0021727403984160313
0.05600691602580226,0.0022177136405261448
0.056116577723086536,0.0022632238819985293
0.056226239420370805,0.00230927112283318
0.05633590111765509,0.0023558553630301073
0.05644556281493936,0.0024029766025892973
0.05655522451222363,0.0024506348415107605
0.05666488620950791,0.0024988300797944936
0.056774547906792185,0.002547562317440496
0.05688420960407646,0.002596831554448768
0.05699387130136073,0.002646637790819307
0.05710353299864501,0.0026969810265521223
0.05721319469592928,0.0027478612616472003
0.05732285639321356,0.002799278496104551
0.05743251809049783,0.002851232729924172
0.05754217978778211,0.002903723963106063
0.057651841485066385,0.0029567521956502243
0.057761503182350654,0.003010317427556651
0.05787116487963494,0.0030644196588253537
0.057980826576919206,0.0031190588894563194
0.05809048827420348,0.00317423511944956
0.05820014997148776,0.0032299483488050693
0.05830981166877203,0.003286198577522845
0.05841947336605631,0.0033429858056028957
0.05852913506334058,0.003400310033045212
0.058638796760624855,0.0034581712598497996
0.05874845845790913,0.0035165694860166577
0.05885812015519341,0.0035755047115457847
0.05896778185247768,0.003634976936437182
0.05907744354976196,0.00369498616069085
0.05918710524704623,0.0037555323843067832
0.0592967669443305,0.00381661560728499
0.05940642864161478,0.0038782358296254663
0.059516090338899055,0.003940393051328212
0.05962575203618333,0.004003087272393228
0.05973541373346761,0.004066318492820513
0.059845075430751876,0.004130086712610064
0.05995473712803615,0.00419439193176189
0.06006439882532043,0.004259234150275985
0.060174060522604704,0.0043246133681523495
0.06028372221988898,0.004390529585390984
0.060393383917173256,0.004456982801991888
0.06050304561445753,0.004523973017955062
0.0606127073117418,0.0045915002332805
0.06072236900902608,0.0046595644479682135
0.06083203070631035,0.004728165662018197
0.06094169240359463,0.00479730387543045
0.061051354100878905,0.004866979088204972
0.06116101579816318,0.004937191300341764
0.06127067749544745,0.00500794051184082
0.061380339192731725,0.0050792267227021525
0.061490000890016,0.005151049932925755
0.06159966258730028,0.005223410142511627
0.06170932428458455,0.005296307351459768
0.06181898598186883,0.005369741559770178
0.0619286476791531,0.005443712767442854
0.062038309376437374,0.005518220974477803
0.06214797107372165,0.005593266180875023
0.062257632771005926,0.005668848386634513
0.0623672944682902,0.005744967591756273
0.06247695616557448,0.005821623796240301
0.06258661786285875,0.0058988170000866
0.06269627956014302,0.005976547203295163
0.0628059412574273,0.006054814405866008
0.06291560295471157,0.006133618607799109
0.06302526465199584,0.006212959809094485
0.06313492634928013,0.006292838009752136
0.06324458804656441,0.006373253209772059
0.06335424974384868,0.006454205409154241
0.06346391144113295,0.006535694607898691
0.06357357313841722,0.006617720806005416
0.0636832348357015,0.006700284003474414
0.06379289653298578,0.006783384200305687
0.06390255823027005,0.006867021396499217
0.06401221992755432,0.006951195592055018
0.06412188162483859,0.007035906786973087
0.06423154332212287,0.007121154981253436
0.06434120501940715,0.007206940174896056
0.06445086671669142,0.007293262367900934
0.06456052841397569,0.007380121560268085
0.06467019011125998,0.007467517751997515
0.06477985180854424,0.007555450943089202
0.06488951350582853,0.007643921133543171
0.0649991752031128,0.007732928323359398
0.06510883690039707,0.007822472512537895
0.06521849859768135,0.007912553701078674
0.06532816029496563,0.008003171888981725
0.0654378219922499,0.008094327076247028
0.06554748368953417,0.008186019262874607
0.06565714538681844,0.008278248448864451
0.06576680708410272,0.00837101463421658
0.065876468781387,0.008464317818930976
0.06598613047867127,0.00855815800300763
0.06609579217595554,0.008652535186446556
0.06620545387323981,0.008747449369247748
0.0663151155705241,0.008842900551411226
0.06642477726780838,0.00893888873293697
0.06653443896509265,0.009035413913824973
0.06664410066237691,0.009132476094075248
0.0667537623596612,0.009230075273687804
0.06686342405694547,0.009328211452662615
0.06697308575422975,0.00942688463099971
0.06708274745151402,0.009526094808699063
0.06719240914879829,0.009625841985760683
0.06730207084608257,0.009726126162184587
0.06741173254336685,0.009826947337970762
0.06752139424065112,0.009928305513119191
0.06763105593793539,0.010030200687629894
0.06774071763521966,0.010132632861502865
0.06785037933250394,0.010235602034738117
0.06796004102978823,0.01033910820733564
0.0680697027270725,0.01044315137929542
0.06817936442435676,0.010547731550617468
0.06828902612164103,0.010652848721301787
0.06839868781892532,0.010758502891348387
0.0685083495162096,0.010864694060757258
0.06861801121349387,0.010971422229528389
0.06872767291077814,0.011078687397661786
0.06883733460806242,0.011186489565157467
0.06894699630534669,0.011294828732015403
0.06905665800263097,0.011403704898235622
0.06916631969991524,0.011513118063818101
0.06927598139719951,0.011623068228762847
0.06938564309448379,0.011733555393069877
0.06949530479176808,0.011844579556739177
0.06960496648905234,0.011956140719770731
0.06971462818633661,0.012068238882164555
0.06982428988362088,0.01218087404392065
0.06993395158090517,0.012294046205039027
0.07004361327818945,0.012407755365519677
0.07015327497547372,0.012522001525362583
0.07026293667275799,0.012636784684567755
0.07037259837004226,0.012752104843135199
0.07048226006732654,0.012867962001064926
0.07059192176461082,0.01298435615835692
0.07070158346189509,0.013101287315011177
0.07081124515917936,0.013218755471027698
0.07092090685646364,0.013336760626406504
0.07103056855374791,0.013455302781147569
0.0711402302510322,0.013574381935250911
0.07124989194831646,0.013693998088716512
0.07135955364560073,0.013814151241544384
0.07146921534288501,0.01393484139373454
