lag_seconds,msd_m2,std_m2
0.032610354207566666,0.0009896521231706496,0.00025527618719568005
0.07196927599466667,0.0034524422821082417,0.0003397951488118791
0.12420558064333334,0.007813278055575443,0.0007222963777605468
0.17576136323333333,0.012663027033302559,0.0011968232472087642
0.22537703786666663,0.017587375113659848,0.0012165275958146364
0.2731978642683333,0.022249650573851608,0.0018701144026545642
0.32536751124833335,0.026937144086362115,0.0019228486330691368
0.37193896773000007,0.030680800555337312,0.002649643620956277
0.42397158821833336,0.03443611003636994,0.0031763239367626856
0.47268302634166676,0.037800087841935656,0.0031820283318835436
0.5241560348333334,0.04151153135245491,0.003584849383746676
0.5740508182316666,0.0449442947905867,0.004386364713071438
0.6249441706266666,0.04855046569451285,0.0050972458786505935
0.676848491655,0.05152700819604139,0.005829653946816899
0.7274543525966666,0.05467220277851317,0.006028587235804104
0.7744204444916666,0.057643877057034165,0.006222011344449096
0.8266324377083334,0.060588621847157444,0.006759966613542893
0.8755300194083333,0.06331739316988844,0.007853473612196371
0.9249586527250001,0.06570213287326764,0.008233465544331069
0.9740759916116666,0.06835036285383975,0.00875570435608244
1.0256410565,0.07108886682521603,0.009066288649739766
1.07698373875,0.07442786593371324,0.009304380425287624
1.1257437446166667,0.07790245002739242,0.009862677822830936
1.1783225019166668,0.08143651167225394,0.01042702385161914
1.2269212523333333,0.08447175144907876,0.01087551746786746
1.2763492609999998,0.0872523684823524,0.01146319002856984
1.3248788619999998,0.0896443233861112,0.011800673441161213
1.37327093035,0.09204738653758679,0.01234409147462699
1.4234889918333336,0.09365029784559217,0.013258741956106884
1.4746027459166668,0.09539507737615086,0.01338499736775556
1.5268935321333335,0.09762876515435312,0.013864877645596933
1.5761690643333335,0.09960798262533734,0.014747047181037528
1.6234550490833335,0.10121356255932727,0.015495892922083665
1.6737581221666669,0.10368877919024584,0.016051070920433456
1.7242405677500003,0.10608092976389723,0.016553292170072332
1.7739815103333334,0.10779992634661921,0.017459093429166683
1.82506155375,0.11037469634684556,0.018631742764953975
1.8731618426333334,0.11319318334013491,0.019162737581573087
1.9260237820833335,0.11585764630557618,0.01903923215542982
1.9765148729166668,0.1172786514158376,0.017621803436475292
2.0247183979166667,0.11861491566945034,0.016859871873709995
2.075856978583333,0.12059022997236582,0.016884311434071438
2.1282185665,0.12292863924717763,0.017861908305448617
2.1736994638333336,0.1249761995531529,0.017976088714933596
2.2251540204999998,0.12691391406430758,0.017934135179932496
2.277344795166667,0.12942650215680515,0.01922228431299765
2.3250514860833333,0.13188644832344004,0.02032466216975919
2.3756285652499995,0.13416928264560107,0.020991230377519852
2.4237267010833334,0.13487254416643193,0.02156228266715481
2.474743701166667,0.13700720657184712,0.022657015889918537
2.52535715,0.13872643271566662,0.02306705747642559
2.5744301936666667,0.14043132332550845,0.022833183519801115
2.6268286043333333,0.14241095479607968,0.02271726941635506
2.67419306225,0.14354350111700065,0.02123742489460953
2.7228188979166665,0.14385403030017735,0.02042266445259396
2.775575963,0.1443460965631868,0.02106712299038867
2.827142819,0.14514067628170818,0.021332283459631205
2.875506752166666,0.1460938942675974,0.020708312885162818
2.9231905798833338,0.14768695016393246,0.019375537282477304
2.9752736929833334,0.14944652448507204,0.018984407274526976
