particle_count,layout,seed,finished,events,runtime_seconds
10,random,1000,1,587,0.000284397
10,random,1001,1,589,0.000300381
10,random,1002,1,583,0.00029383
10,random,1003,1,574,0.000278862
10,random,1004,1,588,0.000295122
10,random,1005,1,574,0.000292617
10,random,1006,1,593,0.000340004
10,random,1007,1,569,0.00028638
10,random,1008,1,583,0.000291381
10,random,1009,1,610,0.000298645
25,random,1000,1,2199,0.0022919
25,random,1001,1,2154,0.00223612
25,random,1002,1,2134,0.00223326
25,random,1003,1,2141,0.00219932
25,random,1004,1,2233,0.00236004
25,random,1005,1,2156,0.00224811
25,random,1006,1,2081,0.00219234
25,random,1007,1,2141,0.00222563
25,random,1008,1,2110,0.00218569
25,random,1009,1,2139,0.00223849
50,random,1000,1,6716,0.0120732
50,random,1001,1,6760,0.0116131
50,random,1002,1,6870,0.0115043
50,random,1003,1,6872,0.011935
50,random,1004,1,6727,0.0114168
50,random,1005,1,6714,0.0112106
50,random,1006,1,6918,0.0118531
50,random,1007,1,6831,0.0114613
50,random,1008,1,6736,0.0113395
50,random,1009,1,6871,0.0134552
75,random,1000,1,14275,0.0394322
75,random,1001,1,14290,0.0361855
75,random,1002,1,14276,0.0352459
75,random,1003,1,14555,0.0383191
75,random,1004,1,14432,0.0357523
75,random,1005,1,14441,0.0355085
75,random,1006,1,14282,0.0367455
75,random,1007,1,14418,0.0358722
75,random,1008,1,14335,0.0351904
75,random,1009,1,14267,0.036766
100,random,1000,1,25192,0.0839639
100,random,1001,1,25359,0.0843695
100,random,1002,1,25314,0.0844626
100,random,1003,1,25207,0.0846265
100,random,1004,1,25528,0.0854568
100,random,1005,1,25394,0.0838766
100,random,1006,1,25219,0.0832841
100,random,1007,1,25380,0.0834487
100,random,1008,1,25277,0.0820936
100,random,1009,1,25271,0.0833051
150,random,1000,1,59683,0.301576
150,random,1001,1,60076,0.300555
150,random,1002,1,59595,0.291831
150,random,1003,1,60140,0.296613
150,random,1004,1,59314,0.293485
150,random,1005,1,59499,0.290539
150,random,1006,1,60012,0.295663
150,random,1007,1,59753,0.297072
150,random,1008,1,59755,0.294932
150,random,1009,1,59809,0.295841
200,random,1000,1,115715,0.785499
200,random,1001,1,115297,0.777425
200,random,1002,1,115835,0.773279
200,random,1003,1,115640,0.771305
200,random,1004,1,115549,0.769686
200,random,1005,1,115731,0.769723
200,random,1006,1,115419,0.778771
200,random,1007,1,115457,0.812128
200,random,1008,1,116261,0.784629
200,random,1009,1,115082,0.787897
250,random,1000,1,202669,1.77872
250,random,1001,1,202023,1.8182
250,random,1002,1,201574,1.76294
250,random,1003,1,201837,1.81937
250,random,1004,1,201424,1.75071
250,random,1005,1,202173,1.92608
250,random,1006,1,201956,1.78079
250,random,1007,1,201876,1.77786
250,random,1008,1,202629,1.77264
250,random,1009,1,201778,1.76432
300,random,1000,1,331062,3.66165
300,random,1001,1,330890,3.75879
300,random,1002,1,331361,3.91366
300,random,1003,1,330797,3.74905
300,random,1004,1,329902,3.71703
300,random,1005,1,331048,3.66048
300,random,1006,1,330391,3.68857
300,random,1008,1,331309,3.75946
300,random,1009,1,331025,3.99848
350,random,1000,1,524043,8.06563
350,random,1001,1,523410,7.35458
350,random,1003,1,524884,7.68525
350,random,1004,1,523214,7.33306
350,random,1005,1,524199,7.71498
350,random,1006,1,524104,7.39665
350,random,1007,1,523259,7.38805
350,random,1008,1,523947,7.95933
350,random,1009,1,524893,7.53891
400,random,1000,1,811131,15.4739
400,random,1001,1,810655,16.0699
400,random,1002,1,809647,15.8776
400,random,1003,1,810013,15.1223
400,random,1004,1,810814,15.5517
400,random,1005,1,808741,15.8852
400,random,1006,1,811259,15.8473
400,random,1007,1,810906,15.1945
400,random,1008,1,809466,15.5463
400,random,1009,1,809850,15.0668
450,triangular,1000,1,1244574,28.408
450,triangular,1001,1,1247339,28.2329
450,triangular,1002,1,1246749,28.5696
450,triangular,1003,1,1244797,28.1679
450,triangular,1004,1,1245523,28.484
450,triangular,1005,1,1243222,27.8957
450,triangular,1006,1,1246351,28.7848
450,triangular,1007,1,1243300,28.298
450,triangular,1008,1,1244971,28.3662
450,triangular,1009,1,1245162,28.0271
500,triangular,1000,1,1924112,55.7607
500,triangular,1001,1,1924483,55.9059
500,triangular,1002,1,1924684,56.0248
500,triangular,1003,1,1924141,56.1331
500,triangular,1004,1,1924033,55.9074
500,triangular,1005,1,1925216,55.9626
500,triangular,1006,1,1923562,56.6306
500,triangular,1007,1,1925070,55.4916
500,triangular,1008,1,1923410,54.985
500,triangular,1009,1,1926822,55.3619
550,triangular,1000,1,2968174,111.409
550,triangular,1001,1,2963783,109.103
550,triangular,1002,1,2958535,107.297
550,triangular,1003,1,2965580,106.041
550,triangular,1004,1,2969295,106.792
550,triangular,1005,1,2957126,105.348
550,triangular,1006,1,2961503,105.894
550,triangular,1007,1,2953391,106.265
550,triangular,1008,1,2955060,109.892
550,triangular,1009,1,2968675,106.097
600,triangular,1000,1,3993419,170.529
600,triangular,1001,1,3982440,168.417
600,triangular,1002,1,4000036,168.516
600,triangular,1003,1,4003898,170.468
600,triangular,1004,1,4006061,170.5
600,triangular,1005,1,3973056,167.894
600,triangular,1006,1,3991542,168.688
600,triangular,1007,1,3995956,168.083
600,triangular,1008,1,4011349,175.588
600,triangular,1009,1,3993269,174.183
625,triangular,1000,1,5046200,237.771
625,triangular,1001,1,5028762,252.755
625,triangular,1002,1,5036354,239.414
625,triangular,1003,1,5002604,241.328
625,triangular,1004,1,5007041,240.104
625,triangular,1005,1,5067122,260.02
625,triangular,1006,1,5011606,239.276
625,triangular,1007,1,5038687,259.449
625,triangular,1008,1,5018898,258.845
625,triangular,1009,1,5021117,251.325
650,triangular,1001,1,6689358,358.851
650,triangular,1002,1,6676340,346.237
650,triangular,1003,1,6765206,350.407
650,triangular,1004,1,6746564,361.058
650,triangular,1005,1,6788212,357.649
650,triangular,1006,1,6890254,366.811
650,triangular,1007,1,6786286,368.32
650,triangular,1008,1,6781833,350.76
650,triangular,1009,1,6745571,350.494
675,triangular,1000,1,9467525,553.951
675,triangular,1001,1,9922088,585.961
675,triangular,1002,1,9642779,562.641
675,triangular,1003,1,9711926,564.634
675,triangular,1004,1,9564598,553.357
675,triangular,1005,1,9591945,557.054
675,triangular,1006,1,9923304,581.732
675,triangular,1007,1,9798131,571.906
675,triangular,1008,1,9682360,564.479
675,triangular,1009,1,9857483,574.719
700,triangular,1000,0,,600.0
700,triangular,1001,0,,600.0
300,random,1007,1,331415,3.5493
350,random,1002,1,523862,7.10437
430,random,1000,1,1050340,21.9934
430,random,1001,1,1048983,22.2963
430,random,1002,1,1049775,21.8648
430,random,1003,1,1050213,21.8703
430,random,1004,1,1049494,22.3167
430,random,1005,1,1050990,21.892
430,random,1006,1,1049896,22.2718
430,random,1007,1,1050691,21.8945
430,random,1008,1,1049461,22.3457
430,random,1009,1,1050901,21.9721
650,triangular,1000,1,6731180,354.643
