label,x_m,radius_m,realizations,reached,mean_t90_seconds,std_t90_seconds,sem_t90_seconds,mean_goals_at_end
vacia,,,15,15,21.829914393333336,2.6241622829198326,0.6775557879662765,99.93333333333334
x30_r05,0.3,0.05,15,15,22.976253913333334,3.1022703409161667,0.8010027577201012,100.0
x30_r10,0.3,0.1,15,15,21.733485846666667,1.6231797557526755,0.41910321079540896,100.0
x30_r15,0.3,0.15,15,15,23.161228246666667,3.646407092408367,0.9414982628260143,100.0
x30_r20,0.3,0.2,15,15,27.60666219333333,3.579246384647698,0.924157442647576,100.0
x30_r25,0.3,0.25,15,15,29.78895124,2.8350993784434597,0.7320195118369679,99.86666666666666
x30_r28,0.3,0.28,15,15,37.960089993333334,3.8931097695099877,1.0051966201513052,99.66666666666667
x40_r05,0.4,0.05,15,15,23.332243833333333,3.5736773168775393,0.9227195155323943,100.0
x40_r10,0.4,0.1,15,15,21.993446086666665,2.4416218233030182,0.6304240439592785,100.0
x40_r15,0.4,0.15,15,15,20.87275706666667,2.599841754519262,0.6712762545351848,100.0
x40_r20,0.4,0.2,15,15,21.728653899999998,2.2049955976507465,0.5693274152108008,100.0
x40_r25,0.4,0.25,15,15,23.046276026666664,2.4303198209406593,0.6275058794973977,100.0
x40_r28,0.4,0.28,15,15,24.44290030666667,2.4681047679163526,0.637261910855677,99.93333333333334
x40_r30,0.4,0.3,15,15,25.158984280000002,2.351467706660544,0.6071463511360555,100.0
x40_r32,0.4,0.32,15,15,26.914391939999998,3.0133748595112504,0.7780500431178125,99.93333333333334
x40_r33,0.4,0.33,15,15,27.166472266666666,5.490265911543829,1.4175805627773022,99.93333333333334
x40_r34,0.4,0.34,15,15,26.708671873333333,2.5767959173800277,0.6653258449725407,100.0
x50_r05,0.5,0.05,15,15,22.30634784,3.368357587279279,0.8697061893069362,100.0
x50_r10,0.5,0.1,15,15,21.195965853333334,1.8372497227460418,0.47437583860130755,100.0
x50_r15,0.5,0.15,15,15,21.18701634,1.9650028052704993,0.5073615426709,100.0
x50_r20,0.5,0.2,15,15,19.385889193333334,2.6068630821109027,0.6730891535238975,100.0
x50_r25,0.5,0.25,15,15,18.673105626666665,2.520362051496531,0.6507546834572816,100.0
x50_r28,0.5,0.28,15,15,18.721193346666666,1.9973116121295604,0.515703640730965,100.0
x50_r30,0.5,0.3,15,15,18.974143480000002,1.394483192073244,0.3600540119643888,100.0
x50_r32,0.5,0.32,15,15,19.07182926,2.4363387450193392,0.6290599590119853,100.0
x50_r33,0.5,0.33,15,15,18.429689380000003,2.3810925986101408,0.6147954653463211,100.0
x50_r34,0.5,0.34,15,15,18.920498586666668,2.202648566790398,0.5687214144484565,100.0
x60_r05,0.6,0.05,15,15,20.99309362,2.9602921336727155,0.7643441422415498,100.0
x60_r10,0.6,0.1,15,15,21.43003712,3.040684525913871,0.7851013686623344,100.0
x60_r15,0.6,0.15,15,15,20.4984529,2.099938143854087,0.5422016972808397,100.0
x60_r20,0.6,0.2,15,15,19.18128812666667,2.4088945169991516,0.6219738898072049,100.0
x60_r25,0.6,0.25,15,15,17.24970343333333,1.5983016907608016,0.41267972203544945,100.0
x60_r28,0.6,0.28,15,15,17.23060962,2.365970842236517,0.6108910446396244,100.0
x60_r30,0.6,0.3,15,15,16.574164606666667,1.755978434499065,0.45339168220761666,100.0
x60_r32,0.6,0.32,15,15,15.674725693333333,2.183582128200153,0.5637984811730228,100.0
x60_r33,0.6,0.33,15,15,16.293675466666667,1.7627473274092753,0.4551394028418504,100.0
x60_r34,0.6,0.34,15,15,15.152572393333333,1.7339758358000554,0.44771063565198005,100.0
