label,x_m,radius_m,seed,reached,t90_seconds,goals_at_end
vacia,,,2000,1,22.2092286,100
vacia,,,2001,1,25.6959617,100
vacia,,,2002,1,19.9376663,100
vacia,,,2003,1,22.5197687,100
vacia,,,2004,1,21.2701435,100
vacia,,,2005,1,21.8529499,100
vacia,,,2006,1,18.2673334,100
vacia,,,2007,1,24.0241598,100
vacia,,,2008,1,19.2632099,100
vacia,,,2009,1,25.0204291,99
vacia,,,2010,1,15.9193812,100
vacia,,,2011,1,22.318656,100
vacia,,,2012,1,21.8440575,100
vacia,,,2013,1,22.9999523,100
vacia,,,2014,1,24.305818,100
x30_r05,0.3,0.05,2000,1,21.1538215,100
x30_r05,0.3,0.05,2001,1,22.7025634,100
x30_r05,0.3,0.05,2002,1,20.4988259,100
x30_r05,0.3,0.05,2003,1,21.1525876,100
x30_r05,0.3,0.05,2004,1,20.5039128,100
x30_r05,0.3,0.05,2005,1,23.4080546,100
x30_r05,0.3,0.05,2006,1,19.1117662,100
x30_r05,0.3,0.05,2007,1,22.6287377,100
x30_r05,0.3,0.05,2008,1,27.7528246,100
x30_r05,0.3,0.05,2009,1,21.2483983,100
x30_r05,0.3,0.05,2010,1,22.1777565,100
x30_r05,0.3,0.05,2011,1,21.4299173,100
x30_r05,0.3,0.05,2012,1,26.1410178,100
x30_r05,0.3,0.05,2013,1,30.7671067,100
x30_r05,0.3,0.05,2014,1,23.9665178,100
x30_r10,0.3,0.1,2000,1,20.9233056,100
x30_r10,0.3,0.1,2001,1,21.1878661,100
x30_r10,0.3,0.1,2002,1,22.0652206,100
x30_r10,0.3,0.1,2003,1,21.6299187,100
x30_r10,0.3,0.1,2004,1,24.9454449,100
x30_r10,0.3,0.1,2005,1,19.4078,100
x30_r10,0.3,0.1,2006,1,22.47218,100
x30_r10,0.3,0.1,2007,1,22.2672359,100
x30_r10,0.3,0.1,2008,1,20.178191,100
x30_r10,0.3,0.1,2009,1,22.0991064,100
x30_r10,0.3,0.1,2010,1,20.3026384,100
x30_r10,0.3,0.1,2011,1,19.6617728,100
x30_r10,0.3,0.1,2012,1,22.8872449,100
x30_r10,0.3,0.1,2013,1,21.2713067,100
x30_r10,0.3,0.1,2014,1,24.7030557,100
x30_r15,0.3,0.15,2000,1,24.9969853,100
x30_r15,0.3,0.15,2001,1,25.5017769,100
x30_r15,0.3,0.15,2002,1,24.7856585,100
x30_r15,0.3,0.15,2003,1,23.5003934,100
x30_r15,0.3,0.15,2004,1,17.700906,100
x30_r15,0.3,0.15,2005,1,17.2785266,100
x30_r15,0.3,0.15,2006,1,24.3805615,100
x30_r15,0.3,0.15,2007,1,28.9209737,100
x30_r15,0.3,0.15,2008,1,18.3564372,100
x30_r15,0.3,0.15,2009,1,23.4680065,100
x30_r15,0.3,0.15,2010,1,18.5850366,100
x30_r15,0.3,0.15,2011,1,22.7132138,100
x30_r15,0.3,0.15,2012,1,26.5456408,100
x30_r15,0.3,0.15,2013,1,23.0867407,100
x30_r15,0.3,0.15,2014,1,27.5975662,100
x30_r20,0.3,0.2,2000,1,35.5310847,100
x30_r20,0.3,0.2,2001,1,27.3526243,100
x30_r20,0.3,0.2,2002,1,24.4939033,100
x30_r20,0.3,0.2,2003,1,27.7408964,100
x30_r20,0.3,0.2,2004,1,27.7901415,100
x30_r20,0.3,0.2,2005,1,25.7498129,100
x30_r20,0.3,0.2,2006,1,31.904185,100
x30_r20,0.3,0.2,2007,1,25.1491433,100
x30_r20,0.3,0.2,2008,1,29.2607563,100
x30_r20,0.3,0.2,2009,1,24.7808752,100
x30_r20,0.3,0.2,2010,1,32.7297521,100
x30_r20,0.3,0.2,2011,1,26.176993,100
x30_r20,0.3,0.2,2012,1,27.8696606,100
x30_r20,0.3,0.2,2013,1,21.493062,100
x30_r20,0.3,0.2,2014,1,26.0770423,100
x30_r25,0.3,0.25,2000,1,26.4259398,100
x30_r25,0.3,0.25,2001,1,27.5790609,100
x30_r25,0.3,0.25,2002,1,29.9575309,100
x30_r25,0.3,0.25,2003,1,27.2215097,100
x30_r25,0.3,0.25,2004,1,32.898938,100
x30_r25,0.3,0.25,2005,1,25.1875688,100
x30_r25,0.3,0.25,2006,1,31.4961703,100
x30_r25,0.3,0.25,2007,1,33.2759251,100
x30_r25,0.3,0.25,2008,1,27.5661555,100
x30_r25,0.3,0.25,2009,1,27.645922,100
x30_r25,0.3,0.25,2010,1,31.5003896,99
x30_r25,0.3,0.25,2011,1,29.1710943,100
x30_r25,0.3,0.25,2012,1,30.2046419,99
x30_r25,0.3,0.25,2013,1,31.7095164,100
x30_r25,0.3,0.25,2014,1,34.9939054,100
x30_r28,0.3,0.28,2000,1,36.2272354,100
x30_r28,0.3,0.28,2001,1,40.3097928,100
x30_r28,0.3,0.28,2002,1,39.6485054,100
x30_r28,0.3,0.28,2003,1,30.9831718,99
x30_r28,0.3,0.28,2004,1,45.7238037,100
x30_r28,0.3,0.28,2005,1,35.1525647,100
x30_r28,0.3,0.28,2006,1,37.446513,98
x30_r28,0.3,0.28,2007,1,38.1028147,99
x30_r28,0.3,0.28,2008,1,32.3706818,100
x30_r28,0.3,0.28,2009,1,37.2067586,100
x30_r28,0.3,0.28,2010,1,43.1149468,100
x30_r28,0.3,0.28,2011,1,36.3865435,100
x30_r28,0.3,0.28,2012,1,38.86968,100
x30_r28,0.3,0.28,2013,1,42.1018237,99
x30_r28,0.3,0.28,2014,1,35.756514,100
x40_r05,0.4,0.05,2000,1,21.8721223,100
x40_r05,0.4,0.05,2001,1,21.8614988,100
x40_r05,0.4,0.05,2002,1,25.3252627,100
x40_r05,0.4,0.05,2003,1,21.2209105,100
x40_r05,0.4,0.05,2004,1,26.8125374,100
x40_r05,0.4,0.05,2005,1,23.3301153,100
x40_r05,0.4,0.05,2006,1,20.3364866,100
x40_r05,0.4,0.05,2007,1,23.478193,100
x40_r05,0.4,0.05,2008,1,27.2046238,100
x40_r05,0.4,0.05,2009,1,31.5536089,100
x40_r05,0.4,0.05,2010,1,23.0491422,100
x40_r05,0.4,0.05,2011,1,20.6090872,100
x40_r05,0.4,0.05,2012,1,25.7877822,100
x40_r05,0.4,0.05,2013,1,20.6743408,100
x40_r05,0.4,0.05,2014,1,16.8679458,100
x40_r10,0.4,0.1,2000,1,20.369048,100
x40_r10,0.4,0.1,2001,1,18.1499105,100
x40_r10,0.4,0.1,2002,1,21.8212088,100
x40_r10,0.4,0.1,2003,1,19.2217046,100
x40_r10,0.4,0.1,2004,1,23.9485519,100
x40_r10,0.4,0.1,2005,1,20.2473708,100
x40_r10,0.4,0.1,2006,1,21.7960207,100
x40_r10,0.4,0.1,2007,1,22.8926076,100
x40_r10,0.4,0.1,2008,1,24.9143895,100
x40_r10,0.4,0.1,2009,1,24.5499722,100
x40_r10,0.4,0.1,2010,1,20.2358346,100
x40_r10,0.4,0.1,2011,1,24.8394122,100
x40_r10,0.4,0.1,2012,1,24.836255,100
x40_r10,0.4,0.1,2013,1,23.7287198,100
x40_r10,0.4,0.1,2014,1,18.3506851,100
x40_r15,0.4,0.15,2000,1,20.6556381,100
x40_r15,0.4,0.15,2001,1,20.8902436,100
x40_r15,0.4,0.15,2002,1,14.5394352,100
x40_r15,0.4,0.15,2003,1,23.1183411,100
x40_r15,0.4,0.15,2004,1,19.2772165,100
x40_r15,0.4,0.15,2005,1,24.2759057,100
x40_r15,0.4,0.15,2006,1,18.993502,100
x40_r15,0.4,0.15,2007,1,20.2468768,100
x40_r15,0.4,0.15,2008,1,18.6614222,100
x40_r15,0.4,0.15,2009,1,23.9313501,100
x40_r15,0.4,0.15,2010,1,21.7157255,100
x40_r15,0.4,0.15,2011,1,23.8542774,100
x40_r15,0.4,0.15,2012,1,19.1361017,100
x40_r15,0.4,0.15,2013,1,20.7987862,100
x40_r15,0.4,0.15,2014,1,22.9965339,100
x40_r20,0.4,0.2,2000,1,23.9552655,100
x40_r20,0.4,0.2,2001,1,19.4320552,100
x40_r20,0.4,0.2,2002,1,24.4632836,100
x40_r20,0.4,0.2,2003,1,20.7615227,100
x40_r20,0.4,0.2,2004,1,21.5369603,100
x40_r20,0.4,0.2,2005,1,21.7287127,100
x40_r20,0.4,0.2,2006,1,18.3333773,100
x40_r20,0.4,0.2,2007,1,20.4637762,100
x40_r20,0.4,0.2,2008,1,22.5957654,100
x40_r20,0.4,0.2,2009,1,24.3634677,100
x40_r20,0.4,0.2,2010,1,25.9858692,100
x40_r20,0.4,0.2,2011,1,21.4170327,100
x40_r20,0.4,0.2,2012,1,21.66821,100
x40_r20,0.4,0.2,2013,1,20.4431424,100
x40_r20,0.4,0.2,2014,1,18.7813676,100
x40_r25,0.4,0.25,2000,1,22.1660188,100
x40_r25,0.4,0.25,2001,1,21.5223242,100
x40_r25,0.4,0.25,2002,1,19.5195866,100
x40_r25,0.4,0.25,2003,1,27.4664756,100
x40_r25,0.4,0.25,2004,1,26.982793,100
x40_r25,0.4,0.25,2005,1,18.6474073,100
x40_r25,0.4,0.25,2006,1,23.5989652,100
x40_r25,0.4,0.25,2007,1,21.0251675,100
x40_r25,0.4,0.25,2008,1,21.8384348,100
x40_r25,0.4,0.25,2009,1,23.5798246,100
x40_r25,0.4,0.25,2010,1,22.3250896,100
x40_r25,0.4,0.25,2011,1,24.6352625,100
x40_r25,0.4,0.25,2012,1,23.9419662,100
x40_r25,0.4,0.25,2013,1,24.1141892,100
x40_r25,0.4,0.25,2014,1,24.3306353,100
x40_r28,0.4,0.28,2000,1,19.9648788,100
x40_r28,0.4,0.28,2001,1,25.1802583,100
x40_r28,0.4,0.28,2002,1,26.3836958,100
x40_r28,0.4,0.28,2003,1,24.2953297,100
x40_r28,0.4,0.28,2004,1,22.9740208,100
x40_r28,0.4,0.28,2005,1,23.1234721,100
x40_r28,0.4,0.28,2006,1,23.8864596,100
x40_r28,0.4,0.28,2007,1,25.2154206,100
x40_r28,0.4,0.28,2008,1,22.5372752,100
x40_r28,0.4,0.28,2009,1,24.2871747,100
x40_r28,0.4,0.28,2010,1,24.5992623,100
x40_r28,0.4,0.28,2011,1,31.534918,99
x40_r28,0.4,0.28,2012,1,25.3406234,100
x40_r28,0.4,0.28,2013,1,23.8657261,100
x40_r28,0.4,0.28,2014,1,23.4549892,100
x40_r30,0.4,0.3,2000,1,25.109404,100
x40_r30,0.4,0.3,2001,1,24.6093654,100
x40_r30,0.4,0.3,2002,1,24.8136285,100
x40_r30,0.4,0.3,2003,1,26.1686402,100
x40_r30,0.4,0.3,2004,1,23.7683338,100
x40_r30,0.4,0.3,2005,1,26.998945,100
x40_r30,0.4,0.3,2006,1,29.8346441,100
x40_r30,0.4,0.3,2007,1,22.6007955,100
x40_r30,0.4,0.3,2008,1,28.1904493,100
x40_r30,0.4,0.3,2009,1,27.2863906,100
x40_r30,0.4,0.3,2010,1,22.0232053,100
x40_r30,0.4,0.3,2011,1,23.861853,100
x40_r30,0.4,0.3,2012,1,25.5509436,100
x40_r30,0.4,0.3,2013,1,25.5007767,100
x40_r30,0.4,0.3,2014,1,21.0673892,100
x40_r32,0.4,0.32,2000,1,27.2965965,100
x40_r32,0.4,0.32,2001,1,29.7725673,99
x40_r32,0.4,0.32,2002,1,30.9274633,100
x40_r32,0.4,0.32,2003,1,26.1744467,100
x40_r32,0.4,0.32,2004,1,25.6250907,100
x40_r32,0.4,0.32,2005,1,25.6525582,100
x40_r32,0.4,0.32,2006,1,26.9785668,100
x40_r32,0.4,0.32,2007,1,24.4074434,100
x40_r32,0.4,0.32,2008,1,26.6396839,100
x40_r32,0.4,0.32,2009,1,27.0584438,100
x40_r32,0.4,0.32,2010,1,32.4244071,100
x40_r32,0.4,0.32,2011,1,22.0487969,100
x40_r32,0.4,0.32,2012,1,31.1294281,100
x40_r32,0.4,0.32,2013,1,24.5637534,100
x40_r32,0.4,0.32,2014,1,23.016633,100
x40_r33,0.4,0.33,2000,1,20.6241432,100
x40_r33,0.4,0.33,2001,1,22.0789353,100
x40_r33,0.4,0.33,2002,1,18.018046,100
x40_r33,0.4,0.33,2003,1,26.6939799,100
x40_r33,0.4,0.33,2004,1,33.6901084,100
x40_r33,0.4,0.33,2005,1,35.5225218,100
x40_r33,0.4,0.33,2006,1,23.3412349,99
x40_r33,0.4,0.33,2007,1,27.1546718,100
x40_r33,0.4,0.33,2008,1,26.2413539,100
x40_r33,0.4,0.33,2009,1,30.3393262,100
x40_r33,0.4,0.33,2010,1,19.2646541,100
x40_r33,0.4,0.33,2011,1,30.4763891,100
x40_r33,0.4,0.33,2012,1,33.004337,100
x40_r33,0.4,0.33,2013,1,31.3741681,100
x40_r33,0.4,0.33,2014,1,29.6732143,100
x40_r34,0.4,0.34,2000,1,25.4522293,100
x40_r34,0.4,0.34,2001,1,28.8259788,100
x40_r34,0.4,0.34,2002,1,31.6089921,100
x40_r34,0.4,0.34,2003,1,24.6990163,100
x40_r34,0.4,0.34,2004,1,27.6483122,100
x40_r34,0.4,0.34,2005,1,28.1880029,100
x40_r34,0.4,0.34,2006,1,29.1338553,100
x40_r34,0.4,0.34,2007,1,25.6436199,100
x40_r34,0.4,0.34,2008,1,26.1955118,100
x40_r34,0.4,0.34,2009,1,25.3130802,100
x40_r34,0.4,0.34,2010,1,23.6896433,100
x40_r34,0.4,0.34,2011,1,23.2919053,100
x40_r34,0.4,0.34,2012,1,29.3175514,100
x40_r34,0.4,0.34,2013,1,28.7557234,100
x40_r34,0.4,0.34,2014,1,22.8666559,100
x50_r05,0.5,0.05,2000,1,21.4166199,100
x50_r05,0.5,0.05,2001,1,18.4753441,100
x50_r05,0.5,0.05,2002,1,25.4161617,100
x50_r05,0.5,0.05,2003,1,28.6714171,100
x50_r05,0.5,0.05,2004,1,17.4932631,100
x50_r05,0.5,0.05,2005,1,26.7462855,100
x50_r05,0.5,0.05,2006,1,20.2264969,100
x50_r05,0.5,0.05,2007,1,19.9856825,100
x50_r05,0.5,0.05,2008,1,22.3847062,100
x50_r05,0.5,0.05,2009,1,19.9308593,100
x50_r05,0.5,0.05,2010,1,19.7703851,100
x50_r05,0.5,0.05,2011,1,20.8118246,100
x50_r05,0.5,0.05,2012,1,24.7516818,100
x50_r05,0.5,0.05,2013,1,21.738033,100
x50_r05,0.5,0.05,2014,1,26.7764568,100
x50_r10,0.5,0.1,2000,1,21.3175106,100
x50_r10,0.5,0.1,2001,1,24.3204701,100
x50_r10,0.5,0.1,2002,1,20.7366756,100
x50_r10,0.5,0.1,2003,1,21.1003433,100
x50_r10,0.5,0.1,2004,1,20.9679837,100
x50_r10,0.5,0.1,2005,1,17.9395939,100
x50_r10,0.5,0.1,2006,1,19.2384668,100
x50_r10,0.5,0.1,2007,1,23.8453461,100
x50_r10,0.5,0.1,2008,1,19.8088689,100
x50_r10,0.5,0.1,2009,1,22.7134279,100
x50_r10,0.5,0.1,2010,1,23.4646366,100
x50_r10,0.5,0.1,2011,1,22.4766657,100
x50_r10,0.5,0.1,2012,1,19.9510003,100
x50_r10,0.5,0.1,2013,1,19.5464008,100
x50_r10,0.5,0.1,2014,1,20.5120975,100
x50_r15,0.5,0.15,2000,1,20.8997852,100
x50_r15,0.5,0.15,2001,1,21.489124,100
x50_r15,0.5,0.15,2002,1,20.0326593,100
x50_r15,0.5,0.15,2003,1,20.2518494,100
x50_r15,0.5,0.15,2004,1,21.5882191,100
x50_r15,0.5,0.15,2005,1,17.6301454,100
x50_r15,0.5,0.15,2006,1,18.1882572,100
x50_r15,0.5,0.15,2007,1,24.3275041,100
x50_r15,0.5,0.15,2008,1,21.6104348,100
x50_r15,0.5,0.15,2009,1,21.1312621,100
x50_r15,0.5,0.15,2010,1,21.5386452,100
x50_r15,0.5,0.15,2011,1,23.8754256,100
x50_r15,0.5,0.15,2012,1,24.0603529,100
x50_r15,0.5,0.15,2013,1,21.9152392,100
x50_r15,0.5,0.15,2014,1,19.2663416,100
x50_r20,0.5,0.2,2000,1,16.8854451,100
x50_r20,0.5,0.2,2001,1,19.1964499,100
x50_r20,0.5,0.2,2002,1,18.4124767,100
x50_r20,0.5,0.2,2003,1,17.0653373,100
x50_r20,0.5,0.2,2004,1,21.9452522,100
x50_r20,0.5,0.2,2005,1,18.5163826,100
x50_r20,0.5,0.2,2006,1,20.6788976,100
x50_r20,0.5,0.2,2007,1,15.9542372,100
x50_r20,0.5,0.2,2008,1,24.9837602,100
x50_r20,0.5,0.2,2009,1,20.5769821,100
x50_r20,0.5,0.2,2010,1,19.6686517,100
x50_r20,0.5,0.2,2011,1,20.5966609,100
x50_r20,0.5,0.2,2012,1,17.1691085,100
x50_r20,0.5,0.2,2013,1,16.2165142,100
x50_r20,0.5,0.2,2014,1,22.9221817,100
x50_r25,0.5,0.25,2000,1,17.8797474,100
x50_r25,0.5,0.25,2001,1,18.4347799,100
x50_r25,0.5,0.25,2002,1,22.5197694,100
x50_r25,0.5,0.25,2003,1,19.1024428,100
x50_r25,0.5,0.25,2004,1,21.231331,100
x50_r25,0.5,0.25,2005,1,15.2462682,100
x50_r25,0.5,0.25,2006,1,17.781285,100
x50_r25,0.5,0.25,2007,1,18.1071894,100
x50_r25,0.5,0.25,2008,1,22.9519987,100
x50_r25,0.5,0.25,2009,1,15.3866641,100
x50_r25,0.5,0.25,2010,1,17.6189214,100
x50_r25,0.5,0.25,2011,1,21.8076324,100
x50_r25,0.5,0.25,2012,1,19.0297169,100
x50_r25,0.5,0.25,2013,1,15.0438681,100
x50_r25,0.5,0.25,2014,1,17.9549697,100
x50_r28,0.5,0.28,2000,1,22.6213197,100
x50_r28,0.5,0.28,2001,1,15.9340767,100
x50_r28,0.5,0.28,2002,1,19.0387208,100
x50_r28,0.5,0.28,2003,1,20.2517531,100
x50_r28,0.5,0.28,2004,1,18.8763302,100
x50_r28,0.5,0.28,2005,1,21.8014552,100
x50_r28,0.5,0.28,2006,1,16.3509938,100
x50_r28,0.5,0.28,2007,1,18.1724597,100
x50_r28,0.5,0.28,2008,1,19.7863477,100
x50_r28,0.5,0.28,2009,1,16.6928783,100
x50_r28,0.5,0.28,2010,1,16.743056,100
x50_r28,0.5,0.28,2011,1,18.3770363,100
x50_r28,0.5,0.28,2012,1,19.1550821,100
x50_r28,0.5,0.28,2013,1,20.1569815,100
x50_r28,0.5,0.28,2014,1,16.8594091,100
x50_r30,0.5,0.3,2000,1,18.9444036,100
x50_r30,0.5,0.3,2001,1,22.7138963,100
x50_r30,0.5,0.3,2002,1,19.1789274,100
x50_r30,0.5,0.3,2003,1,18.1571188,100
x50_r30,0.5,0.3,2004,1,18.3146743,100
x50_r30,0.5,0.3,2005,1,17.4158509,100
x50_r30,0.5,0.3,2006,1,20.4377976,100
x50_r30,0.5,0.3,2007,1,19.0070237,100
x50_r30,0.5,0.3,2008,1,18.6814147,100
x50_r30,0.5,0.3,2009,1,19.0244204,100
x50_r30,0.5,0.3,2010,1,19.7397464,100
x50_r30,0.5,0.3,2011,1,17.8444606,100
x50_r30,0.5,0.3,2012,1,16.6718835,100
x50_r30,0.5,0.3,2013,1,19.4941689,100
x50_r30,0.5,0.3,2014,1,18.9863651,100
x50_r32,0.5,0.32,2000,1,17.4155608,100
x50_r32,0.5,0.32,2001,1,17.2723084,100
x50_r32,0.5,0.32,2002,1,17.4126272,100
x50_r32,0.5,0.32,2003,1,18.0707571,100
x50_r32,0.5,0.32,2004,1,18.3121439,100
x50_r32,0.5,0.32,2005,1,21.6130531,100
x50_r32,0.5,0.32,2006,1,20.6538767,100
x50_r32,0.5,0.32,2007,1,18.7727363,100
x50_r32,0.5,0.32,2008,1,15.8818209,100
x50_r32,0.5,0.32,2009,1,19.8883999,100
x50_r32,0.5,0.32,2010,1,14.9657854,100
x50_r32,0.5,0.32,2011,1,18.4573344,100
x50_r32,0.5,0.32,2012,1,22.5342636,100
x50_r32,0.5,0.32,2013,1,21.5960754,100
x50_r32,0.5,0.32,2014,1,23.2306958,100
x50_r33,0.5,0.33,2000,1,16.8795552,100
x50_r33,0.5,0.33,2001,1,19.279759,100
x50_r33,0.5,0.33,2002,1,17.4663644,100
x50_r33,0.5,0.33,2003,1,15.8122214,100
x50_r33,0.5,0.33,2004,1,18.3108792,100
x50_r33,0.5,0.33,2005,1,17.1381029,100
x50_r33,0.5,0.33,2006,1,17.185193,100
x50_r33,0.5,0.33,2007,1,15.7754449,100
x50_r33,0.5,0.33,2008,1,19.1804875,100
x50_r33,0.5,0.33,2009,1,15.6789859,100
x50_r33,0.5,0.33,2010,1,18.8763438,100
x50_r33,0.5,0.33,2011,1,24.5887643,100
x50_r33,0.5,0.33,2012,1,18.5363946,100
x50_r33,0.5,0.33,2013,1,20.9772088,100
x50_r33,0.5,0.33,2014,1,20.7596358,100
x50_r34,0.5,0.34,2000,1,20.6229785,100
x50_r34,0.5,0.34,2001,1,19.5908838,100
x50_r34,0.5,0.34,2002,1,18.5544937,100
x50_r34,0.5,0.34,2003,1,21.1384314,100
x50_r34,0.5,0.34,2004,1,18.3099034,100
x50_r34,0.5,0.34,2005,1,16.9944249,100
x50_r34,0.5,0.34,2006,1,20.6095294,100
x50_r34,0.5,0.34,2007,1,17.6310938,100
x50_r34,0.5,0.34,2008,1,22.8592414,100
x50_r34,0.5,0.34,2009,1,19.1075976,100
x50_r34,0.5,0.34,2010,1,21.2788103,100
x50_r34,0.5,0.34,2011,1,18.8199911,100
x50_r34,0.5,0.34,2012,1,16.7328419,100
x50_r34,0.5,0.34,2013,1,17.4027076,100
x50_r34,0.5,0.34,2014,1,14.15455,100
x60_r05,0.6,0.05,2000,1,25.2467539,100
x60_r05,0.6,0.05,2001,1,24.2814751,100
x60_r05,0.6,0.05,2002,1,23.2071945,100
x60_r05,0.6,0.05,2003,1,18.2451755,100
x60_r05,0.6,0.05,2004,1,17.0098777,100
x60_r05,0.6,0.05,2005,1,15.9240362,100
x60_r05,0.6,0.05,2006,1,25.9753545,100
x60_r05,0.6,0.05,2007,1,22.7517427,100
x60_r05,0.6,0.05,2008,1,19.1504551,100
x60_r05,0.6,0.05,2009,1,22.1565474,100
x60_r05,0.6,0.05,2010,1,20.4721028,100
x60_r05,0.6,0.05,2011,1,19.8914182,100
x60_r05,0.6,0.05,2012,1,20.2530587,100
x60_r05,0.6,0.05,2013,1,18.8058393,100
x60_r05,0.6,0.05,2014,1,21.5253727,100
x60_r10,0.6,0.1,2000,1,19.1201647,100
x60_r10,0.6,0.1,2001,1,25.2965377,100
x60_r10,0.6,0.1,2002,1,15.5342674,100
x60_r10,0.6,0.1,2003,1,23.5056502,100
x60_r10,0.6,0.1,2004,1,18.7048212,100
x60_r10,0.6,0.1,2005,1,19.6403163,100
x60_r10,0.6,0.1,2006,1,22.227487,100
x60_r10,0.6,0.1,2007,1,20.7105894,100
x60_r10,0.6,0.1,2008,1,28.4269722,100
x60_r10,0.6,0.1,2009,1,19.791212,100
x60_r10,0.6,0.1,2010,1,22.2797994,100
x60_r10,0.6,0.1,2011,1,19.7591427,100
x60_r10,0.6,0.1,2012,1,23.1235172,100
x60_r10,0.6,0.1,2013,1,21.3748049,100
x60_r10,0.6,0.1,2014,1,21.9552745,100
x60_r15,0.6,0.15,2000,1,22.0890218,100
x60_r15,0.6,0.15,2001,1,18.5043745,100
x60_r15,0.6,0.15,2002,1,18.06933,100
x60_r15,0.6,0.15,2003,1,19.6346682,100
x60_r15,0.6,0.15,2004,1,20.3636385,100
x60_r15,0.6,0.15,2005,1,19.4230697,100
x60_r15,0.6,0.15,2006,1,22.4667817,100
x60_r15,0.6,0.15,2007,1,22.0677935,100
x60_r15,0.6,0.15,2008,1,24.1961373,100
x60_r15,0.6,0.15,2009,1,17.6294467,100
x60_r15,0.6,0.15,2010,1,22.2896587,100
x60_r15,0.6,0.15,2011,1,20.594266,100
x60_r15,0.6,0.15,2012,1,22.6751322,100
x60_r15,0.6,0.15,2013,1,17.1548572,100
x60_r15,0.6,0.15,2014,1,20.3186175,100
x60_r20,0.6,0.2,2000,1,21.7090717,100
x60_r20,0.6,0.2,2001,1,16.0290191,100
x60_r20,0.6,0.2,2002,1,21.5100052,100
x60_r20,0.6,0.2,2003,1,21.5978423,100
x60_r20,0.6,0.2,2004,1,18.3946985,100
x60_r20,0.6,0.2,2005,1,19.2100099,100
x60_r20,0.6,0.2,2006,1,21.7106729,100
x60_r20,0.6,0.2,2007,1,23.449432,100
x60_r20,0.6,0.2,2008,1,17.1044206,100
x60_r20,0.6,0.2,2009,1,17.5174833,100
x60_r20,0.6,0.2,2010,1,15.3227406,100
x60_r20,0.6,0.2,2011,1,19.6504853,100
x60_r20,0.6,0.2,2012,1,17.8014652,100
x60_r20,0.6,0.2,2013,1,17.1396466,100
x60_r20,0.6,0.2,2014,1,19.5723287,100
x60_r25,0.6,0.25,2000,1,18.3733449,100
x60_r25,0.6,0.25,2001,1,14.7963435,100
x60_r25,0.6,0.25,2002,1,19.7661823,100
x60_r25,0.6,0.25,2003,1,16.3302107,100
x60_r25,0.6,0.25,2004,1,15.9516948,100
x60_r25,0.6,0.25,2005,1,18.4764787,100
x60_r25,0.6,0.25,2006,1,17.1405589,100
x60_r25,0.6,0.25,2007,1,19.1554167,100
x60_r25,0.6,0.25,2008,1,15.3825948,100
x60_r25,0.6,0.25,2009,1,17.2851577,100
x60_r25,0.6,0.25,2010,1,16.8789767,100
x60_r25,0.6,0.25,2011,1,14.6172517,100
x60_r25,0.6,0.25,2012,1,17.8583257,100
x60_r25,0.6,0.25,2013,1,19.0915259,100
x60_r25,0.6,0.25,2014,1,17.6414885,100
x60_r28,0.6,0.28,2000,1,14.9232421,100
x60_r28,0.6,0.28,2001,1,18.4206823,100
x60_r28,0.6,0.28,2002,1,18.445315,100
x60_r28,0.6,0.28,2003,1,16.0275024,100
x60_r28,0.6,0.28,2004,1,16.0859998,100
x60_r28,0.6,0.28,2005,1,18.9684074,100
x60_r28,0.6,0.28,2006,1,15.413742,100
x60_r28,0.6,0.28,2007,1,16.2613731,100
x60_r28,0.6,0.28,2008,1,17.1881024,100
x60_r28,0.6,0.28,2009,1,15.6744653,100
x60_r28,0.6,0.28,2010,1,15.9914213,100
x60_r28,0.6,0.28,2011,1,22.0782758,100
x60_r28,0.6,0.28,2012,1,17.0427238,100
x60_r28,0.6,0.28,2013,1,21.9408049,100
x60_r28,0.6,0.28,2014,1,13.9970867,100
x60_r30,0.6,0.3,2000,1,17.3413233,100
x60_r30,0.6,0.3,2001,1,15.3969996,100
x60_r30,0.6,0.3,2002,1,14.2564531,100
x60_r30,0.6,0.3,2003,1,18.5241106,100
x60_r30,0.6,0.3,2004,1,15.6101215,100
x60_r30,0.6,0.3,2005,1,16.4905537,100
x60_r30,0.6,0.3,2006,1,14.1354527,100
x60_r30,0.6,0.3,2007,1,16.8473582,100
x60_r30,0.6,0.3,2008,1,16.6702192,100
x60_r30,0.6,0.3,2009,1,19.9939758,100
x60_r30,0.6,0.3,2010,1,18.0811087,100
x60_r30,0.6,0.3,2011,1,16.7503448,100
x60_r30,0.6,0.3,2012,1,13.5484925,100
x60_r30,0.6,0.3,2013,1,17.1301547,100
x60_r30,0.6,0.3,2014,1,17.8358007,100
x60_r32,0.6,0.32,2000,1,16.8942972,100
x60_r32,0.6,0.32,2001,1,15.9518383,100
x60_r32,0.6,0.32,2002,1,14.1543015,100
x60_r32,0.6,0.32,2003,1,13.8116413,100
x60_r32,0.6,0.32,2004,1,15.9651808,100
x60_r32,0.6,0.32,2005,1,16.6457493,100
x60_r32,0.6,0.32,2006,1,18.5125073,100
x60_r32,0.6,0.32,2007,1,14.8733201,100
x60_r32,0.6,0.32,2008,1,16.4225813,100
x60_r32,0.6,0.32,2009,1,16.4732014,100
x60_r32,0.6,0.32,2010,1,11.9692563,100
x60_r32,0.6,0.32,2011,1,15.999838,100
x60_r32,0.6,0.32,2012,1,14.5057192,100
x60_r32,0.6,0.32,2013,1,20.4717355,100
x60_r32,0.6,0.32,2014,1,12.4697179,100
x60_r33,0.6,0.33,2000,1,19.1705579,100
x60_r33,0.6,0.33,2001,1,14.6679112,100
x60_r33,0.6,0.33,2002,1,16.623612,100
x60_r33,0.6,0.33,2003,1,16.1299593,100
x60_r33,0.6,0.33,2004,1,14.9608314,100
x60_r33,0.6,0.33,2005,1,18.2383604,100
x60_r33,0.6,0.33,2006,1,14.5554253,100
x60_r33,0.6,0.33,2007,1,19.1227779,100
x60_r33,0.6,0.33,2008,1,13.9932071,100
x60_r33,0.6,0.33,2009,1,15.9702967,100
x60_r33,0.6,0.33,2010,1,16.0682015,100
x60_r33,0.6,0.33,2011,1,18.4682784,100
x60_r33,0.6,0.33,2012,1,14.1830966,100
x60_r33,0.6,0.33,2013,1,16.8931302,100
x60_r33,0.6,0.33,2014,1,15.3594861,100
x60_r34,0.6,0.34,2000,1,14.4088118,100
x60_r34,0.6,0.34,2001,1,14.8827997,100
x60_r34,0.6,0.34,2002,1,19.4479212,100
x60_r34,0.6,0.34,2003,1,14.1649777,100
x60_r34,0.6,0.34,2004,1,13.9921628,100
x60_r34,0.6,0.34,2005,1,15.6985723,100
x60_r34,0.6,0.34,2006,1,14.4679962,100
x60_r34,0.6,0.34,2007,1,14.676462,100
x60_r34,0.6,0.34,2008,1,13.0531814,100
x60_r34,0.6,0.34,2009,1,16.9326635,100
x60_r34,0.6,0.34,2010,1,12.7493306,100
x60_r34,0.6,0.34,2011,1,16.0483472,100
x60_r34,0.6,0.34,2012,1,13.8249682,100
x60_r34,0.6,0.34,2013,1,16.0744991,100
x60_r34,0.6,0.34,2014,1,16.8658922,100
