model,density,particle_count,side,cells_per_side,cutoff,speed,time_step,eta,realizations,stationary_start,polarization_mean,polarization_std,cluster_mean,cluster_std,cim_time_ns_mean
vicsek,0.11,11,10.0,9,1.0,0.03,1.0,0.0,10,4000.0,0.9999914647955899,2.699068623115731e-05,0.9810470982109042,0.059934337923022815,2084.8037493751044
vicsek,0.11,11,10.0,9,1.0,0.03,1.0,0.125,10,4000.0,0.8324222469805855,0.068932383779811,0.8234400327218191,0.08641785030578941,2449.991184802533
vicsek,0.11,11,10.0,9,1.0,0.03,1.0,0.25,10,4000.0,0.5705909009981803,0.06301717274743729,0.5773461998757783,0.07532082685936645,2036.9035994001
vicsek,0.11,11,10.0,9,1.0,0.03,1.0,0.375,10,4000.0,0.3983420638113664,0.03826085809635357,0.38812319158928055,0.07529343786572348,1664.5350274954174
vicsek,0.11,11,10.0,9,1.0,0.03,1.0,0.5,10,4000.0,0.33253361338476073,0.018373416910149615,0.3309478723243096,0.05300347751318758,1567.788485252458
vicsek,0.11,11,10.0,9,1.0,0.03,1.0,0.625,10,4000.0,0.29395535896879244,0.0070288794891180005,0.2943660905000681,0.04734449842262228,1489.8860689885018
vicsek,0.11,11,10.0,9,1.0,0.03,1.0,0.75,10,4000.0,0.2757217003623828,0.0028723075631203947,0.22876490281922707,0.04410734783121461,1423.4280286618898
vicsek,0.11,11,10.0,9,1.0,0.03,1.0,0.875,10,4000.0,0.27030286417781924,0.0010935103270944275,0.20695793125388193,0.03648210579596423,1413.0171304782536
vicsek,0.11,11,10.0,9,1.0,0.03,1.0,1.0,10,4000.0,0.2681686056776776,0.0015502027814801973,0.1975079910923937,0.035816048611314474,1343.071854690885
vicsek,0.16,16,10.0,9,1.0,0.03,1.0,0.0,10,4000.0,0.9999960418598498,1.2516738172435004e-05,0.9864241376437259,0.042930646246765965,2934.9683219463423
vicsek,0.16,16,10.0,9,1.0,0.03,1.0,0.125,10,4000.0,0.8556802867774016,0.03209626430024011,0.8365564072654557,0.03257510405032238,3715.922979503416
vicsek,0.16,16,10.0,9,1.0,0.03,1.0,0.25,10,4000.0,0.6378083997488525,0.08244488912542786,0.669969588401933,0.10745653483297388,3387.937710381603
vicsek,0.16,16,10.0,9,1.0,0.03,1.0,0.375,10,4000.0,0.42525219344630827,0.04574471952614373,0.4637331278120313,0.08919730845206147,2694.25989001833
vicsek,0.16,16,10.0,9,1.0,0.03,1.0,0.5,10,4000.0,0.30603275241543154,0.016866947883785222,0.33867792867855356,0.05532185922513954,2255.720513247792
vicsek,0.16,16,10.0,9,1.0,0.03,1.0,0.625,10,4000.0,0.25178323205269837,0.008569835478149542,0.2705403266122313,0.047380403389854046,1978.0140309948342
vicsek,0.16,16,10.0,9,1.0,0.03,1.0,0.75,10,4000.0,0.22992804471019976,0.002310595731923407,0.22218276120646557,0.03669049399948493,1806.3731211464758
vicsek,0.16,16,10.0,9,1.0,0.03,1.0,0.875,10,4000.0,0.22338756881275587,0.0020081148275937926,0.18570863189468423,0.029184526448356264,1738.015497417097
vicsek,0.16,16,10.0,9,1.0,0.03,1.0,1.0,10,4000.0,0.2220792047883143,0.000938883889212585,0.17310239960006665,0.02384232643339825,1691.519480086652
vicsek,0.32,32,10.0,9,1.0,0.03,1.0,0.0,10,4000.0,0.933755785657761,0.2094615328332364,0.9416529536743876,0.1486395973265043,5490.434660889851
vicsek,0.32,32,10.0,9,1.0,0.03,1.0,0.125,10,4000.0,0.9170704185701982,0.022093950336297973,0.909503624395934,0.04539539654889699,9469.437677053826
vicsek,0.32,32,10.0,9,1.0,0.03,1.0,0.25,10,4000.0,0.7020306631397959,0.06722207134097456,0.7712032369605065,0.08492218243089113,8555.538360273287
vicsek,0.32,32,10.0,9,1.0,0.03,1.0,0.375,10,4000.0,0.46051848728699313,0.04245668245371776,0.5826851774704216,0.06633659686915645,6730.171638060323
vicsek,0.32,32,10.0,9,1.0,0.03,1.0,0.5,10,4000.0,0.2976304066200789,0.03420636954206483,0.42473650224962506,0.08514348938859005,5385.76707215464
vicsek,0.32,32,10.0,9,1.0,0.03,1.0,0.625,10,4000.0,0.19785930612412458,0.009484676816280924,0.28795096650558244,0.06256188312812155,4110.433744375938
vicsek,0.32,32,10.0,9,1.0,0.03,1.0,0.75,10,4000.0,0.16789163757645292,0.0021199178889756976,0.2217984502582903,0.030534626664465044,3616.048741876354
vicsek,0.32,32,10.0,9,1.0,0.03,1.0,0.875,10,4000.0,0.1593152486294768,0.0011483806640569015,0.18301428928511915,0.025675945508927815,3590.256073987669
vicsek,0.32,32,10.0,9,1.0,0.03,1.0,1.0,10,4000.0,0.157143330344784,0.0008028945551305851,0.1619204090984836,0.03178494679259312,3597.3759040159975
voter,0.11,11,10.0,9,1.0,0.03,1.0,0.0,10,4000.0,0.9811980998975699,0.05646613809287088,0.9265046734635136,0.1335412905953507,1977.4161806365605
voter,0.11,11,10.0,9,1.0,0.03,1.0,0.125,10,4000.0,0.5932910980207932,0.06542133720164343,0.6349244822832558,0.1258650211811135,2157.6363606065656
voter,0.11,11,10.0,9,1.0,0.03,1.0,0.25,10,4000.0,0.39075014316006557,0.021661045871561844,0.4284588932147672,0.07025950879312534,1777.5703049491754
voter,0.11,11,10.0,9,1.0,0.03,1.0,0.375,10,4000.0,0.32135766022512857,0.011103939838991213,0.3367968974867825,0.06873828239344137,1632.9057657057158
voter,0.11,11,10.0,9,1.0,0.03,1.0,0.5,10,4000.0,0.29232848055340216,0.004938761569474817,0.28315735256245167,0.04315056705701979,1532.539460089985
voter,0.11,11,10.0,9,1.0,0.03,1.0,0.625,10,4000.0,0.27928976925179816,0.0026982714751496986,0.28148490403114634,0.06514683020024536,1449.0234627562072
voter,0.11,11,10.0,9,1.0,0.03,1.0,0.75,10,4000.0,0.27320456788136693,0.0026075192069320856,0.2471436578752026,0.08226592325108095,1430.9059990001665
voter,0.11,11,10.0,9,1.0,0.03,1.0,0.875,10,4000.0,0.2696701307850577,0.0019975914076697187,0.21969368741573372,0.05664783829566771,1415.0824362606231
voter,0.11,11,10.0,9,1.0,0.03,1.0,1.0,10,4000.0,0.2683250710434291,0.0019933218649191274,0.19798669918649922,0.028714831163645545,1406.0260289951675
voter,0.16,16,10.0,9,1.0,0.03,1.0,0.0,10,4000.0,1.0,1.890641683868921e-16,0.875,0.1839950180484968,2930.947408765206
voter,0.16,16,10.0,9,1.0,0.03,1.0,0.125,10,4000.0,0.510338840705894,0.024525419117615074,0.5522892017997,0.06419486420051199,2889.081436427262
voter,0.16,16,10.0,9,1.0,0.03,1.0,0.25,10,4000.0,0.35818277602151183,0.011209209679780487,0.4626541409765039,0.06623570166086115,2550.470854857524
voter,0.16,16,10.0,9,1.0,0.03,1.0,0.375,10,4000.0,0.2784533224738964,0.010458375991905734,0.32412202132977835,0.06969399574380011,2208.8135810698213
voter,0.16,16,10.0,9,1.0,0.03,1.0,0.5,10,4000.0,0.24958897392129478,0.004930847090904054,0.2924408431928012,0.04427560109284511,2151.1034494250957
voter,0.16,16,10.0,9,1.0,0.03,1.0,0.625,10,4000.0,0.23318838409742826,0.00344739971258916,0.23520871521413098,0.04805006144654678,1936.0616897183802
voter,0.16,16,10.0,9,1.0,0.03,1.0,0.75,10,4000.0,0.22712858784724252,0.0016313500529163746,0.22067676220629892,0.0663840058185923,2061.5704215964006
voter,0.16,16,10.0,9,1.0,0.03,1.0,0.875,10,4000.0,0.2234597960295465,0.0013204973197207775,0.17957319613397765,0.021275107585034713,1739.4531911348108
voter,0.16,16,10.0,9,1.0,0.03,1.0,1.0,10,4000.0,0.22238584143338952,0.0017614171691257951,0.1653422346275621,0.025708713512767968,1603.8123479420096
voter,0.32,32,10.0,9,1.0,0.03,1.0,0.0,10,4000.0,0.999925360868871,0.0002360296569439233,0.9271595359106815,0.15960452600909936,5892.959823362773
voter,0.32,32,10.0,9,1.0,0.03,1.0,0.125,10,4000.0,0.4478885758095118,0.025339234934644107,0.603472337943676,0.05905702565244625,7103.311064822529
voter,0.32,32,10.0,9,1.0,0.03,1.0,0.25,10,4000.0,0.27199065037382636,0.007022763962102814,0.41536410598233625,0.046227285092099675,5328.576220629895
voter,0.32,32,10.0,9,1.0,0.03,1.0,0.375,10,4000.0,0.2119685746368989,0.005024895903056237,0.34803418180303286,0.06792848413586354,4582.985585735711
voter,0.32,32,10.0,9,1.0,0.03,1.0,0.5,10,4000.0,0.1831529971842976,0.0016122242562298594,0.2710725295784036,0.038195292227786164,4082.7444592567904
voter,0.32,32,10.0,9,1.0,0.03,1.0,0.625,10,4000.0,0.16771564764253674,0.0008519828444186938,0.2534098483586069,0.057569658101991016,3861.360856523913
voter,0.32,32,10.0,9,1.0,0.03,1.0,0.75,10,4000.0,0.1598551933685251,0.0009962389849187143,0.2055433469421763,0.0388315729008184,3522.7275954007664
voter,0.32,32,10.0,9,1.0,0.03,1.0,0.875,10,4000.0,0.15725695166171533,0.000990047808194036,0.18735367022162971,0.02848593069259461,3358.3201133144476
voter,0.32,32,10.0,9,1.0,0.03,1.0,1.0,10,4000.0,0.1571466206793864,0.0008971442576158513,0.1451185219130145,0.02145613241890225,3102.286652224629
